块,键,值1,值2,值3,值4
说明,WAPE=Σ|y−ŷ|/Σy（A1 C9 主指标）；十分位按 y_true 划分,K=10,Σy=3263457元,Σ|err|=1111694元,
y十分位,"D1 y∈[0.7,39.6]",n=1117,Σy份额=0.0073,Σ|err|份额=0.0504,WAPE区间=2.3656; APE中位=2.0457; APE_P90=8.7673; 有向偏差中位=+2.0457
y十分位,"D2 y∈[39.6,72.0]",n=1117,Σy份额=0.0190,Σ|err|份额=0.0558,WAPE区间=1.0013; APE中位=0.6253; APE_P90=2.4795; 有向偏差中位=+0.5717
y十分位,"D3 y∈[72.0,106.6]",n=1116,Σy份额=0.0304,Σ|err|份额=0.0584,WAPE区间=0.6546; APE中位=0.4410; APE_P90=1.6055; 有向偏差中位=+0.2107
y十分位,"D4 y∈[106.6,148.4]",n=1117,Σy份额=0.0434,Σ|err|份额=0.0648,WAPE区间=0.5088; APE中位=0.3609; APE_P90=1.2145; 有向偏差中位=+0.0748
y十分位,"D5 y∈[148.5,200.2]",n=1117,Σy份额=0.0595,Σ|err|份额=0.0829,WAPE区间=0.4748; APE中位=0.3345; APE_P90=1.1517; 有向偏差中位=+0.1361
y十分位,"D6 y∈[200.2,268.6]",n=1116,Σy份额=0.0798,Σ|err|份额=0.0849,WAPE区间=0.3621; APE中位=0.2913; APE_P90=0.7793; 有向偏差中位=+0.0181
y十分位,"D7 y∈[268.6,355.1]",n=1117,Σy份额=0.1060,Σ|err|份额=0.1041,WAPE区间=0.3346; APE中位=0.2900; APE_P90=0.6705; 有向偏差中位=-0.0394
y十分位,"D8 y∈[355.3,475.2]",n=1116,Σy份额=0.1403,Σ|err|份额=0.1262,WAPE区间=0.3064; APE中位=0.2856; APE_P90=0.5858; 有向偏差中位=-0.0370
y十分位,"D9 y∈[475.4,676.1]",n=1117,Σy份额=0.1942,Σ|err|份额=0.1609,WAPE区间=0.2823; APE中位=0.2662; APE_P90=0.5284; 有向偏差中位=-0.1024
y十分位,"D10 y∈[676.6,3171.5]",n=1117,Σy份额=0.3202,Σ|err|份额=0.2115,WAPE区间=0.2251; APE中位=0.1909; APE_P90=0.4467; 有向偏差中位=-0.1167
重尾证据,头部十分位(D10)贡献,Σy份额=0.3202,Σ|err|份额=0.2115,,
重尾证据,y≥P95 的 5% 行贡献,Σy份额=0.1900,Σ|err|份额=0.1222,,
异方差,"Spearman(|残差|, y)",ρ=0.4724,p=0.00e+00,,
异方差,"Spearman(APE, y)",ρ=-0.4533,p=0.00e+00,,
异方差,|残差|中位 随十分位（D1→D10）,33→35→40→47→59→68→87→115→152→171,单调 Spearman ρ=1.0000,,
异方差,解读,绝对误差随 y 单调放大（异方差），相对误差(AGE)随 y 变化平缓,WAPE 为加权绝对口径，误差集中在头部十分位,,
loglog基线,log10(y)=a+b·log10(索赔金额) 全量拟合,b=0.9410,R²=0.6098,池化WAPE(带smearing)=0.4545,池化WAPE(不带)=0.4277
loglog基线,口径,分层5折（种子20251004，stratified_folds 与 a6_03 同实现）；φ_fold 用折内 4 折 OOF（A5 §3.3 同式）,,,
线性族对比,3种子主口径WAPE均值(20251004~06),LGBM_A=0.340186,ElasticNet=0.342149,OLS=0.342427,B3=0.456043; B4=0.409828
线性族对比,差距（3种子均值）,EN−LGBM=+0.001963,OLS−LGBM=+0.002241,B4−LGBM=+0.069642,B3−LGBM=+0.115856
线性族对比,3种子极差,LGBM_A=0.000866,EN=0.000803,OLS=0.000738,"种子区间: LGBM[0.3398,0.3406] EN[0.3417,0.3425]"
线性族对比,行序口径,LGBM_A=0.335708,ElasticNet=0.334109,OLS=0.333424,行序下 OLS 0.3334 略优于 LGBM 0.3357（A6 已如实报告）
线性族对比,loglog单特征基线(本次实验),池化WAPE=0.454500,与LGBM_A差距=+0.114314,与EN差距=+0.112351,口径差：本次为单种子5折池化 vs A6 三种子均值，仅作量级参照
结论素材,T5 视角,索赔金额 Spearman +0.8069 一枝独秀（A3 T5），log-log 单特征即达 ~0.455 量级,线性族与 LGBM 差距 ~0.002 << B4 差距 ~0.070：目标可预测部分主要由索赔金额的（近）对数线性结构承载,模型族增益存在但小；特征信息量表述须保守（D11-③/A2-17）,
