问题,项目,口径,数值,区间或极差,溯源,判定
Q1,V6① 边界CI相对宽度中位,g1 / g2（bootstrap B=1000，95%，约定）,"①g1 相对CI宽中位=0.2071, g2=0.4803",门槛中段箱 ≤1.0,q1_自检表.csv 行7（V6）,PASS
Q1,V6① 逐箱相对宽度范围,g1: 箱1~5；g2: 箱1~5,"g1∈[0.1620,0.3330]","g2∈[0.2498,0.8102]",q1_边界_bootstrapCI.csv 全表,g2 箱1 最宽 0.8102（严重界小计数箱）
Q1,V6② bootstrap 标签翻转率中位,"θ*=(5,0.86,0.98)，in-bag 口径",0.010298,约定门槛 ≤1%（相对超出 3.0%，D23 如实报告）,q1_自检表.csv 行7（V6）；a6_01 日志行21,FAIL（超限，D23 维持冻结）
Q1,V6② τ 邻域翻转率范围（own 口径）,"B=5，τ1∈{0.85,0.86,0.87}×τ2∈{0.975,0.98,0.985}，每格 1000 次","[0.009492,0.010835]",9 格全部 ≤0.0108（与 θ* 的 0.0103 同量级）→ 非择优偶然，属边界固有不确定度,a7_翻转带敏感性.csv 行2-10（a7_01）,佐证 D23 预案甲
Q1,V6② B 邻域翻转率范围（own 口径）,"τ=(0.86,0.98)，B∈{10,15,20}","[0.013701,0.016925]",B 增大翻转率上升（箱变小、边界变密）→ θ*.B=5 为稳健性最优端,a7_翻转带敏感性.csv 行11-13（a7_01）,
Q1,V6③ 3种子×5折 s_c 极差最大,类占比 s_c,0.0051,门槛 ≤1pp,q1_自检表.csv 行7（V6）,PASS
Q1,占比（V1，软先验）,s_合/s_偏/s_严,0.8599/0.1200/0.0201,偏离 C2 带：Δ合=+0.0099、Δ严=-0.0099（如实报告）,q1_定稿配置.json labels_props,PASS
Q2,LGBM_变体A 3种子分层WAPE,20251004/05/06 池化 OOF,均值=0.3402,"范围[0.3398,0.3406]，极差=0.0009；主种子95%CI [0.3347,0.3463]",q2_指标汇总.csv（模型行）,定稿变体
Q2,ElasticNet 3种子分层WAPE,20251004/05/06 池化 OOF,均值=0.3421,"范围[0.3417,0.3425]，极差=0.0008；主种子95%CI [0.3365,0.3483]",q2_指标汇总.csv（模型行）,线性族对照
Q2,OLS 3种子分层WAPE,20251004/05/06 池化 OOF,均值=0.3424,"范围[0.3420,0.3427]，极差=0.0007；主种子95%CI [0.3367,0.3485]",q2_指标汇总.csv（模型行）,线性族对照
Q2,B3_单参数比 3种子分层WAPE,20251004/05/06 池化 OOF,均值=0.4560,"范围[0.4560,0.4561]，极差=0.0002；主种子95%CI [0.4473,0.4645]",q2_指标汇总.csv（模型行）,基线
Q2,B4_分段比 3种子分层WAPE,20251004/05/06 池化 OOF,均值=0.4098,"范围[0.4096,0.4101]，极差=0.0004；主种子95%CI [0.4034,0.4166]",q2_指标汇总.csv（模型行）,基线
Q2,LGBM_变体B 3种子分层WAPE,20251004/05/06 池化 OOF,均值=0.5572,"范围[0.5571,0.5573]，极差=0.0002；主种子95%CI [0.5498,0.5646]",q2_指标汇总.csv（模型行）,Huber 淘汰变体
Q2,LGBM_变体A 行序外推 WAPE,前 80% 训练 / 后 20% 验证（U3/D19）,0.3357,"95%CI [0.3233,0.3497]",q2_指标汇总.csv LGBM_变体A/行序外推 行,低于分层口径，行序更苛未见恶化
Q2,行序口径线性族对照,OLS/EN/LGBM,OLS=0.3334 / EN=0.3341 / LGBM=0.3357,行序下 OLS 略优 0.0023（如实报告）,q2_指标汇总.csv 行序外推行,如实报告项
Q3,方式2 主配置 3种子分层宏F1,20251004/05/06 池化 OOF,均值=0.6603,"范围[0.6521,0.6704]，极差=0.0183",q3_指标汇总.csv 方式2主配置/分层5折 行,极差 0.0183 主要来自严重类小样本波动
Q3,方式2 主种子宏F1 bootstrap CI,行级重抽 B=1000（A6 已有）,0.6704,"[0.6466,0.6928]",q3_指标汇总.csv 主种子行 宏F1_CI 列,3 种子极差 0.0183 与 CI 宽 0.046 同量级 → 种子不改变结论
Q3,方式2 行序外推宏F1,前 80%/后 20%,0.6710,"[0.6141,0.7227]",q3_指标汇总.csv 行序行,与分层 0.6704 一致（D19 双口径一致）
Q3,严重类 recall 行级 bootstrap CI（权威）,分层5折 主种子（A6 已有）,0.3200,"[0.2583,0.3810]",q3_指标汇总.csv 主种子行 严重类recall_CI 列,n_严=225，CI 宽 0.123
Q3,严重类 recall 行级 bootstrap CI（权威）,行序外推（A6 已有）,0.3636,"[0.2188,0.5122]",q3_指标汇总.csv 行序行 严重类recall_CI 列,n_严=44，CI 宽 0.293（极宽）
Q3,严重类 recall 二项自助 CI（补充）,"分层5折 种子=20251004；n=225, k=72",0.3200,"[0.2622,0.3779]",a7_05 二项自助 B=2000（严重行内重抽，忽略折间相关，轻量口径）；recall 溯源 q3_指标汇总.csv,主种子以 A6 行级 CI 为权威
Q3,严重类 recall 二项自助 CI（补充）,"分层5折 种子=20251005；n=225, k=61",0.2711,"[0.2178,0.3290]",a7_05 二项自助 B=2000（严重行内重抽，忽略折间相关，轻量口径）；recall 溯源 q3_指标汇总.csv,主种子以 A6 行级 CI 为权威
Q3,严重类 recall 二项自助 CI（补充）,"分层5折 种子=20251006；n=225, k=65",0.2889,"[0.2356,0.3511]",a7_05 二项自助 B=2000（严重行内重抽，忽略折间相关，轻量口径）；recall 溯源 q3_指标汇总.csv,主种子以 A6 行级 CI 为权威
Q3,方式1 严重类 recall 二项自助 CI（补充）,"分层5折 主种子；n=225, k=39",0.1733,"[0.1244,0.2223]",a7_05 二项自助 B=2000；recall 溯源 q3_指标汇总.csv 方式1行,方式1 严重类 recall 显著低于方式2
Q3,杠杆收益双口径（D24 限定）,主配置−消融A0,分层 +0.0175 / 行序 -0.0212,A0：分层 0.6529 / 行序 0.6922（方向反转）,q3_消融矩阵.csv 消融A0 行；a7_双口径分解.csv,杠杆提升宏F1 的结论仅限分层口径（D24）
Q3,概率标定（D25 局限）,主配置 vs 消融A0 的 OOF log loss,0.2386 vs 0.2208,M3-4 均衡权重的结构性失准（R-07）,q3_指标汇总.csv/q3_消融矩阵.csv OOF_logloss 列,记录为局限
Q3,两路线一致率 / 边界带翻转率,分层5折 主种子池化,一致率 0.9756；边界带(δ=0.1)248 行翻转率 0.4073,δ 敏感性与机制量化见 a7_04,q3_两路线对比.csv 行6；a7_q3误差传导.csv,
附件2,方式2 预测占比,合/偏/严 = 2518/254/20,0.9019/0.0910/0.0072,严重 20 行支撑极小；为确定性预测无抽样 CI，不确定性由 Q3 模型 CI 传导,附件2_风险预测.csv value_counts；q3_两路线对比.csv 行10,严重 0.72% 低于 C2 带上限（局限清单项）
附件2,赔付预测范围,min/max,8.12 / 1455.73 元,无保价截断（T9）,附件2_赔付预测.csv；q2_定稿配置.json 执行.预测统计,
