块,键,行数,行占比,行均翻转频率_全量口径,翻转质量占比_全量口径
距离带,"[0,0.5%)",58,0.005193874809707173,0.43451724137931025,0.21690148118184713
距离带,"[0.5%,1%)",40,0.003581982627384257,0.382175,0.1315678494892031
距离带,"[1%,2%)",65,0.005820721769499418,0.2933692307692308,0.1641177027480614
距离带,"[2%,5%)",252,0.02256649055252082,0.12175,0.2640565964661635
距离带,"[5%,10%)",428,0.03832721411301155,0.021549065420560745,0.07937792083724213
距离带,"[10%,20%)",851,0.07620668039760008,0.009002350176263219,0.06593453881970204
距离带,"[20%,50%)",2495,0.22342616638309304,0.003634468937875752,0.07804391045778072
距离带,>=50%,6978,0.6248768693471837,0.0,0.0
距离带,距离<2%中贴g1(偏高界),109,0.0097609026596221,0.376302752293578,0.3530135724797962
距离带,距离<2%中贴g2(严重界),54,0.004835676546968747,0.3433518518518519,0.15957346093931543
转移方向,合理诉求→诉求偏高,43659,,,0.37575199456068026
转移方向,合理诉求→严重超额,0,,,0.0
转移方向,诉求偏高→合理诉求,40928,,,0.35224759232642805
转移方向,诉求偏高→严重超额,17568,,,0.15119931836372869
转移方向,严重超额→合理诉求,5,,,4.3032592885851746e-05
转移方向,严重超额→诉求偏高,14031,,,0.12075806215627717
风险集,任一次重估即翻转的行(频率>0),927,0.08301244738963016,0.12534088457389428,
风险集,高频翻转行(频率>=5%),471,0.04217784543744963,0.2337154989384289,0.947405564974912
风险集,翻转频率按行秩前10%行,11167,1.0,0.010404853586460107,1.0
复核,a6_01 V6② 翻转率中位（in-bag）,11167,0.01029820005372974,0.010404853586460107,
