网格,B,tau1,tau2,draws,flip_own_中位,flip_own_P25,flip_own_P75,flip_vsθ星_中位,flip_vsθ星_P25,flip_vsθ星_P75,确定性重标差异率,是否θ星
τ邻域,5,0.85,0.975,1000,0.010835497447837378,0.009134055699829856,0.012716038327214112,0.017730814005552074,0.015223426166383093,0.02032775141040566,0.014775678337960061,False
τ邻域,5,0.85,0.98,1000,0.010566848750783559,0.008686307871406824,0.012290677890212232,0.014865227903644668,0.012805587892898719,0.017193516611444436,0.009850452225306706,False
τ邻域,5,0.85,0.985,1000,0.010119100922360527,0.008328109608668397,0.011820542670368049,0.01737261574281365,0.015492074863436912,0.019432255753559596,0.014775678337960061,False
τ邻域,5,0.86,0.975,1000,0.010656398316468165,0.008954956568460643,0.012447389630160293,0.013163786155637146,0.01128324527626041,0.014954777469329274,0.004925226112653353,False
τ邻域,5,0.86,0.98,1000,0.01029820005372974,0.008596758305722218,0.011999641801737262,0.01029820005372974,0.008596758305722218,0.011999641801737262,0.0,True
τ邻域,5,0.86,0.985,1000,0.0097609026596221,0.00823856004298379,0.011462344407629624,0.0125369391958449,0.01099220918778544,0.014417480075221634,0.004925226112653353,False
τ邻域,5,0.87,0.975,1000,0.01029820005372974,0.008596758305722218,0.012089191367421868,0.017462165308498253,0.01504432703501388,0.0195218053192442,0.014775678337960061,False
τ邻域,5,0.87,0.98,1000,0.009940001790991315,0.008328109608668397,0.011641443538998836,0.014507029640906242,0.012156353541685323,0.016656219217336794,0.009850452225306706,False
τ邻域,5,0.87,0.985,1000,0.009492253962568281,0.00794752395450882,0.011104146144891197,0.016745768783021402,0.014327930509537028,0.019454643144980747,0.014775678337960061,False
B邻域,10,0.86,0.98,1000,0.013701083549744784,0.012089191367421868,0.015424912689173457,0.04907316199516432,0.04638667502462613,0.05167009940001791,0.04692397241873377,False
B邻域,15,0.86,0.98,1000,0.01576072356049073,0.014059281812483209,0.01728306617712904,0.05086415330885645,0.0487149637324259,0.05319244201665622,0.04826721590400287,False
B邻域,20,0.86,0.98,1000,0.016924867914390615,0.0153129757320677,0.018626309662398137,0.051759648965702516,0.04987910808632578,0.05399838810781768,0.051222351571594875,False
