块,键,行数,行占比,行均翻转频率_全量口径,翻转质量占比_全量口径,CI2.5,CI97.5,相对宽度
边界CI,箱1_g1,2234,,,,311.98734499999995,354.76324999999997,0.3330354438756644
边界CI,箱1_g2,2234,,,,758.918865,862.985355,0.8102185024427276
边界CI,箱2_g1,2233,,,,535.40653,621.7995149999997,0.27694497515627414
边界CI,箱2_g2,2233,,,,1195.399305000001,1345.22,0.48027150184324074
边界CI,箱3_g1,2233,,,,758.2768199999999,842.7800400000002,0.18487216959460995
边界CI,箱3_g2,2233,,,,1608.64,1866.2569600000004,0.563602266512066
边界CI,箱4_g1,2233,,,,1038.9918400000001,1140.54,0.16195362189403825
边界CI,箱4_g2,2233,,,,2119.13,2334.371600000001,0.3432770884501305
边界CI,箱5_g1,2234,,,,2024.61,2254.1506699999995,0.20710778975291286
边界CI,箱5_g2,2234,,,,3339.6748900000007,3616.5186000000053,0.24978793032667124
