fold,index
0,5
0,10
0,11
0,19
0,26
0,28
0,29
0,41
0,42
0,43
0,46
0,58
0,60
0,61
0,63
0,71
0,82
0,84
0,88
0,91
0,95
0,106
0,107
0,115
0,117
0,119
0,121
0,123
0,132
0,134
0,135
0,141
0,144
0,145
0,148
0,150
0,153
0,159
0,180
0,184
0,187
0,191
0,194
0,196
0,197
0,202
0,204
0,208
0,209
0,212
0,213
0,215
0,216
0,218
0,224
0,226
0,234
0,252
0,265
0,268
0,283
0,295
0,296
0,310
0,317
0,318
0,321
0,326
0,331
0,336
0,344
0,350
0,351
0,369
0,370
0,375
0,380
0,383
0,396
0,401
0,417
0,418
0,421
0,425
0,434
0,443
0,445
0,446
0,448
0,449
0,456
0,460
0,461
0,473
0,474
0,487
0,506
0,508
0,510
0,511
0,520
0,521
0,534
0,535
0,536
0,545
0,546
0,550
0,554
0,559
0,560
0,561
0,567
0,575
0,578
0,582
0,584
0,594
0,597
0,598
0,603
0,612
0,614
0,621
0,628
0,634
0,636
0,638
0,639
0,640
0,642
0,643
0,647
0,651
0,653
0,676
0,679
0,688
0,695
0,715
0,718
0,720
0,726
0,727
0,733
0,749
0,772
0,784
0,791
0,793
0,795
0,807
0,812
0,814
0,816
0,818
0,825
0,835
0,839
0,841
0,842
0,852
0,856
0,857
0,859
0,860
0,869
0,875
0,888
0,893
0,894
0,897
0,898
0,901
0,905
0,909
0,910
0,911
0,912
0,918
0,921
0,931
0,932
0,934
0,955
0,966
0,969
0,972
0,983
0,986
0,989
0,996
0,1001
0,1021
0,1023
0,1036
0,1039
0,1043
0,1049
0,1062
0,1069
0,1072
0,1073
0,1076
0,1085
0,1093
0,1095
0,1102
0,1111
0,1113
0,1121
0,1122
0,1134
0,1140
0,1141
0,1146
0,1152
0,1155
0,1161
0,1174
0,1182
0,1185
0,1186
0,1191
0,1194
0,1195
0,1204
0,1205
0,1209
0,1211
0,1217
0,1223
0,1227
0,1229
0,1233
0,1235
0,1242
0,1243
0,1245
0,1248
0,1257
0,1258
0,1260
0,1265
0,1271
0,1276
0,1279
0,1282
0,1286
0,1289
0,1298
0,1301
0,1302
0,1307
0,1314
0,1315
0,1322
0,1326
0,1330
0,1333
0,1339
0,1342
0,1348
0,1349
0,1356
0,1362
0,1364
0,1365
0,1366
0,1369
0,1375
0,1377
0,1378
0,1383
0,1387
0,1388
0,1391
0,1393
0,1398
0,1406
0,1410
0,1413
0,1423
0,1426
0,1428
0,1436
0,1439
0,1440
0,1444
0,1452
0,1455
0,1456
0,1457
0,1463
0,1468
0,1469
0,1470
0,1475
0,1479
0,1482
0,1485
0,1491
0,1493
0,1496
0,1497
0,1500
0,1506
0,1508
0,1509
0,1511
0,1518
0,1520
0,1525
0,1527
0,1540
0,1551
0,1563
0,1575
0,1577
0,1582
0,1592
0,1595
0,1609
0,1611
0,1613
0,1614
0,1617
0,1618
0,1633
0,1639
0,1642
0,1644
0,1645
0,1646
0,1647
0,1648
0,1650
0,1652
0,1653
0,1654
0,1655
0,1660
0,1662
0,1672
0,1676
0,1685
0,1686
0,1687
0,1690
0,1696
0,1697
0,1699
0,1706
0,1708
0,1713
0,1717
0,1718
0,1734
0,1735
0,1739
0,1748
0,1766
0,1767
0,1768
0,1773
0,1779
0,1790
0,1807
0,1814
0,1817
0,1825
0,1828
0,1829
0,1835
0,1838
0,1841
0,1848
0,1850
0,1852
0,1856
0,1860
0,1863
0,1865
0,1880
0,1882
0,1886
0,1901
0,1902
0,1912
0,1916
0,1924
0,1930
0,1934
0,1935
0,1938
0,1944
0,1945
0,1946
0,1952
0,1962
0,1982
0,1983
0,1984
0,1985
0,1993
0,1994
0,1997
0,2009
0,2012
0,2013
0,2014
0,2015
0,2022
0,2023
0,2030
0,2032
0,2037
0,2044
0,2049
0,2056
0,2065
0,2067
0,2078
0,2080
0,2083
0,2084
0,2085
0,2086
0,2090
0,2091
0,2102
0,2109
0,2113
0,2117
0,2119
0,2123
0,2127
0,2129
0,2130
0,2131
0,2137
0,2149
0,2161
0,2162
0,2165
0,2171
0,2179
0,2185
0,2190
0,2191
0,2192
0,2205
0,2207
0,2213
0,2223
0,2227
0,2229
0,2235
0,2238
0,2243
0,2255
0,2256
0,2257
0,2264
0,2270
0,2280
0,2281
0,2282
0,2285
0,2286
0,2287
0,2290
0,2302
0,2304
0,2309
0,2310
0,2312
0,2313
0,2317
0,2322
0,2333
0,2334
0,2335
0,2337
0,2339
0,2340
0,2344
0,2346
0,2359
0,2362
0,2367
0,2368
0,2369
0,2371
0,2388
0,2393
0,2396
0,2397
0,2401
0,2419
0,2423
0,2441
0,2446
0,2447
0,2456
0,2458
0,2459
0,2461
0,2467
0,2472
0,2473
0,2477
0,2483
0,2493
0,2496
0,2499
0,2500
0,2512
0,2516
0,2518
0,2528
0,2539
0,2564
0,2567
0,2568
0,2569
0,2579
0,2581
0,2593
0,2599
0,2600
0,2603
0,2604
0,2607
0,2613
0,2618
0,2624
0,2627
0,2634
0,2635
0,2639
0,2651
0,2653
0,2662
0,2668
0,2670
0,2682
0,2683
0,2684
0,2687
0,2691
0,2692
0,2695
0,2710
0,2712
0,2715
0,2718
0,2719
0,2726
0,2728
0,2730
0,2732
0,2737
0,2739
0,2742
0,2743
0,2748
0,2752
0,2758
0,2770
0,2771
0,2774
0,2782
0,2783
0,2788
0,2790
0,2795
0,2796
0,2799
0,2802
0,2815
0,2816
0,2817
0,2819
0,2821
0,2822
0,2823
0,2824
0,2829
0,2832
0,2835
0,2838
0,2843
0,2849
0,2855
0,2862
0,2863
0,2865
0,2867
0,2869
0,2873
0,2886
0,2890
0,2897
0,2899
0,2908
0,2916
0,2920
0,2921
0,2923
0,2930
0,2934
0,2942
0,2951
0,2959
0,2965
0,2968
0,2973
0,2976
0,2978
0,2980
0,2981
0,2986
0,2987
0,2991
0,2995
0,2996
0,2999
0,3002
0,3004
0,3010
0,3013
0,3021
0,3027
0,3041
0,3046
0,3056
0,3060
0,3062
0,3066
0,3073
0,3078
0,3080
0,3085
0,3092
0,3094
0,3095
0,3099
0,3104
0,3106
0,3107
0,3117
0,3119
0,3122
0,3125
0,3129
0,3137
0,3147
0,3148
0,3153
0,3154
0,3155
0,3158
0,3159
0,3164
0,3178
0,3199
0,3207
0,3214
0,3216
0,3219
0,3220
0,3221
0,3225
0,3228
0,3239
0,3250
0,3251
0,3252
0,3257
0,3259
0,3262
0,3264
0,3268
0,3270
0,3279
0,3286
0,3292
0,3298
0,3299
0,3301
0,3306
0,3324
0,3327
0,3333
0,3342
0,3357
0,3365
0,3366
0,3370
0,3371
0,3375
0,3386
0,3394
0,3413
0,3414
0,3417
0,3421
0,3423
0,3431
0,3436
0,3439
0,3442
0,3443
0,3447
0,3453
0,3455
0,3457
0,3465
0,3466
0,3471
0,3473
0,3481
0,3483
0,3491
0,3498
0,3503
0,3504
0,3509
0,3512
0,3526
0,3532
0,3534
0,3539
0,3543
0,3547
0,3556
0,3565
0,3574
0,3581
0,3584
0,3587
0,3588
0,3593
0,3601
0,3606
0,3623
0,3628
0,3631
0,3632
0,3636
0,3640
0,3643
0,3645
0,3656
0,3659
0,3662
0,3670
0,3676
0,3682
0,3684
0,3690
0,3691
0,3693
0,3694
0,3699
0,3700
0,3701
0,3702
0,3705
0,3706
0,3710
0,3719
0,3723
0,3724
0,3726
0,3737
0,3748
0,3750
0,3768
0,3769
0,3774
0,3776
0,3783
0,3785
0,3786
0,3788
0,3793
0,3798
0,3805
0,3808
0,3811
0,3834
0,3843
0,3846
0,3853
0,3854
0,3860
0,3862
0,3865
0,3868
0,3869
0,3872
0,3873
0,3884
0,3885
0,3889
0,3890
0,3898
0,3915
0,3924
0,3929
0,3938
0,3943
0,3954
0,3956
0,3970
0,3972
0,3974
0,3975
0,3977
0,3980
0,3985
0,3993
0,3994
0,3995
0,3996
0,3999
0,4004
0,4009
0,4011
0,4018
0,4024
0,4026
0,4032
0,4039
0,4043
0,4053
0,4059
0,4061
0,4062
0,4064
0,4069
0,4071
0,4078
0,4079
0,4086
0,4100
0,4101
0,4104
0,4106
0,4120
0,4132
0,4144
0,4151
0,4152
0,4153
0,4155
0,4157
0,4162
0,4163
0,4169
0,4182
0,4185
0,4190
0,4193
0,4194
0,4201
0,4207
0,4208
0,4213
0,4218
0,4232
0,4234
0,4237
0,4240
0,4247
0,4248
0,4252
0,4253
0,4255
0,4256
0,4257
0,4263
0,4268
0,4276
0,4282
0,4288
0,4292
0,4294
0,4297
0,4300
0,4309
0,4312
0,4346
0,4351
0,4352
0,4353
0,4354
0,4355
0,4356
0,4359
0,4360
0,4371
0,4374
0,4391
0,4393
0,4407
0,4412
0,4416
0,4418
0,4432
0,4437
0,4450
0,4451
0,4454
0,4465
0,4481
0,4484
0,4485
0,4487
0,4488
0,4505
0,4512
0,4520
0,4522
0,4533
0,4538
0,4541
0,4549
0,4552
0,4553
0,4554
0,4571
0,4573
0,4574
0,4578
0,4581
0,4589
0,4593
0,4595
0,4597
0,4607
0,4608
0,4613
0,4617
0,4623
0,4624
0,4630
0,4633
0,4641
0,4643
0,4645
0,4648
0,4654
0,4666
0,4669
0,4673
0,4687
0,4690
0,4691
0,4692
0,4693
0,4704
0,4705
0,4709
0,4714
0,4717
0,4720
0,4721
0,4725
0,4729
0,4731
0,4734
0,4736
0,4743
0,4750
0,4751
0,4754
0,4757
0,4761
0,4769
0,4770
0,4772
0,4775
0,4777
0,4780
0,4784
0,4790
0,4796
0,4797
0,4806
0,4807
0,4811
0,4819
0,4831
0,4843
0,4847
0,4850
0,4851
0,4853
0,4865
0,4866
0,4867
0,4876
0,4879
0,4886
0,4899
0,4911
0,4912
0,4914
0,4922
0,4927
0,4929
0,4936
0,4937
0,4938
0,4940
0,4944
0,4948
0,4950
0,4951
0,4953
0,4954
0,4955
0,4967
0,4971
0,4973
0,4978
0,4981
0,4984
0,4993
0,5007
0,5010
0,5014
0,5016
0,5023
0,5030
0,5035
0,5037
0,5039
0,5054
0,5056
0,5061
0,5062
0,5064
0,5067
0,5068
0,5069
0,5076
0,5084
0,5085
0,5099
0,5103
0,5115
0,5116
0,5118
0,5121
0,5123
0,5124
0,5126
0,5127
0,5129
0,5136
0,5139
0,5146
0,5150
0,5156
0,5160
0,5183
0,5184
0,5193
0,5197
0,5198
0,5202
0,5210
0,5211
0,5222
0,5232
0,5245
0,5253
0,5255
0,5256
0,5258
0,5259
0,5265
0,5269
0,5284
0,5289
0,5295
0,5302
0,5310
0,5311
0,5314
0,5317
0,5318
0,5321
0,5322
0,5324
0,5325
0,5326
0,5329
0,5334
0,5346
0,5347
0,5362
0,5366
0,5372
0,5377
0,5383
0,5388
0,5389
0,5391
0,5397
0,5399
0,5400
0,5415
0,5417
0,5421
0,5423
0,5427
0,5428
0,5436
0,5440
0,5441
0,5445
0,5450
0,5452
0,5456
0,5462
0,5465
0,5466
0,5476
0,5478
0,5480
0,5481
0,5482
0,5485
0,5494
0,5495
0,5507
0,5509
0,5511
0,5512
0,5513
0,5514
0,5525
0,5531
0,5532
0,5545
0,5550
0,5558
0,5563
0,5564
0,5565
0,5567
0,5570
0,5578
0,5581
0,5584
0,5590
0,5597
0,5601
0,5603
0,5607
0,5608
0,5612
0,5622
0,5626
0,5627
0,5634
0,5663
0,5668
0,5675
0,5677
0,5680
0,5696
0,5706
0,5714
0,5725
0,5726
0,5732
0,5733
0,5737
0,5738
0,5741
0,5745
0,5752
0,5756
0,5757
0,5790
0,5792
0,5795
0,5798
0,5800
0,5802
0,5806
0,5813
0,5816
0,5822
0,5829
0,5830
0,5831
0,5833
0,5837
0,5839
0,5858
0,5875
0,5878
0,5883
0,5892
0,5897
0,5905
0,5906
0,5912
0,5921
0,5925
0,5933
0,5934
0,5937
0,5941
0,5949
0,5955
0,5965
0,5972
0,5976
0,5987
0,5991
0,6002
0,6003
0,6015
0,6017
0,6019
0,6022
0,6026
0,6027
0,6047
0,6081
0,6084
0,6085
0,6087
0,6089
0,6096
0,6097
0,6099
0,6107
0,6115
0,6116
0,6118
0,6120
0,6124
0,6139
0,6140
0,6147
0,6151
0,6155
0,6158
0,6164
0,6178
0,6179
0,6196
0,6209
0,6218
0,6226
0,6237
0,6239
0,6249
0,6259
0,6262
0,6263
0,6266
0,6269
0,6286
0,6287
0,6289
0,6298
0,6299
0,6302
0,6307
0,6310
0,6314
0,6318
0,6322
0,6323
0,6329
0,6332
0,6341
0,6342
0,6345
0,6348
0,6356
0,6357
0,6358
0,6359
0,6373
0,6379
0,6396
0,6398
0,6405
0,6410
0,6419
0,6423
0,6425
0,6433
0,6437
0,6438
0,6440
0,6444
0,6446
0,6460
0,6474
0,6477
0,6481
0,6490
0,6492
0,6493
0,6494
0,6506
0,6507
0,6510
0,6512
0,6522
0,6523
0,6526
0,6532
0,6535
0,6536
0,6539
0,6548
0,6550
0,6557
0,6586
0,6593
0,6594
0,6597
0,6613
0,6614
0,6618
0,6621
0,6625
0,6630
0,6633
0,6639
0,6646
0,6655
0,6662
0,6665
0,6668
0,6672
0,6676
0,6677
0,6683
0,6685
0,6694
0,6696
0,6720
0,6726
0,6728
0,6729
0,6741
0,6746
0,6748
0,6756
0,6760
0,6771
0,6785
0,6786
0,6790
0,6791
0,6793
0,6796
0,6799
0,6800
0,6806
0,6809
0,6817
0,6820
0,6824
0,6826
0,6852
0,6853
0,6858
0,6870
0,6875
0,6880
0,6882
0,6885
0,6887
0,6891
0,6896
0,6905
0,6915
0,6916
0,6924
0,6925
0,6935
0,6952
0,6965
0,6977
0,6982
0,6990
0,6991
0,6994
0,7002
0,7004
0,7006
0,7011
0,7014
0,7023
0,7025
0,7026
0,7032
0,7034
0,7040
0,7044
0,7045
0,7047
0,7049
0,7056
0,7059
0,7061
0,7063
0,7069
0,7071
0,7075
0,7084
0,7088
0,7092
0,7101
0,7104
0,7119
0,7121
0,7124
0,7126
0,7139
0,7140
0,7150
0,7154
0,7158
0,7159
0,7162
0,7163
0,7168
0,7176
0,7182
0,7183
0,7187
0,7189
0,7190
0,7194
0,7197
0,7200
0,7204
0,7211
0,7218
0,7226
0,7227
0,7230
0,7233
0,7242
0,7249
0,7251
0,7262
0,7265
0,7269
0,7272
0,7273
0,7275
0,7278
0,7280
0,7286
0,7294
0,7302
0,7304
0,7309
0,7321
0,7322
0,7324
0,7332
0,7333
0,7335
0,7340
0,7354
0,7360
0,7367
0,7374
0,7379
0,7392
0,7393
0,7401
0,7403
0,7405
0,7409
0,7417
0,7424
0,7430
0,7437
0,7441
0,7448
0,7459
0,7462
0,7473
0,7486
0,7489
0,7495
0,7506
0,7510
0,7514
0,7519
0,7520
0,7527
0,7534
0,7538
0,7545
0,7559
0,7565
0,7571
0,7584
0,7586
0,7587
0,7599
0,7605
0,7609
0,7611
0,7615
0,7619
0,7620
0,7621
0,7622
0,7625
0,7626
0,7627
0,7629
0,7636
0,7637
0,7639
0,7645
0,7647
0,7651
0,7652
0,7662
0,7671
0,7672
0,7675
0,7679
0,7682
0,7685
0,7687
0,7692
0,7698
0,7699
0,7701
0,7709
0,7711
0,7715
0,7719
0,7724
0,7730
0,7731
0,7732
0,7744
0,7749
0,7752
0,7755
0,7773
0,7785
0,7786
0,7787
0,7796
0,7798
0,7799
0,7802
0,7811
0,7815
0,7818
0,7819
0,7824
0,7832
0,7837
0,7852
0,7856
0,7857
0,7860
0,7861
0,7869
0,7881
0,7884
0,7888
0,7897
0,7907
0,7916
0,7918
0,7926
0,7930
0,7935
0,7940
0,7942
0,7950
0,7960
0,7967
0,7968
0,7971
0,7974
0,7978
0,7979
0,7980
0,7988
0,7991
0,7992
0,7993
0,7995
0,8000
0,8002
0,8007
0,8011
0,8017
0,8018
0,8019
0,8023
0,8027
0,8030
0,8053
0,8054
0,8057
0,8059
0,8064
0,8065
0,8078
0,8080
0,8093
0,8095
0,8098
0,8100
0,8101
0,8127
0,8129
0,8139
0,8141
0,8145
0,8149
0,8151
0,8160
0,8166
0,8167
0,8173
0,8182
0,8187
0,8199
0,8206
0,8211
0,8215
0,8216
0,8217
0,8219
0,8222
0,8229
0,8230
0,8247
0,8257
0,8258
0,8259
0,8260
0,8270
0,8273
0,8274
0,8286
0,8289
0,8291
0,8292
0,8294
0,8295
0,8297
0,8299
0,8301
0,8303
0,8307
0,8317
0,8318
0,8319
0,8320
0,8324
0,8333
0,8344
0,8345
0,8350
0,8353
0,8354
0,8364
0,8373
0,8374
0,8378
0,8390
0,8396
0,8399
0,8403
0,8410
0,8433
0,8434
0,8435
0,8439
0,8449
0,8458
0,8460
0,8461
0,8465
0,8467
0,8468
0,8469
0,8477
0,8479
0,8486
0,8487
0,8494
0,8496
0,8499
0,8503
0,8510
0,8513
0,8515
0,8524
0,8530
0,8532
0,8544
0,8553
0,8557
0,8562
0,8563
0,8575
0,8579
0,8586
0,8590
0,8592
0,8600
0,8623
0,8624
0,8631
0,8635
0,8639
0,8644
0,8648
0,8652
0,8657
0,8659
0,8662
0,8665
0,8669
0,8677
0,8680
0,8681
0,8685
0,8691
0,8692
0,8697
0,8699
0,8704
0,8709
0,8711
0,8716
0,8726
0,8730
0,8732
0,8751
0,8756
0,8757
0,8761
0,8769
0,8770
0,8772
0,8775
0,8777
0,8779
0,8780
0,8785
0,8793
0,8807
0,8810
0,8815
0,8816
0,8819
0,8821
0,8828
0,8838
0,8840
0,8861
0,8866
0,8868
0,8877
0,8882
0,8883
0,8884
0,8887
0,8897
0,8901
0,8906
0,8909
0,8911
0,8913
0,8914
0,8916
0,8918
0,8927
0,8942
0,8944
0,8945
0,8952
0,8955
0,8957
0,8959
0,8963
0,8966
0,8968
0,8970
0,8971
0,8977
0,8978
0,8979
0,8982
0,8983
0,8985
0,8986
0,8991
0,8994
0,8995
0,8996
0,8997
0,9002
0,9004
0,9005
0,9007
0,9018
0,9030
0,9038
0,9042
0,9047
0,9049
0,9051
0,9057
0,9058
0,9060
0,9064
0,9067
0,9069
0,9070
0,9071
0,9092
0,9094
0,9099
0,9103
0,9108
0,9110
0,9113
0,9121
0,9123
0,9138
0,9144
0,9148
0,9159
0,9161
0,9166
0,9182
0,9193
0,9196
0,9199
0,9203
0,9205
0,9206
0,9211
0,9213
0,9226
0,9228
0,9231
0,9234
0,9235
0,9238
0,9246
0,9265
0,9273
0,9281
0,9287
0,9290
0,9295
0,9299
0,9301
0,9314
0,9315
0,9323
0,9328
0,9330
0,9344
0,9346
0,9350
0,9360
0,9378
0,9381
0,9385
0,9393
0,9398
0,9405
0,9409
0,9414
0,9415
0,9418
0,9421
0,9422
0,9425
0,9434
0,9436
0,9439
0,9444
0,9445
0,9450
0,9456
0,9459
0,9460
0,9463
0,9468
0,9474
0,9493
0,9506
0,9511
0,9515
0,9519
0,9530
0,9535
0,9542
0,9543
0,9555
0,9558
0,9568
0,9576
0,9577
0,9579
0,9583
0,9586
0,9588
0,9597
0,9609
0,9610
0,9611
0,9615
0,9616
0,9617
0,9623
0,9624
0,9626
0,9635
0,9640
0,9652
0,9662
0,9672
0,9676
0,9684
0,9687
0,9693
0,9696
0,9701
0,9709
0,9716
0,9717
0,9722
0,9723
0,9725
0,9728
0,9735
0,9736
0,9737
0,9739
0,9744
0,9747
0,9761
0,9772
0,9775
0,9781
0,9804
0,9806
0,9809
0,9816
0,9821
0,9823
0,9832
0,9835
0,9842
0,9843
0,9862
0,9865
0,9875
0,9876
0,9877
0,9878
0,9879
0,9887
0,9889
0,9891
0,9892
0,9897
0,9900
0,9906
0,9915
0,9919
0,9923
0,9926
0,9927
0,9930
0,9932
0,9942
0,9944
0,9945
0,9946
0,9948
0,9949
0,9951
0,9953
0,9954
0,9956
0,9960
0,9966
0,9967
0,9976
0,9977
0,9981
0,9987
0,9998
0,10006
0,10007
0,10010
0,10015
0,10021
0,10022
0,10023
0,10025
0,10030
0,10033
0,10034
0,10035
0,10038
0,10040
0,10041
0,10044
0,10056
0,10057
0,10060
0,10065
0,10068
0,10088
0,10091
0,10095
0,10098
0,10103
0,10109
0,10116
0,10117
0,10118
0,10120
0,10128
0,10130
0,10136
0,10137
0,10139
0,10143
0,10147
0,10148
0,10150
0,10152
0,10153
0,10156
0,10159
0,10164
0,10165
0,10167
0,10172
0,10174
0,10178
0,10199
0,10205
0,10216
0,10221
0,10222
0,10229
0,10240
0,10242
0,10243
0,10253
0,10254
0,10260
0,10261
0,10275
0,10279
0,10288
0,10294
0,10305
0,10314
0,10318
0,10319
0,10323
0,10329
0,10330
0,10335
0,10337
0,10341
0,10349
0,10360
0,10374
0,10380
0,10384
0,10396
0,10400
0,10407
0,10412
0,10422
0,10444
0,10452
0,10457
0,10458
0,10463
0,10472
0,10477
0,10479
0,10485
0,10495
0,10497
0,10511
0,10514
0,10534
0,10539
0,10546
0,10551
0,10559
0,10565
0,10571
0,10575
0,10581
0,10589
0,10590
0,10595
0,10597
0,10621
0,10625
0,10630
0,10633
0,10642
0,10644
0,10649
0,10655
0,10656
0,10657
0,10658
0,10661
0,10663
0,10679
0,10682
0,10690
0,10705
0,10720
0,10722
0,10724
0,10726
0,10729
0,10731
0,10736
0,10749
0,10750
0,10751
0,10754
0,10758
0,10763
0,10764
0,10774
0,10775
0,10779
0,10790
0,10795
0,10801
0,10814
0,10822
0,10825
0,10826
0,10831
0,10832
0,10839
0,10842
0,10846
0,10854
0,10858
0,10868
0,10874
0,10878
0,10885
0,10889
0,10895
0,10897
0,10898
0,10908
0,10917
0,10943
0,10957
0,10958
0,10959
0,10961
0,10969
0,10982
0,10984
0,10987
0,10991
0,11000
0,11010
0,11019
0,11020
0,11021
0,11025
0,11028
0,11033
0,11062
0,11080
0,11089
0,11092
0,11093
0,11095
0,11096
0,11098
0,11099
0,11102
0,11106
0,11107
0,11112
0,11115
0,11116
0,11120
0,11123
0,11124
0,11129
0,11133
0,11154
0,11158
0,11166
1,13
1,14
1,17
1,20
1,21
1,22
1,24
1,31
1,34
1,38
1,47
1,50
1,55
1,68
1,73
1,75
1,79
1,81
1,89
1,92
1,99
1,111
1,116
1,125
1,128
1,131
1,142
1,143
1,147
1,151
1,155
1,157
1,171
1,173
1,175
1,176
1,198
1,199
1,200
1,205
1,206
1,219
1,220
1,223
1,229
1,230
1,245
1,251
1,259
1,262
1,263
1,267
1,270
1,271
1,273
1,278
1,279
1,281
1,285
1,293
1,305
1,306
1,313
1,319
1,325
1,330
1,333
1,335
1,349
1,353
1,360
1,362
1,368
1,376
1,377
1,398
1,400
1,405
1,411
1,413
1,419
1,427
1,428
1,430
1,432
1,433
1,436
1,437
1,444
1,472
1,476
1,478
1,483
1,491
1,492
1,499
1,500
1,501
1,503
1,504
1,505
1,512
1,518
1,527
1,533
1,537
1,540
1,543
1,547
1,553
1,563
1,569
1,580
1,581
1,583
1,592
1,595
1,604
1,606
1,609
1,611
1,617
1,619
1,635
1,644
1,654
1,655
1,657
1,658
1,660
1,661
1,669
1,671
1,672
1,697
1,700
1,708
1,710
1,711
1,714
1,717
1,719
1,723
1,729
1,736
1,739
1,741
1,743
1,744
1,746
1,748
1,751
1,758
1,761
1,763
1,783
1,785
1,788
1,790
1,792
1,808
1,819
1,824
1,828
1,831
1,833
1,836
1,838
1,844
1,851
1,865
1,870
1,880
1,886
1,887
1,892
1,915
1,933
1,939
1,940
1,943
1,950
1,958
1,960
1,964
1,967
1,968
1,970
1,971
1,975
1,979
1,980
1,982
1,984
1,992
1,999
1,1003
1,1005
1,1008
1,1009
1,1010
1,1013
1,1014
1,1024
1,1025
1,1034
1,1035
1,1038
1,1040
1,1041
1,1044
1,1045
1,1046
1,1048
1,1051
1,1056
1,1067
1,1068
1,1074
1,1079
1,1083
1,1084
1,1086
1,1089
1,1091
1,1109
1,1114
1,1125
1,1130
1,1132
1,1136
1,1139
1,1147
1,1150
1,1168
1,1171
1,1172
1,1173
1,1178
1,1188
1,1192
1,1193
1,1197
1,1198
1,1208
1,1216
1,1239
1,1246
1,1255
1,1256
1,1263
1,1264
1,1272
1,1284
1,1285
1,1287
1,1288
1,1292
1,1308
1,1311
1,1321
1,1325
1,1331
1,1332
1,1344
1,1345
1,1347
1,1350
1,1351
1,1355
1,1357
1,1358
1,1360
1,1367
1,1371
1,1372
1,1380
1,1384
1,1390
1,1403
1,1405
1,1407
1,1420
1,1422
1,1425
1,1434
1,1445
1,1448
1,1449
1,1459
1,1460
1,1465
1,1473
1,1474
1,1477
1,1478
1,1480
1,1481
1,1484
1,1486
1,1490
1,1492
1,1494
1,1495
1,1505
1,1515
1,1521
1,1522
1,1523
1,1524
1,1535
1,1546
1,1547
1,1549
1,1558
1,1565
1,1570
1,1573
1,1574
1,1576
1,1579
1,1583
1,1586
1,1588
1,1590
1,1594
1,1596
1,1597
1,1599
1,1605
1,1608
1,1619
1,1622
1,1623
1,1626
1,1627
1,1631
1,1638
1,1649
1,1657
1,1659
1,1663
1,1665
1,1666
1,1678
1,1679
1,1681
1,1684
1,1689
1,1701
1,1702
1,1712
1,1721
1,1723
1,1727
1,1728
1,1731
1,1732
1,1741
1,1749
1,1752
1,1753
1,1755
1,1757
1,1761
1,1763
1,1770
1,1771
1,1784
1,1786
1,1788
1,1796
1,1797
1,1798
1,1802
1,1804
1,1808
1,1812
1,1818
1,1819
1,1837
1,1844
1,1845
1,1847
1,1857
1,1862
1,1867
1,1870
1,1874
1,1899
1,1903
1,1905
1,1913
1,1920
1,1927
1,1929
1,1932
1,1942
1,1943
1,1947
1,1949
1,1951
1,1956
1,1957
1,1958
1,1959
1,1966
1,1971
1,1974
1,1977
1,1986
1,2000
1,2006
1,2011
1,2016
1,2017
1,2018
1,2020
1,2021
1,2026
1,2027
1,2036
1,2041
1,2063
1,2064
1,2071
1,2076
1,2088
1,2092
1,2098
1,2103
1,2105
1,2112
1,2118
1,2120
1,2126
1,2132
1,2154
1,2159
1,2180
1,2194
1,2197
1,2199
1,2203
1,2206
1,2215
1,2233
1,2234
1,2239
1,2242
1,2247
1,2259
1,2260
1,2262
1,2263
1,2265
1,2268
1,2269
1,2271
1,2278
1,2294
1,2298
1,2303
1,2308
1,2315
1,2321
1,2328
1,2332
1,2343
1,2348
1,2363
1,2374
1,2378
1,2382
1,2385
1,2391
1,2409
1,2414
1,2418
1,2420
1,2422
1,2430
1,2432
1,2436
1,2439
1,2443
1,2444
1,2445
1,2455
1,2460
1,2476
1,2478
1,2479
1,2481
1,2491
1,2492
1,2504
1,2519
1,2521
1,2522
1,2533
1,2547
1,2548
1,2550
1,2553
1,2554
1,2561
1,2562
1,2563
1,2572
1,2583
1,2584
1,2585
1,2597
1,2601
1,2606
1,2608
1,2611
1,2615
1,2619
1,2622
1,2626
1,2632
1,2636
1,2641
1,2649
1,2661
1,2663
1,2677
1,2678
1,2680
1,2681
1,2693
1,2697
1,2699
1,2700
1,2704
1,2708
1,2709
1,2717
1,2721
1,2729
1,2735
1,2746
1,2747
1,2755
1,2759
1,2765
1,2767
1,2772
1,2773
1,2786
1,2793
1,2798
1,2806
1,2808
1,2809
1,2830
1,2833
1,2856
1,2861
1,2870
1,2872
1,2874
1,2876
1,2877
1,2884
1,2887
1,2895
1,2900
1,2903
1,2906
1,2911
1,2914
1,2915
1,2922
1,2938
1,2940
1,2946
1,2954
1,2970
1,2971
1,2989
1,2997
1,2998
1,3000
1,3012
1,3017
1,3022
1,3024
1,3030
1,3032
1,3035
1,3038
1,3040
1,3045
1,3047
1,3049
1,3051
1,3052
1,3061
1,3067
1,3069
1,3070
1,3072
1,3075
1,3081
1,3083
1,3084
1,3096
1,3097
1,3098
1,3110
1,3114
1,3115
1,3130
1,3140
1,3143
1,3150
1,3152
1,3160
1,3161
1,3166
1,3170
1,3176
1,3180
1,3183
1,3188
1,3196
1,3212
1,3215
1,3224
1,3227
1,3230
1,3232
1,3245
1,3247
1,3253
1,3276
1,3277
1,3283
1,3284
1,3303
1,3304
1,3317
1,3318
1,3319
1,3323
1,3326
1,3330
1,3332
1,3334
1,3336
1,3337
1,3344
1,3345
1,3346
1,3352
1,3360
1,3362
1,3363
1,3367
1,3373
1,3389
1,3391
1,3393
1,3407
1,3409
1,3412
1,3418
1,3419
1,3420
1,3424
1,3426
1,3429
1,3432
1,3437
1,3440
1,3444
1,3446
1,3448
1,3450
1,3452
1,3462
1,3472
1,3475
1,3489
1,3506
1,3507
1,3508
1,3510
1,3541
1,3549
1,3552
1,3561
1,3563
1,3573
1,3580
1,3583
1,3585
1,3595
1,3596
1,3599
1,3602
1,3603
1,3613
1,3617
1,3626
1,3629
1,3638
1,3649
1,3657
1,3660
1,3661
1,3663
1,3669
1,3677
1,3679
1,3686
1,3688
1,3692
1,3703
1,3715
1,3717
1,3720
1,3730
1,3731
1,3733
1,3736
1,3742
1,3751
1,3756
1,3758
1,3764
1,3778
1,3784
1,3791
1,3795
1,3797
1,3800
1,3802
1,3803
1,3804
1,3810
1,3812
1,3819
1,3821
1,3838
1,3840
1,3851
1,3859
1,3875
1,3883
1,3888
1,3897
1,3900
1,3907
1,3908
1,3916
1,3917
1,3922
1,3923
1,3930
1,3935
1,3937
1,3948
1,3950
1,3951
1,3952
1,3962
1,3964
1,3973
1,3976
1,3991
1,4000
1,4010
1,4012
1,4013
1,4028
1,4037
1,4040
1,4046
1,4047
1,4048
1,4049
1,4057
1,4058
1,4060
1,4065
1,4067
1,4082
1,4083
1,4089
1,4092
1,4094
1,4098
1,4099
1,4103
1,4111
1,4114
1,4117
1,4125
1,4131
1,4136
1,4138
1,4150
1,4156
1,4159
1,4160
1,4161
1,4167
1,4173
1,4175
1,4184
1,4187
1,4188
1,4195
1,4197
1,4214
1,4217
1,4226
1,4231
1,4235
1,4241
1,4243
1,4245
1,4246
1,4250
1,4259
1,4269
1,4270
1,4271
1,4275
1,4278
1,4290
1,4293
1,4295
1,4296
1,4298
1,4299
1,4302
1,4303
1,4313
1,4316
1,4323
1,4326
1,4328
1,4330
1,4333
1,4335
1,4337
1,4339
1,4343
1,4345
1,4357
1,4366
1,4367
1,4372
1,4373
1,4386
1,4388
1,4390
1,4397
1,4401
1,4415
1,4425
1,4428
1,4433
1,4436
1,4438
1,4442
1,4462
1,4463
1,4467
1,4470
1,4482
1,4483
1,4490
1,4493
1,4497
1,4498
1,4507
1,4509
1,4515
1,4516
1,4530
1,4559
1,4561
1,4567
1,4569
1,4577
1,4583
1,4587
1,4588
1,4602
1,4603
1,4606
1,4609
1,4611
1,4612
1,4614
1,4619
1,4620
1,4627
1,4629
1,4649
1,4655
1,4661
1,4663
1,4665
1,4667
1,4672
1,4676
1,4677
1,4685
1,4686
1,4694
1,4698
1,4699
1,4702
1,4706
1,4708
1,4711
1,4715
1,4722
1,4726
1,4727
1,4732
1,4733
1,4742
1,4745
1,4746
1,4747
1,4749
1,4758
1,4766
1,4783
1,4785
1,4786
1,4793
1,4798
1,4800
1,4808
1,4810
1,4813
1,4817
1,4823
1,4829
1,4835
1,4839
1,4846
1,4863
1,4872
1,4877
1,4884
1,4885
1,4895
1,4897
1,4901
1,4906
1,4909
1,4910
1,4913
1,4921
1,4923
1,4924
1,4931
1,4933
1,4934
1,4956
1,4958
1,4960
1,4965
1,4969
1,4974
1,4979
1,4982
1,4983
1,4989
1,5004
1,5008
1,5012
1,5015
1,5031
1,5033
1,5036
1,5043
1,5044
1,5059
1,5065
1,5066
1,5070
1,5073
1,5074
1,5075
1,5078
1,5079
1,5080
1,5083
1,5086
1,5090
1,5097
1,5104
1,5109
1,5112
1,5133
1,5134
1,5137
1,5148
1,5149
1,5151
1,5153
1,5161
1,5162
1,5166
1,5170
1,5172
1,5176
1,5178
1,5189
1,5195
1,5200
1,5201
1,5213
1,5220
1,5243
1,5244
1,5246
1,5251
1,5268
1,5270
1,5272
1,5273
1,5285
1,5288
1,5292
1,5298
1,5299
1,5301
1,5303
1,5306
1,5323
1,5328
1,5332
1,5336
1,5337
1,5338
1,5339
1,5340
1,5341
1,5354
1,5384
1,5390
1,5392
1,5394
1,5395
1,5396
1,5402
1,5406
1,5407
1,5413
1,5422
1,5425
1,5430
1,5434
1,5438
1,5442
1,5458
1,5459
1,5467
1,5471
1,5477
1,5484
1,5498
1,5499
1,5501
1,5504
1,5515
1,5516
1,5517
1,5518
1,5522
1,5526
1,5527
1,5535
1,5548
1,5549
1,5551
1,5554
1,5562
1,5566
1,5569
1,5571
1,5576
1,5577
1,5592
1,5596
1,5598
1,5599
1,5621
1,5635
1,5638
1,5641
1,5644
1,5658
1,5672
1,5676
1,5678
1,5685
1,5691
1,5701
1,5709
1,5711
1,5719
1,5728
1,5729
1,5730
1,5736
1,5746
1,5751
1,5755
1,5761
1,5763
1,5766
1,5767
1,5768
1,5778
1,5782
1,5787
1,5794
1,5799
1,5804
1,5807
1,5811
1,5812
1,5818
1,5821
1,5825
1,5827
1,5835
1,5836
1,5867
1,5870
1,5874
1,5876
1,5888
1,5889
1,5893
1,5898
1,5900
1,5903
1,5909
1,5917
1,5922
1,5927
1,5929
1,5931
1,5938
1,5942
1,5952
1,5953
1,5954
1,5956
1,5957
1,5958
1,5961
1,5969
1,5970
1,5978
1,5983
1,5989
1,5996
1,6007
1,6012
1,6013
1,6014
1,6023
1,6033
1,6036
1,6041
1,6046
1,6051
1,6052
1,6055
1,6056
1,6058
1,6062
1,6065
1,6067
1,6068
1,6074
1,6079
1,6083
1,6090
1,6093
1,6103
1,6104
1,6110
1,6112
1,6114
1,6126
1,6130
1,6131
1,6149
1,6150
1,6152
1,6161
1,6163
1,6169
1,6171
1,6172
1,6181
1,6198
1,6199
1,6205
1,6208
1,6214
1,6217
1,6220
1,6222
1,6232
1,6236
1,6246
1,6248
1,6253
1,6265
1,6276
1,6278
1,6280
1,6282
1,6284
1,6291
1,6294
1,6311
1,6312
1,6317
1,6320
1,6324
1,6328
1,6330
1,6337
1,6339
1,6340
1,6344
1,6347
1,6350
1,6351
1,6353
1,6360
1,6361
1,6362
1,6364
1,6374
1,6377
1,6380
1,6383
1,6385
1,6390
1,6395
1,6397
1,6406
1,6411
1,6412
1,6413
1,6414
1,6417
1,6420
1,6422
1,6427
1,6430
1,6436
1,6443
1,6445
1,6451
1,6452
1,6454
1,6462
1,6473
1,6480
1,6486
1,6491
1,6497
1,6504
1,6505
1,6509
1,6511
1,6531
1,6533
1,6534
1,6545
1,6549
1,6558
1,6560
1,6562
1,6564
1,6565
1,6566
1,6567
1,6569
1,6575
1,6576
1,6582
1,6591
1,6595
1,6600
1,6602
1,6603
1,6604
1,6605
1,6606
1,6608
1,6631
1,6632
1,6636
1,6641
1,6648
1,6652
1,6653
1,6654
1,6656
1,6659
1,6664
1,6666
1,6671
1,6680
1,6684
1,6688
1,6689
1,6691
1,6699
1,6708
1,6710
1,6712
1,6718
1,6727
1,6730
1,6736
1,6737
1,6744
1,6749
1,6755
1,6758
1,6759
1,6761
1,6762
1,6768
1,6769
1,6772
1,6776
1,6777
1,6788
1,6792
1,6798
1,6812
1,6813
1,6816
1,6821
1,6822
1,6827
1,6828
1,6833
1,6839
1,6842
1,6843
1,6845
1,6848
1,6851
1,6854
1,6855
1,6857
1,6859
1,6862
1,6863
1,6864
1,6865
1,6876
1,6878
1,6883
1,6884
1,6890
1,6897
1,6900
1,6904
1,6906
1,6910
1,6922
1,6926
1,6927
1,6933
1,6939
1,6940
1,6941
1,6943
1,6945
1,6947
1,6949
1,6957
1,6966
1,6967
1,6978
1,6984
1,6986
1,6987
1,6998
1,7007
1,7017
1,7020
1,7021
1,7022
1,7027
1,7042
1,7043
1,7046
1,7048
1,7050
1,7053
1,7058
1,7065
1,7068
1,7072
1,7073
1,7078
1,7081
1,7089
1,7093
1,7096
1,7112
1,7123
1,7125
1,7128
1,7131
1,7136
1,7137
1,7143
1,7147
1,7151
1,7153
1,7157
1,7161
1,7165
1,7166
1,7173
1,7177
1,7184
1,7186
1,7196
1,7198
1,7199
1,7205
1,7208
1,7210
1,7217
1,7220
1,7223
1,7231
1,7236
1,7240
1,7245
1,7248
1,7254
1,7255
1,7256
1,7257
1,7258
1,7259
1,7263
1,7264
1,7267
1,7279
1,7289
1,7295
1,7296
1,7297
1,7299
1,7301
1,7303
1,7313
1,7314
1,7318
1,7319
1,7320
1,7327
1,7328
1,7330
1,7337
1,7343
1,7355
1,7371
1,7373
1,7378
1,7381
1,7385
1,7395
1,7398
1,7404
1,7412
1,7413
1,7420
1,7421
1,7425
1,7426
1,7431
1,7434
1,7454
1,7471
1,7474
1,7475
1,7479
1,7480
1,7483
1,7487
1,7491
1,7497
1,7499
1,7500
1,7508
1,7511
1,7516
1,7522
1,7523
1,7531
1,7533
1,7540
1,7541
1,7544
1,7546
1,7547
1,7566
1,7569
1,7573
1,7575
1,7583
1,7595
1,7597
1,7600
1,7601
1,7604
1,7606
1,7608
1,7618
1,7628
1,7632
1,7633
1,7638
1,7644
1,7646
1,7650
1,7656
1,7660
1,7667
1,7668
1,7678
1,7704
1,7708
1,7712
1,7713
1,7717
1,7725
1,7735
1,7739
1,7741
1,7743
1,7745
1,7746
1,7747
1,7751
1,7757
1,7760
1,7764
1,7765
1,7775
1,7779
1,7788
1,7792
1,7794
1,7795
1,7800
1,7806
1,7809
1,7813
1,7816
1,7831
1,7843
1,7859
1,7866
1,7877
1,7879
1,7883
1,7886
1,7893
1,7901
1,7905
1,7913
1,7922
1,7929
1,7933
1,7934
1,7939
1,7947
1,7949
1,7957
1,7962
1,7964
1,7965
1,7973
1,7984
1,7985
1,7987
1,7996
1,7999
1,8003
1,8005
1,8010
1,8016
1,8025
1,8032
1,8035
1,8037
1,8038
1,8047
1,8051
1,8055
1,8069
1,8071
1,8076
1,8077
1,8086
1,8094
1,8105
1,8108
1,8118
1,8121
1,8124
1,8130
1,8143
1,8148
1,8150
1,8152
1,8153
1,8158
1,8161
1,8175
1,8176
1,8180
1,8184
1,8189
1,8195
1,8203
1,8204
1,8209
1,8210
1,8223
1,8224
1,8225
1,8226
1,8232
1,8234
1,8235
1,8242
1,8244
1,8246
1,8248
1,8250
1,8251
1,8252
1,8253
1,8255
1,8256
1,8262
1,8263
1,8268
1,8271
1,8278
1,8282
1,8287
1,8296
1,8300
1,8302
1,8305
1,8306
1,8308
1,8312
1,8313
1,8314
1,8326
1,8327
1,8332
1,8346
1,8356
1,8358
1,8365
1,8368
1,8383
1,8389
1,8398
1,8400
1,8406
1,8408
1,8411
1,8416
1,8417
1,8424
1,8428
1,8430
1,8431
1,8441
1,8442
1,8451
1,8456
1,8459
1,8466
1,8472
1,8474
1,8476
1,8480
1,8482
1,8488
1,8491
1,8498
1,8500
1,8502
1,8504
1,8507
1,8509
1,8514
1,8520
1,8522
1,8523
1,8526
1,8527
1,8528
1,8540
1,8543
1,8547
1,8549
1,8554
1,8556
1,8561
1,8569
1,8571
1,8573
1,8577
1,8581
1,8593
1,8596
1,8605
1,8617
1,8625
1,8626
1,8630
1,8642
1,8656
1,8658
1,8663
1,8666
1,8678
1,8683
1,8686
1,8688
1,8695
1,8700
1,8703
1,8707
1,8708
1,8714
1,8722
1,8724
1,8725
1,8729
1,8737
1,8738
1,8739
1,8743
1,8755
1,8767
1,8776
1,8778
1,8781
1,8786
1,8794
1,8796
1,8799
1,8803
1,8812
1,8820
1,8830
1,8831
1,8832
1,8834
1,8837
1,8843
1,8845
1,8850
1,8857
1,8859
1,8860
1,8870
1,8872
1,8876
1,8879
1,8892
1,8895
1,8898
1,8905
1,8915
1,8919
1,8925
1,8932
1,8934
1,8935
1,8937
1,8939
1,8946
1,8947
1,8949
1,8972
1,8973
1,8975
1,8981
1,9000
1,9001
1,9011
1,9015
1,9016
1,9023
1,9024
1,9026
1,9032
1,9037
1,9039
1,9043
1,9046
1,9050
1,9056
1,9061
1,9068
1,9078
1,9084
1,9085
1,9087
1,9093
1,9096
1,9111
1,9114
1,9116
1,9122
1,9125
1,9127
1,9130
1,9131
1,9133
1,9141
1,9143
1,9146
1,9150
1,9163
1,9170
1,9172
1,9173
1,9174
1,9185
1,9191
1,9192
1,9210
1,9212
1,9219
1,9220
1,9249
1,9250
1,9251
1,9252
1,9254
1,9256
1,9262
1,9274
1,9275
1,9279
1,9303
1,9304
1,9307
1,9308
1,9320
1,9324
1,9331
1,9336
1,9340
1,9352
1,9354
1,9355
1,9361
1,9371
1,9392
1,9397
1,9407
1,9413
1,9417
1,9430
1,9431
1,9435
1,9437
1,9448
1,9449
1,9453
1,9469
1,9472
1,9476
1,9479
1,9483
1,9500
1,9504
1,9516
1,9524
1,9528
1,9529
1,9532
1,9552
1,9557
1,9560
1,9562
1,9563
1,9566
1,9567
1,9572
1,9573
1,9581
1,9590
1,9598
1,9601
1,9603
1,9604
1,9606
1,9628
1,9630
1,9632
1,9648
1,9656
1,9664
1,9665
1,9669
1,9683
1,9685
1,9704
1,9713
1,9720
1,9721
1,9734
1,9738
1,9745
1,9748
1,9749
1,9752
1,9753
1,9754
1,9755
1,9766
1,9769
1,9777
1,9780
1,9782
1,9787
1,9791
1,9792
1,9795
1,9797
1,9798
1,9801
1,9803
1,9810
1,9811
1,9814
1,9827
1,9828
1,9839
1,9850
1,9853
1,9869
1,9874
1,9884
1,9886
1,9890
1,9895
1,9902
1,9903
1,9904
1,9905
1,9912
1,9920
1,9924
1,9925
1,9933
1,9943
1,9957
1,9965
1,9968
1,9973
1,9982
1,9983
1,9984
1,9993
1,9995
1,9999
1,10000
1,10003
1,10004
1,10009
1,10020
1,10028
1,10031
1,10037
1,10047
1,10050
1,10052
1,10053
1,10054
1,10055
1,10064
1,10067
1,10069
1,10080
1,10085
1,10093
1,10096
1,10097
1,10101
1,10104
1,10105
1,10106
1,10111
1,10113
1,10114
1,10127
1,10132
1,10140
1,10141
1,10146
1,10149
1,10157
1,10161
1,10166
1,10169
1,10171
1,10177
1,10189
1,10201
1,10202
1,10203
1,10204
1,10231
1,10234
1,10238
1,10247
1,10249
1,10250
1,10251
1,10252
1,10259
1,10263
1,10264
1,10266
1,10270
1,10273
1,10282
1,10283
1,10291
1,10292
1,10309
1,10320
1,10327
1,10331
1,10336
1,10338
1,10344
1,10347
1,10350
1,10355
1,10357
1,10361
1,10368
1,10373
1,10375
1,10377
1,10385
1,10405
1,10415
1,10423
1,10424
1,10430
1,10432
1,10438
1,10445
1,10446
1,10448
1,10459
1,10466
1,10469
1,10470
1,10471
1,10474
1,10478
1,10480
1,10481
1,10488
1,10498
1,10499
1,10501
1,10502
1,10505
1,10510
1,10516
1,10517
1,10520
1,10524
1,10529
1,10535
1,10536
1,10537
1,10542
1,10543
1,10544
1,10549
1,10553
1,10566
1,10568
1,10573
1,10577
1,10579
1,10580
1,10602
1,10603
1,10604
1,10616
1,10641
1,10654
1,10662
1,10668
1,10672
1,10680
1,10681
1,10691
1,10701
1,10704
1,10707
1,10709
1,10712
1,10713
1,10718
1,10733
1,10737
1,10757
1,10768
1,10769
1,10780
1,10784
1,10785
1,10786
1,10787
1,10788
1,10807
1,10808
1,10813
1,10815
1,10819
1,10828
1,10829
1,10834
1,10845
1,10852
1,10860
1,10867
1,10869
1,10872
1,10887
1,10893
1,10896
1,10899
1,10902
1,10905
1,10911
1,10913
1,10914
1,10919
1,10923
1,10924
1,10930
1,10934
1,10937
1,10940
1,10947
1,10950
1,10951
1,10954
1,10968
1,10970
1,10972
1,10974
1,10975
1,10977
1,10988
1,10989
1,10994
1,11006
1,11012
1,11013
1,11014
1,11023
1,11036
1,11040
1,11042
1,11043
1,11047
1,11048
1,11059
1,11061
1,11064
1,11065
1,11066
1,11068
1,11075
1,11078
1,11081
1,11082
1,11085
1,11101
1,11105
1,11109
1,11113
1,11118
1,11119
1,11122
1,11137
1,11140
1,11141
1,11144
1,11155
2,4
2,6
2,8
2,15
2,25
2,30
2,33
2,44
2,49
2,56
2,66
2,67
2,74
2,77
2,94
2,102
2,103
2,104
2,105
2,108
2,110
2,113
2,118
2,124
2,133
2,136
2,139
2,140
2,161
2,163
2,164
2,166
2,168
2,182
2,190
2,192
2,201
2,203
2,207
2,210
2,227
2,231
2,232
2,233
2,236
2,237
2,240
2,243
2,246
2,247
2,248
2,260
2,266
2,269
2,272
2,274
2,277
2,284
2,286
2,288
2,292
2,299
2,307
2,312
2,320
2,328
2,329
2,332
2,339
2,345
2,352
2,354
2,355
2,358
2,359
2,364
2,371
2,374
2,378
2,388
2,389
2,392
2,399
2,403
2,408
2,415
2,422
2,426
2,438
2,450
2,453
2,454
2,455
2,458
2,462
2,467
2,484
2,485
2,486
2,489
2,496
2,497
2,502
2,514
2,522
2,523
2,525
2,541
2,551
2,562
2,565
2,566
2,570
2,572
2,576
2,585
2,586
2,587
2,590
2,599
2,601
2,608
2,613
2,615
2,625
2,626
2,627
2,629
2,631
2,632
2,641
2,645
2,662
2,666
2,667
2,674
2,680
2,681
2,684
2,685
2,690
2,693
2,696
2,701
2,702
2,712
2,722
2,731
2,750
2,753
2,760
2,765
2,766
2,767
2,771
2,773
2,774
2,775
2,777
2,780
2,781
2,787
2,794
2,797
2,803
2,809
2,817
2,820
2,834
2,847
2,853
2,862
2,877
2,882
2,889
2,891
2,895
2,900
2,902
2,907
2,919
2,925
2,928
2,938
2,942
2,945
2,946
2,947
2,949
2,954
2,959
2,962
2,976
2,987
2,988
2,990
2,991
2,994
2,997
2,998
2,1004
2,1006
2,1011
2,1015
2,1016
2,1019
2,1028
2,1031
2,1042
2,1047
2,1055
2,1060
2,1061
2,1063
2,1064
2,1065
2,1075
2,1077
2,1080
2,1096
2,1099
2,1110
2,1116
2,1123
2,1127
2,1151
2,1153
2,1157
2,1158
2,1160
2,1162
2,1166
2,1167
2,1169
2,1183
2,1189
2,1196
2,1202
2,1207
2,1212
2,1213
2,1214
2,1226
2,1231
2,1252
2,1254
2,1262
2,1274
2,1281
2,1293
2,1295
2,1296
2,1316
2,1317
2,1320
2,1324
2,1335
2,1336
2,1338
2,1343
2,1354
2,1361
2,1374
2,1379
2,1386
2,1394
2,1395
2,1397
2,1400
2,1402
2,1409
2,1411
2,1419
2,1424
2,1430
2,1432
2,1433
2,1437
2,1438
2,1443
2,1446
2,1458
2,1462
2,1464
2,1498
2,1499
2,1501
2,1502
2,1510
2,1517
2,1531
2,1543
2,1544
2,1548
2,1550
2,1555
2,1557
2,1559
2,1561
2,1578
2,1587
2,1593
2,1604
2,1621
2,1628
2,1640
2,1643
2,1651
2,1658
2,1661
2,1667
2,1669
2,1674
2,1675
2,1677
2,1707
2,1710
2,1719
2,1730
2,1738
2,1740
2,1747
2,1750
2,1759
2,1760
2,1762
2,1765
2,1769
2,1772
2,1774
2,1775
2,1776
2,1778
2,1781
2,1782
2,1799
2,1805
2,1806
2,1816
2,1820
2,1822
2,1823
2,1827
2,1833
2,1849
2,1854
2,1858
2,1861
2,1869
2,1871
2,1877
2,1878
2,1881
2,1889
2,1893
2,1895
2,1896
2,1908
2,1910
2,1918
2,1919
2,1922
2,1925
2,1926
2,1928
2,1933
2,1936
2,1940
2,1948
2,1953
2,1963
2,1968
2,1969
2,1976
2,1979
2,1988
2,1990
2,1992
2,2004
2,2024
2,2025
2,2029
2,2031
2,2035
2,2042
2,2043
2,2047
2,2048
2,2052
2,2053
2,2054
2,2066
2,2070
2,2074
2,2079
2,2081
2,2094
2,2099
2,2101
2,2104
2,2107
2,2111
2,2115
2,2116
2,2122
2,2136
2,2143
2,2144
2,2146
2,2147
2,2153
2,2155
2,2156
2,2158
2,2160
2,2178
2,2182
2,2184
2,2186
2,2195
2,2202
2,2208
2,2211
2,2216
2,2220
2,2222
2,2224
2,2225
2,2228
2,2244
2,2246
2,2248
2,2253
2,2279
2,2283
2,2288
2,2296
2,2306
2,2323
2,2324
2,2330
2,2336
2,2338
2,2345
2,2349
2,2350
2,2351
2,2352
2,2353
2,2355
2,2357
2,2360
2,2361
2,2370
2,2375
2,2379
2,2381
2,2386
2,2394
2,2395
2,2399
2,2403
2,2406
2,2407
2,2411
2,2412
2,2415
2,2424
2,2426
2,2429
2,2431
2,2433
2,2434
2,2437
2,2440
2,2449
2,2463
2,2464
2,2466
2,2468
2,2469
2,2470
2,2480
2,2485
2,2487
2,2489
2,2495
2,2510
2,2514
2,2517
2,2523
2,2526
2,2532
2,2537
2,2538
2,2545
2,2557
2,2558
2,2565
2,2566
2,2574
2,2590
2,2594
2,2595
2,2629
2,2633
2,2640
2,2642
2,2643
2,2644
2,2646
2,2647
2,2655
2,2660
2,2667
2,2669
2,2685
2,2686
2,2690
2,2702
2,2706
2,2711
2,2716
2,2720
2,2723
2,2724
2,2731
2,2733
2,2741
2,2745
2,2756
2,2762
2,2764
2,2781
2,2791
2,2800
2,2810
2,2812
2,2827
2,2828
2,2840
2,2850
2,2851
2,2852
2,2857
2,2859
2,2860
2,2880
2,2882
2,2894
2,2898
2,2902
2,2904
2,2905
2,2909
2,2912
2,2917
2,2924
2,2926
2,2927
2,2929
2,2935
2,2943
2,2944
2,2953
2,2956
2,2962
2,2964
2,2966
2,2967
2,2969
2,2974
2,2993
2,2994
2,3005
2,3008
2,3011
2,3023
2,3036
2,3042
2,3043
2,3048
2,3050
2,3059
2,3065
2,3068
2,3071
2,3074
2,3087
2,3091
2,3105
2,3111
2,3112
2,3118
2,3124
2,3126
2,3134
2,3135
2,3151
2,3156
2,3171
2,3172
2,3173
2,3174
2,3175
2,3181
2,3184
2,3187
2,3192
2,3194
2,3209
2,3222
2,3235
2,3236
2,3238
2,3241
2,3243
2,3244
2,3249
2,3265
2,3272
2,3275
2,3281
2,3287
2,3289
2,3291
2,3293
2,3294
2,3300
2,3302
2,3307
2,3310
2,3322
2,3329
2,3331
2,3340
2,3343
2,3347
2,3350
2,3353
2,3354
2,3358
2,3376
2,3379
2,3381
2,3385
2,3387
2,3388
2,3390
2,3395
2,3396
2,3401
2,3402
2,3411
2,3415
2,3445
2,3451
2,3454
2,3456
2,3467
2,3468
2,3470
2,3482
2,3488
2,3493
2,3525
2,3528
2,3533
2,3536
2,3538
2,3540
2,3554
2,3557
2,3560
2,3562
2,3564
2,3567
2,3569
2,3570
2,3571
2,3577
2,3578
2,3579
2,3582
2,3592
2,3594
2,3610
2,3621
2,3625
2,3627
2,3630
2,3637
2,3644
2,3646
2,3647
2,3653
2,3658
2,3665
2,3671
2,3672
2,3674
2,3678
2,3683
2,3696
2,3712
2,3713
2,3714
2,3716
2,3721
2,3722
2,3738
2,3741
2,3747
2,3757
2,3760
2,3762
2,3763
2,3770
2,3771
2,3773
2,3779
2,3790
2,3794
2,3801
2,3806
2,3813
2,3818
2,3824
2,3825
2,3827
2,3828
2,3832
2,3833
2,3836
2,3845
2,3848
2,3849
2,3850
2,3855
2,3856
2,3858
2,3871
2,3878
2,3879
2,3886
2,3892
2,3894
2,3896
2,3899
2,3901
2,3903
2,3904
2,3911
2,3913
2,3918
2,3920
2,3927
2,3933
2,3936
2,3947
2,3963
2,3966
2,3978
2,3984
2,3998
2,4005
2,4006
2,4015
2,4027
2,4036
2,4051
2,4055
2,4063
2,4070
2,4072
2,4074
2,4075
2,4076
2,4081
2,4090
2,4091
2,4093
2,4096
2,4110
2,4122
2,4124
2,4133
2,4137
2,4142
2,4164
2,4171
2,4174
2,4216
2,4228
2,4229
2,4230
2,4238
2,4249
2,4264
2,4267
2,4273
2,4286
2,4287
2,4305
2,4306
2,4307
2,4311
2,4315
2,4317
2,4331
2,4332
2,4336
2,4340
2,4347
2,4358
2,4364
2,4365
2,4377
2,4381
2,4382
2,4384
2,4392
2,4396
2,4399
2,4405
2,4406
2,4409
2,4410
2,4423
2,4430
2,4431
2,4434
2,4445
2,4447
2,4448
2,4449
2,4455
2,4456
2,4459
2,4461
2,4464
2,4466
2,4471
2,4474
2,4477
2,4480
2,4489
2,4499
2,4501
2,4503
2,4506
2,4508
2,4511
2,4526
2,4527
2,4536
2,4537
2,4540
2,4543
2,4545
2,4551
2,4557
2,4562
2,4563
2,4568
2,4580
2,4586
2,4594
2,4598
2,4605
2,4621
2,4634
2,4638
2,4639
2,4642
2,4644
2,4646
2,4653
2,4660
2,4662
2,4668
2,4670
2,4671
2,4679
2,4682
2,4688
2,4703
2,4707
2,4719
2,4724
2,4735
2,4748
2,4762
2,4763
2,4765
2,4776
2,4779
2,4781
2,4787
2,4795
2,4803
2,4804
2,4805
2,4809
2,4814
2,4820
2,4821
2,4828
2,4830
2,4838
2,4841
2,4844
2,4848
2,4849
2,4855
2,4856
2,4860
2,4861
2,4869
2,4873
2,4878
2,4883
2,4887
2,4889
2,4900
2,4902
2,4907
2,4908
2,4917
2,4918
2,4935
2,4945
2,4949
2,4961
2,4964
2,4975
2,4976
2,4985
2,4994
2,4995
2,4998
2,4999
2,5001
2,5005
2,5006
2,5009
2,5011
2,5017
2,5020
2,5025
2,5027
2,5032
2,5034
2,5041
2,5048
2,5052
2,5057
2,5058
2,5072
2,5088
2,5091
2,5100
2,5101
2,5102
2,5108
2,5110
2,5111
2,5120
2,5128
2,5130
2,5138
2,5140
2,5142
2,5144
2,5152
2,5174
2,5177
2,5179
2,5181
2,5187
2,5209
2,5214
2,5218
2,5221
2,5223
2,5226
2,5227
2,5228
2,5233
2,5240
2,5247
2,5248
2,5252
2,5254
2,5257
2,5276
2,5280
2,5281
2,5287
2,5290
2,5293
2,5296
2,5300
2,5307
2,5316
2,5320
2,5342
2,5350
2,5353
2,5357
2,5359
2,5370
2,5373
2,5382
2,5385
2,5386
2,5401
2,5403
2,5409
2,5411
2,5414
2,5416
2,5419
2,5420
2,5424
2,5426
2,5432
2,5433
2,5439
2,5443
2,5444
2,5446
2,5448
2,5449
2,5461
2,5463
2,5464
2,5469
2,5474
2,5487
2,5489
2,5492
2,5493
2,5496
2,5506
2,5508
2,5519
2,5536
2,5537
2,5539
2,5543
2,5546
2,5553
2,5556
2,5557
2,5572
2,5573
2,5575
2,5582
2,5587
2,5591
2,5595
2,5600
2,5613
2,5615
2,5616
2,5617
2,5618
2,5628
2,5632
2,5637
2,5643
2,5647
2,5655
2,5662
2,5666
2,5670
2,5671
2,5674
2,5679
2,5683
2,5684
2,5687
2,5689
2,5697
2,5700
2,5702
2,5704
2,5713
2,5715
2,5716
2,5722
2,5723
2,5724
2,5727
2,5734
2,5740
2,5748
2,5749
2,5750
2,5753
2,5754
2,5758
2,5762
2,5764
2,5771
2,5777
2,5780
2,5783
2,5785
2,5786
2,5789
2,5791
2,5805
2,5814
2,5817
2,5824
2,5826
2,5841
2,5842
2,5844
2,5845
2,5849
2,5850
2,5851
2,5852
2,5859
2,5860
2,5862
2,5865
2,5866
2,5869
2,5872
2,5882
2,5885
2,5896
2,5904
2,5919
2,5926
2,5928
2,5939
2,5940
2,5944
2,5945
2,5947
2,5948
2,5962
2,5967
2,5979
2,5981
2,5995
2,6000
2,6016
2,6024
2,6030
2,6032
2,6034
2,6039
2,6045
2,6057
2,6071
2,6072
2,6073
2,6082
2,6101
2,6105
2,6106
2,6111
2,6117
2,6122
2,6133
2,6142
2,6148
2,6159
2,6167
2,6174
2,6180
2,6182
2,6191
2,6197
2,6204
2,6210
2,6216
2,6227
2,6229
2,6230
2,6231
2,6240
2,6242
2,6244
2,6247
2,6257
2,6277
2,6279
2,6285
2,6292
2,6293
2,6295
2,6304
2,6305
2,6309
2,6316
2,6319
2,6321
2,6325
2,6327
2,6368
2,6371
2,6376
2,6382
2,6392
2,6399
2,6400
2,6402
2,6407
2,6408
2,6415
2,6416
2,6421
2,6424
2,6431
2,6434
2,6435
2,6449
2,6455
2,6457
2,6458
2,6461
2,6464
2,6465
2,6467
2,6469
2,6470
2,6471
2,6472
2,6487
2,6489
2,6495
2,6498
2,6501
2,6502
2,6503
2,6508
2,6519
2,6521
2,6529
2,6530
2,6537
2,6540
2,6541
2,6542
2,6547
2,6552
2,6553
2,6554
2,6555
2,6556
2,6563
2,6568
2,6572
2,6573
2,6579
2,6581
2,6583
2,6584
2,6588
2,6592
2,6598
2,6599
2,6601
2,6607
2,6612
2,6615
2,6617
2,6619
2,6620
2,6623
2,6624
2,6640
2,6644
2,6649
2,6650
2,6651
2,6658
2,6669
2,6670
2,6678
2,6681
2,6682
2,6687
2,6690
2,6692
2,6693
2,6695
2,6701
2,6703
2,6711
2,6713
2,6721
2,6724
2,6734
2,6735
2,6739
2,6747
2,6766
2,6773
2,6778
2,6783
2,6784
2,6789
2,6797
2,6801
2,6802
2,6804
2,6807
2,6811
2,6818
2,6819
2,6823
2,6825
2,6829
2,6830
2,6831
2,6835
2,6849
2,6850
2,6856
2,6860
2,6861
2,6869
2,6873
2,6874
2,6877
2,6879
2,6888
2,6892
2,6893
2,6895
2,6901
2,6908
2,6913
2,6921
2,6936
2,6937
2,6944
2,6954
2,6955
2,6960
2,6962
2,6963
2,6968
2,6969
2,6970
2,6971
2,6979
2,6981
2,6985
2,6988
2,6993
2,6995
2,6999
2,7005
2,7015
2,7018
2,7030
2,7033
2,7041
2,7052
2,7057
2,7064
2,7074
2,7076
2,7085
2,7086
2,7087
2,7090
2,7099
2,7107
2,7108
2,7110
2,7115
2,7116
2,7117
2,7129
2,7133
2,7138
2,7142
2,7145
2,7152
2,7167
2,7170
2,7174
2,7178
2,7185
2,7188
2,7193
2,7206
2,7209
2,7213
2,7219
2,7224
2,7228
2,7229
2,7234
2,7235
2,7244
2,7247
2,7250
2,7266
2,7268
2,7271
2,7274
2,7276
2,7277
2,7284
2,7288
2,7290
2,7292
2,7293
2,7317
2,7334
2,7336
2,7338
2,7341
2,7344
2,7353
2,7356
2,7370
2,7372
2,7375
2,7376
2,7380
2,7386
2,7387
2,7389
2,7399
2,7400
2,7408
2,7411
2,7427
2,7429
2,7438
2,7439
2,7442
2,7444
2,7445
2,7446
2,7447
2,7449
2,7451
2,7453
2,7455
2,7456
2,7457
2,7463
2,7464
2,7465
2,7467
2,7472
2,7481
2,7484
2,7485
2,7492
2,7494
2,7498
2,7504
2,7505
2,7517
2,7524
2,7525
2,7526
2,7528
2,7536
2,7537
2,7539
2,7542
2,7552
2,7553
2,7558
2,7561
2,7562
2,7564
2,7568
2,7572
2,7574
2,7577
2,7591
2,7593
2,7602
2,7603
2,7607
2,7612
2,7614
2,7616
2,7617
2,7624
2,7630
2,7635
2,7643
2,7654
2,7657
2,7659
2,7663
2,7665
2,7670
2,7673
2,7683
2,7695
2,7697
2,7705
2,7706
2,7710
2,7722
2,7734
2,7738
2,7750
2,7758
2,7759
2,7761
2,7767
2,7768
2,7774
2,7778
2,7781
2,7782
2,7784
2,7793
2,7801
2,7804
2,7805
2,7808
2,7820
2,7821
2,7823
2,7828
2,7836
2,7841
2,7842
2,7847
2,7848
2,7850
2,7868
2,7872
2,7873
2,7874
2,7875
2,7889
2,7891
2,7902
2,7904
2,7906
2,7909
2,7910
2,7911
2,7914
2,7915
2,7917
2,7921
2,7924
2,7927
2,7932
2,7941
2,7954
2,7959
2,7963
2,7966
2,7972
2,7977
2,7981
2,7982
2,7990
2,7994
2,7997
2,7998
2,8001
2,8004
2,8006
2,8024
2,8026
2,8028
2,8034
2,8036
2,8039
2,8041
2,8049
2,8050
2,8058
2,8061
2,8062
2,8063
2,8073
2,8075
2,8085
2,8087
2,8089
2,8091
2,8092
2,8096
2,8097
2,8109
2,8111
2,8113
2,8116
2,8117
2,8119
2,8128
2,8132
2,8136
2,8138
2,8162
2,8165
2,8171
2,8179
2,8186
2,8188
2,8194
2,8197
2,8205
2,8213
2,8218
2,8227
2,8238
2,8249
2,8261
2,8266
2,8267
2,8269
2,8279
2,8280
2,8284
2,8290
2,8293
2,8311
2,8315
2,8321
2,8322
2,8323
2,8325
2,8328
2,8335
2,8338
2,8339
2,8348
2,8349
2,8361
2,8362
2,8366
2,8369
2,8371
2,8372
2,8375
2,8381
2,8382
2,8384
2,8391
2,8392
2,8395
2,8402
2,8405
2,8409
2,8412
2,8413
2,8420
2,8421
2,8426
2,8429
2,8432
2,8445
2,8446
2,8447
2,8450
2,8470
2,8471
2,8489
2,8497
2,8505
2,8506
2,8517
2,8518
2,8534
2,8537
2,8538
2,8539
2,8541
2,8542
2,8548
2,8555
2,8560
2,8566
2,8597
2,8602
2,8603
2,8604
2,8608
2,8612
2,8616
2,8618
2,8619
2,8620
2,8621
2,8622
2,8628
2,8637
2,8647
2,8650
2,8651
2,8653
2,8664
2,8667
2,8668
2,8670
2,8672
2,8682
2,8689
2,8690
2,8693
2,8696
2,8698
2,8701
2,8702
2,8705
2,8715
2,8717
2,8723
2,8728
2,8733
2,8736
2,8740
2,8741
2,8746
2,8747
2,8752
2,8753
2,8758
2,8760
2,8762
2,8763
2,8765
2,8766
2,8768
2,8774
2,8789
2,8790
2,8791
2,8797
2,8808
2,8811
2,8817
2,8823
2,8833
2,8835
2,8839
2,8841
2,8842
2,8846
2,8851
2,8858
2,8863
2,8864
2,8865
2,8867
2,8869
2,8874
2,8875
2,8881
2,8889
2,8891
2,8908
2,8922
2,8928
2,8933
2,8936
2,8938
2,8948
2,8962
2,8964
2,8974
2,8989
2,8999
2,9014
2,9021
2,9022
2,9025
2,9035
2,9036
2,9045
2,9048
2,9052
2,9059
2,9063
2,9065
2,9073
2,9077
2,9081
2,9098
2,9100
2,9102
2,9104
2,9120
2,9124
2,9126
2,9128
2,9140
2,9152
2,9155
2,9158
2,9160
2,9164
2,9167
2,9168
2,9169
2,9177
2,9181
2,9184
2,9189
2,9198
2,9200
2,9204
2,9207
2,9208
2,9209
2,9217
2,9218
2,9224
2,9232
2,9236
2,9241
2,9242
2,9243
2,9245
2,9247
2,9253
2,9255
2,9266
2,9268
2,9269
2,9272
2,9276
2,9277
2,9282
2,9288
2,9292
2,9297
2,9302
2,9309
2,9312
2,9316
2,9317
2,9321
2,9326
2,9329
2,9333
2,9337
2,9363
2,9366
2,9368
2,9370
2,9382
2,9384
2,9386
2,9388
2,9390
2,9396
2,9399
2,9410
2,9411
2,9420
2,9423
2,9426
2,9429
2,9433
2,9442
2,9452
2,9455
2,9466
2,9473
2,9475
2,9478
2,9480
2,9484
2,9490
2,9494
2,9495
2,9497
2,9498
2,9512
2,9517
2,9518
2,9521
2,9523
2,9526
2,9539
2,9545
2,9550
2,9551
2,9553
2,9559
2,9565
2,9578
2,9580
2,9585
2,9608
2,9612
2,9613
2,9621
2,9625
2,9629
2,9638
2,9641
2,9646
2,9650
2,9657
2,9667
2,9668
2,9674
2,9677
2,9681
2,9682
2,9689
2,9690
2,9691
2,9694
2,9703
2,9706
2,9711
2,9715
2,9727
2,9729
2,9731
2,9746
2,9750
2,9751
2,9757
2,9758
2,9762
2,9763
2,9770
2,9771
2,9779
2,9786
2,9794
2,9796
2,9799
2,9805
2,9807
2,9815
2,9817
2,9820
2,9830
2,9831
2,9833
2,9834
2,9840
2,9846
2,9852
2,9855
2,9857
2,9883
2,9885
2,9893
2,9898
2,9907
2,9911
2,9914
2,9917
2,9922
2,9928
2,9939
2,9940
2,9947
2,9950
2,9955
2,9959
2,9961
2,9964
2,9970
2,9974
2,9978
2,9985
2,9988
2,9989
2,9990
2,9992
2,9997
2,10013
2,10017
2,10018
2,10026
2,10027
2,10042
2,10046
2,10058
2,10062
2,10071
2,10075
2,10076
2,10079
2,10081
2,10083
2,10084
2,10086
2,10087
2,10090
2,10092
2,10100
2,10115
2,10124
2,10133
2,10135
2,10158
2,10163
2,10175
2,10185
2,10191
2,10192
2,10193
2,10194
2,10195
2,10200
2,10207
2,10209
2,10211
2,10213
2,10220
2,10223
2,10224
2,10225
2,10227
2,10235
2,10236
2,10237
2,10239
2,10244
2,10258
2,10265
2,10271
2,10272
2,10281
2,10290
2,10293
2,10297
2,10299
2,10303
2,10307
2,10308
2,10310
2,10311
2,10313
2,10322
2,10333
2,10346
2,10351
2,10353
2,10356
2,10359
2,10369
2,10370
2,10378
2,10379
2,10386
2,10387
2,10392
2,10393
2,10403
2,10410
2,10411
2,10414
2,10420
2,10428
2,10433
2,10443
2,10447
2,10453
2,10456
2,10462
2,10464
2,10468
2,10473
2,10475
2,10486
2,10489
2,10490
2,10494
2,10496
2,10503
2,10504
2,10518
2,10519
2,10521
2,10526
2,10527
2,10530
2,10531
2,10532
2,10533
2,10538
2,10541
2,10547
2,10558
2,10562
2,10563
2,10570
2,10576
2,10586
2,10592
2,10593
2,10594
2,10596
2,10601
2,10605
2,10608
2,10609
2,10617
2,10623
2,10626
2,10628
2,10631
2,10639
2,10646
2,10648
2,10653
2,10660
2,10665
2,10667
2,10670
2,10673
2,10678
2,10683
2,10684
2,10711
2,10717
2,10719
2,10730
2,10739
2,10745
2,10765
2,10766
2,10772
2,10773
2,10777
2,10783
2,10789
2,10791
2,10798
2,10802
2,10803
2,10804
2,10809
2,10812
2,10820
2,10821
2,10833
2,10836
2,10844
2,10849
2,10853
2,10857
2,10861
2,10864
2,10865
2,10873
2,10875
2,10883
2,10890
2,10900
2,10901
2,10904
2,10906
2,10915
2,10918
2,10920
2,10922
2,10926
2,10931
2,10933
2,10936
2,10938
2,10941
2,10945
2,10949
2,10953
2,10960
2,10963
2,10964
2,10976
2,10978
2,10979
2,10980
2,10990
2,10993
2,10996
2,10999
2,11003
2,11004
2,11005
2,11007
2,11008
2,11015
2,11018
2,11022
2,11024
2,11026
2,11029
2,11030
2,11031
2,11038
2,11044
2,11045
2,11051
2,11069
2,11071
2,11073
2,11086
2,11088
2,11090
2,11091
2,11104
2,11111
2,11125
2,11126
2,11127
2,11128
2,11130
2,11134
2,11139
2,11145
2,11149
2,11151
2,11156
2,11157
2,11159
2,11161
2,11165
3,0
3,9
3,12
3,16
3,18
3,23
3,27
3,45
3,51
3,62
3,69
3,72
3,76
3,78
3,80
3,83
3,86
3,87
3,90
3,122
3,126
3,129
3,130
3,137
3,146
3,149
3,154
3,158
3,162
3,165
3,167
3,169
3,170
3,174
3,183
3,193
3,211
3,214
3,221
3,228
3,238
3,241
3,242
3,244
3,250
3,253
3,255
3,256
3,257
3,280
3,282
3,287
3,289
3,290
3,291
3,294
3,297
3,298
3,300
3,301
3,302
3,303
3,304
3,308
3,311
3,315
3,316
3,322
3,324
3,337
3,338
3,340
3,342
3,348
3,361
3,363
3,365
3,367
3,379
3,381
3,382
3,386
3,390
3,394
3,397
3,402
3,406
3,409
3,410
3,412
3,424
3,429
3,435
3,439
3,440
3,442
3,457
3,459
3,466
3,477
3,479
3,481
3,488
3,490
3,507
3,513
3,516
3,517
3,524
3,529
3,532
3,538
3,542
3,548
3,552
3,557
3,571
3,573
3,574
3,588
3,591
3,593
3,602
3,605
3,610
3,616
3,618
3,620
3,646
3,648
3,649
3,652
3,656
3,659
3,664
3,665
3,668
3,682
3,683
3,689
3,691
3,694
3,698
3,699
3,707
3,713
3,716
3,725
3,728
3,730
3,734
3,738
3,742
3,747
3,756
3,757
3,764
3,769
3,770
3,776
3,778
3,782
3,789
3,796
3,798
3,802
3,806
3,815
3,821
3,822
3,823
3,829
3,830
3,832
3,837
3,840
3,846
3,850
3,854
3,855
3,858
3,861
3,864
3,868
3,871
3,873
3,874
3,876
3,878
3,879
3,881
3,883
3,890
3,899
3,906
3,914
3,916
3,917
3,920
3,922
3,924
3,926
3,927
3,930
3,944
3,948
3,951
3,952
3,953
3,956
3,963
3,965
3,973
3,978
3,981
3,985
3,993
3,995
3,1020
3,1030
3,1033
3,1037
3,1050
3,1052
3,1053
3,1058
3,1066
3,1070
3,1090
3,1094
3,1097
3,1100
3,1101
3,1104
3,1106
3,1107
3,1112
3,1115
3,1124
3,1126
3,1129
3,1131
3,1135
3,1138
3,1143
3,1144
3,1145
3,1156
3,1163
3,1165
3,1170
3,1181
3,1184
3,1190
3,1200
3,1201
3,1215
3,1218
3,1220
3,1222
3,1224
3,1228
3,1234
3,1237
3,1240
3,1244
3,1247
3,1250
3,1259
3,1261
3,1267
3,1268
3,1269
3,1270
3,1273
3,1275
3,1277
3,1278
3,1283
3,1290
3,1291
3,1294
3,1297
3,1304
3,1306
3,1309
3,1310
3,1319
3,1340
3,1359
3,1368
3,1370
3,1373
3,1376
3,1381
3,1382
3,1385
3,1389
3,1396
3,1399
3,1401
3,1404
3,1412
3,1414
3,1415
3,1417
3,1421
3,1431
3,1441
3,1451
3,1472
3,1488
3,1503
3,1507
3,1512
3,1513
3,1519
3,1526
3,1528
3,1529
3,1532
3,1534
3,1536
3,1537
3,1538
3,1539
3,1545
3,1553
3,1556
3,1560
3,1567
3,1568
3,1572
3,1584
3,1600
3,1603
3,1606
3,1607
3,1612
3,1615
3,1620
3,1629
3,1630
3,1636
3,1656
3,1670
3,1671
3,1680
3,1682
3,1683
3,1700
3,1705
3,1714
3,1716
3,1720
3,1725
3,1726
3,1737
3,1742
3,1743
3,1745
3,1746
3,1751
3,1764
3,1777
3,1783
3,1787
3,1789
3,1792
3,1793
3,1794
3,1800
3,1801
3,1803
3,1813
3,1815
3,1824
3,1831
3,1832
3,1836
3,1864
3,1866
3,1868
3,1876
3,1883
3,1884
3,1885
3,1887
3,1888
3,1890
3,1891
3,1894
3,1897
3,1898
3,1907
3,1911
3,1917
3,1923
3,1937
3,1939
3,1941
3,1950
3,1954
3,1961
3,1965
3,1975
3,1978
3,1980
3,1996
3,2001
3,2002
3,2005
3,2010
3,2034
3,2038
3,2040
3,2045
3,2046
3,2050
3,2051
3,2058
3,2059
3,2060
3,2061
3,2073
3,2077
3,2089
3,2093
3,2097
3,2124
3,2125
3,2133
3,2135
3,2138
3,2139
3,2141
3,2145
3,2152
3,2157
3,2163
3,2166
3,2167
3,2169
3,2170
3,2172
3,2173
3,2174
3,2175
3,2177
3,2188
3,2209
3,2210
3,2212
3,2214
3,2218
3,2219
3,2221
3,2231
3,2232
3,2241
3,2250
3,2251
3,2266
3,2267
3,2273
3,2276
3,2284
3,2292
3,2297
3,2299
3,2300
3,2305
3,2314
3,2316
3,2318
3,2319
3,2326
3,2329
3,2341
3,2354
3,2358
3,2364
3,2366
3,2373
3,2383
3,2384
3,2390
3,2400
3,2405
3,2416
3,2428
3,2435
3,2453
3,2457
3,2462
3,2471
3,2474
3,2475
3,2482
3,2488
3,2497
3,2501
3,2502
3,2503
3,2505
3,2509
3,2511
3,2520
3,2524
3,2527
3,2529
3,2530
3,2531
3,2544
3,2546
3,2551
3,2556
3,2560
3,2570
3,2571
3,2573
3,2575
3,2576
3,2577
3,2580
3,2582
3,2588
3,2589
3,2591
3,2596
3,2598
3,2602
3,2605
3,2614
3,2616
3,2620
3,2625
3,2628
3,2637
3,2638
3,2650
3,2656
3,2657
3,2659
3,2664
3,2665
3,2672
3,2673
3,2674
3,2689
3,2694
3,2701
3,2703
3,2707
3,2714
3,2722
3,2725
3,2727
3,2734
3,2738
3,2740
3,2750
3,2754
3,2760
3,2769
3,2775
3,2776
3,2780
3,2784
3,2787
3,2789
3,2801
3,2803
3,2804
3,2805
3,2813
3,2814
3,2831
3,2839
3,2841
3,2844
3,2845
3,2846
3,2854
3,2858
3,2864
3,2868
3,2875
3,2879
3,2881
3,2888
3,2891
3,2892
3,2901
3,2913
3,2918
3,2925
3,2933
3,2936
3,2941
3,2945
3,2950
3,2952
3,2957
3,2958
3,2961
3,2979
3,2982
3,2983
3,2984
3,2985
3,2988
3,3001
3,3007
3,3014
3,3015
3,3018
3,3020
3,3025
3,3026
3,3029
3,3034
3,3053
3,3055
3,3076
3,3082
3,3088
3,3089
3,3090
3,3101
3,3103
3,3113
3,3120
3,3123
3,3127
3,3128
3,3131
3,3132
3,3136
3,3138
3,3142
3,3145
3,3149
3,3157
3,3162
3,3163
3,3165
3,3167
3,3186
3,3189
3,3190
3,3193
3,3197
3,3198
3,3202
3,3203
3,3204
3,3206
3,3210
3,3217
3,3231
3,3233
3,3234
3,3240
3,3246
3,3248
3,3255
3,3258
3,3261
3,3263
3,3267
3,3269
3,3271
3,3274
3,3278
3,3288
3,3290
3,3295
3,3296
3,3297
3,3309
3,3311
3,3312
3,3313
3,3315
3,3320
3,3325
3,3328
3,3339
3,3348
3,3355
3,3361
3,3364
3,3368
3,3372
3,3380
3,3392
3,3398
3,3400
3,3403
3,3416
3,3422
3,3425
3,3427
3,3430
3,3434
3,3435
3,3438
3,3449
3,3458
3,3460
3,3464
3,3477
3,3479
3,3484
3,3485
3,3490
3,3494
3,3497
3,3499
3,3502
3,3505
3,3511
3,3513
3,3514
3,3515
3,3516
3,3521
3,3524
3,3529
3,3530
3,3531
3,3537
3,3544
3,3548
3,3551
3,3566
3,3572
3,3575
3,3591
3,3598
3,3607
3,3614
3,3615
3,3616
3,3620
3,3622
3,3639
3,3648
3,3650
3,3651
3,3652
3,3654
3,3664
3,3666
3,3673
3,3675
3,3680
3,3685
3,3687
3,3697
3,3704
3,3707
3,3708
3,3709
3,3711
3,3727
3,3729
3,3734
3,3740
3,3745
3,3749
3,3754
3,3759
3,3765
3,3766
3,3772
3,3775
3,3781
3,3787
3,3792
3,3796
3,3807
3,3816
3,3823
3,3829
3,3830
3,3841
3,3852
3,3857
3,3861
3,3864
3,3870
3,3876
3,3877
3,3880
3,3881
3,3893
3,3906
3,3909
3,3912
3,3919
3,3926
3,3928
3,3932
3,3939
3,3942
3,3945
3,3946
3,3958
3,3961
3,3965
3,3967
3,3969
3,3979
3,3981
3,3982
3,3983
3,3987
3,4002
3,4003
3,4007
3,4014
3,4021
3,4023
3,4029
3,4030
3,4033
3,4034
3,4041
3,4042
3,4044
3,4045
3,4050
3,4052
3,4054
3,4066
3,4077
3,4085
3,4087
3,4095
3,4105
3,4115
3,4119
3,4126
3,4127
3,4128
3,4130
3,4135
3,4141
3,4143
3,4145
3,4147
3,4149
3,4158
3,4168
3,4170
3,4172
3,4176
3,4179
3,4180
3,4186
3,4189
3,4191
3,4192
3,4196
3,4198
3,4200
3,4202
3,4203
3,4204
3,4205
3,4206
3,4209
3,4210
3,4211
3,4215
3,4219
3,4220
3,4222
3,4224
3,4225
3,4227
3,4236
3,4239
3,4244
3,4251
3,4254
3,4260
3,4262
3,4265
3,4272
3,4274
3,4277
3,4280
3,4283
3,4291
3,4304
3,4322
3,4324
3,4325
3,4327
3,4344
3,4350
3,4368
3,4369
3,4380
3,4383
3,4387
3,4398
3,4404
3,4413
3,4417
3,4427
3,4429
3,4439
3,4441
3,4443
3,4444
3,4457
3,4458
3,4468
3,4469
3,4472
3,4473
3,4476
3,4486
3,4491
3,4492
3,4495
3,4496
3,4500
3,4510
3,4513
3,4514
3,4517
3,4518
3,4524
3,4531
3,4532
3,4534
3,4539
3,4544
3,4546
3,4547
3,4548
3,4555
3,4558
3,4564
3,4582
3,4584
3,4585
3,4596
3,4599
3,4600
3,4604
3,4610
3,4615
3,4618
3,4632
3,4635
3,4637
3,4640
3,4652
3,4656
3,4658
3,4664
3,4674
3,4675
3,4678
3,4680
3,4683
3,4689
3,4695
3,4700
3,4712
3,4723
3,4730
3,4740
3,4741
3,4752
3,4756
3,4768
3,4778
3,4788
3,4789
3,4791
3,4799
3,4802
3,4816
3,4825
3,4826
3,4837
3,4845
3,4854
3,4857
3,4858
3,4874
3,4880
3,4882
3,4890
3,4894
3,4896
3,4898
3,4904
3,4915
3,4916
3,4919
3,4920
3,4925
3,4928
3,4930
3,4932
3,4941
3,4942
3,4943
3,4946
3,4947
3,4963
3,4966
3,4968
3,4970
3,4980
3,4986
3,4988
3,4992
3,4996
3,5000
3,5002
3,5018
3,5021
3,5040
3,5045
3,5047
3,5049
3,5050
3,5051
3,5053
3,5055
3,5063
3,5087
3,5092
3,5094
3,5095
3,5105
3,5114
3,5117
3,5119
3,5122
3,5125
3,5132
3,5141
3,5145
3,5155
3,5167
3,5173
3,5175
3,5182
3,5185
3,5196
3,5204
3,5205
3,5208
3,5215
3,5234
3,5235
3,5236
3,5237
3,5242
3,5260
3,5271
3,5277
3,5279
3,5291
3,5294
3,5297
3,5304
3,5305
3,5308
3,5309
3,5313
3,5333
3,5335
3,5343
3,5345
3,5351
3,5355
3,5356
3,5363
3,5364
3,5367
3,5368
3,5369
3,5371
3,5376
3,5379
3,5387
3,5393
3,5398
3,5431
3,5435
3,5453
3,5455
3,5457
3,5470
3,5486
3,5488
3,5491
3,5497
3,5520
3,5529
3,5538
3,5541
3,5547
3,5555
3,5568
3,5574
3,5579
3,5580
3,5586
3,5589
3,5593
3,5602
3,5604
3,5609
3,5610
3,5620
3,5624
3,5629
3,5630
3,5631
3,5633
3,5636
3,5640
3,5642
3,5645
3,5646
3,5648
3,5649
3,5651
3,5653
3,5654
3,5656
3,5657
3,5659
3,5660
3,5664
3,5667
3,5673
3,5681
3,5682
3,5686
3,5688
3,5690
3,5692
3,5693
3,5694
3,5695
3,5707
3,5712
3,5717
3,5735
3,5742
3,5743
3,5744
3,5747
3,5760
3,5769
3,5774
3,5776
3,5793
3,5801
3,5803
3,5808
3,5809
3,5815
3,5823
3,5832
3,5834
3,5838
3,5840
3,5846
3,5853
3,5855
3,5861
3,5863
3,5864
3,5868
3,5871
3,5873
3,5877
3,5879
3,5881
3,5884
3,5894
3,5899
3,5908
3,5913
3,5916
3,5918
3,5920
3,5924
3,5930
3,5932
3,5935
3,5943
3,5946
3,5959
3,5964
3,5968
3,5974
3,5977
3,5982
3,5984
3,5990
3,5993
3,6004
3,6005
3,6009
3,6010
3,6011
3,6020
3,6021
3,6025
3,6028
3,6031
3,6037
3,6038
3,6043
3,6044
3,6048
3,6054
3,6063
3,6064
3,6069
3,6078
3,6080
3,6088
3,6092
3,6098
3,6100
3,6102
3,6113
3,6119
3,6125
3,6127
3,6132
3,6141
3,6144
3,6157
3,6160
3,6165
3,6166
3,6175
3,6184
3,6186
3,6189
3,6193
3,6194
3,6202
3,6203
3,6206
3,6221
3,6223
3,6224
3,6233
3,6234
3,6235
3,6238
3,6243
3,6254
3,6255
3,6256
3,6258
3,6260
3,6267
3,6288
3,6290
3,6297
3,6306
3,6333
3,6335
3,6338
3,6343
3,6346
3,6349
3,6352
3,6366
3,6369
3,6381
3,6384
3,6386
3,6387
3,6389
3,6403
3,6409
3,6418
3,6426
3,6428
3,6441
3,6442
3,6447
3,6456
3,6459
3,6466
3,6468
3,6478
3,6479
3,6484
3,6488
3,6514
3,6516
3,6517
3,6520
3,6527
3,6543
3,6570
3,6574
3,6589
3,6590
3,6611
3,6622
3,6634
3,6637
3,6638
3,6647
3,6660
3,6663
3,6675
3,6679
3,6697
3,6698
3,6700
3,6706
3,6707
3,6709
3,6714
3,6717
3,6719
3,6722
3,6733
3,6743
3,6745
3,6752
3,6753
3,6757
3,6763
3,6765
3,6767
3,6774
3,6779
3,6780
3,6782
3,6795
3,6803
3,6814
3,6838
3,6840
3,6841
3,6846
3,6866
3,6867
3,6868
3,6872
3,6881
3,6898
3,6902
3,6903
3,6909
3,6911
3,6914
3,6918
3,6923
3,6928
3,6929
3,6931
3,6932
3,6934
3,6948
3,6953
3,6972
3,6973
3,6980
3,7000
3,7001
3,7003
3,7008
3,7009
3,7012
3,7013
3,7016
3,7028
3,7035
3,7036
3,7038
3,7039
3,7051
3,7054
3,7055
3,7062
3,7066
3,7067
3,7077
3,7079
3,7080
3,7082
3,7083
3,7094
3,7095
3,7097
3,7098
3,7100
3,7102
3,7103
3,7105
3,7106
3,7109
3,7113
3,7114
3,7120
3,7127
3,7130
3,7141
3,7156
3,7169
3,7171
3,7172
3,7179
3,7181
3,7201
3,7207
3,7214
3,7215
3,7216
3,7221
3,7222
3,7232
3,7237
3,7238
3,7239
3,7241
3,7246
3,7252
3,7253
3,7261
3,7270
3,7283
3,7285
3,7291
3,7300
3,7306
3,7312
3,7315
3,7316
3,7325
3,7326
3,7329
3,7331
3,7346
3,7348
3,7349
3,7350
3,7351
3,7352
3,7361
3,7362
3,7364
3,7365
3,7366
3,7377
3,7382
3,7383
3,7388
3,7394
3,7406
3,7410
3,7415
3,7416
3,7423
3,7428
3,7435
3,7443
3,7450
3,7458
3,7466
3,7469
3,7470
3,7476
3,7478
3,7488
3,7490
3,7496
3,7512
3,7518
3,7521
3,7530
3,7532
3,7535
3,7543
3,7548
3,7549
3,7554
3,7555
3,7556
3,7557
3,7567
3,7576
3,7578
3,7579
3,7590
3,7594
3,7598
3,7610
3,7623
3,7634
3,7642
3,7648
3,7649
3,7661
3,7664
3,7674
3,7681
3,7684
3,7686
3,7688
3,7689
3,7690
3,7691
3,7696
3,7714
3,7723
3,7726
3,7728
3,7729
3,7733
3,7736
3,7737
3,7740
3,7748
3,7754
3,7756
3,7766
3,7770
3,7772
3,7783
3,7791
3,7797
3,7807
3,7814
3,7817
3,7822
3,7825
3,7834
3,7839
3,7844
3,7846
3,7849
3,7851
3,7853
3,7854
3,7862
3,7867
3,7871
3,7876
3,7892
3,7894
3,7899
3,7900
3,7919
3,7923
3,7925
3,7928
3,7931
3,7936
3,7945
3,7946
3,7951
3,7952
3,7953
3,7961
3,7976
3,7986
3,7989
3,8008
3,8009
3,8012
3,8013
3,8014
3,8015
3,8021
3,8022
3,8040
3,8042
3,8043
3,8045
3,8048
3,8056
3,8066
3,8068
3,8070
3,8072
3,8074
3,8082
3,8084
3,8099
3,8102
3,8106
3,8107
3,8112
3,8114
3,8122
3,8123
3,8125
3,8126
3,8133
3,8135
3,8137
3,8142
3,8147
3,8156
3,8157
3,8164
3,8168
3,8169
3,8170
3,8172
3,8178
3,8181
3,8185
3,8192
3,8193
3,8196
3,8198
3,8201
3,8202
3,8207
3,8212
3,8214
3,8221
3,8233
3,8237
3,8240
3,8241
3,8245
3,8264
3,8265
3,8272
3,8275
3,8277
3,8281
3,8283
3,8285
3,8288
3,8298
3,8304
3,8309
3,8330
3,8334
3,8336
3,8337
3,8343
3,8347
3,8352
3,8355
3,8367
3,8380
3,8386
3,8387
3,8404
3,8418
3,8419
3,8423
3,8436
3,8437
3,8440
3,8443
3,8444
3,8452
3,8453
3,8454
3,8455
3,8457
3,8462
3,8463
3,8475
3,8478
3,8483
3,8484
3,8485
3,8490
3,8493
3,8495
3,8533
3,8536
3,8545
3,8546
3,8552
3,8558
3,8565
3,8568
3,8578
3,8580
3,8582
3,8584
3,8585
3,8587
3,8589
3,8594
3,8599
3,8606
3,8611
3,8613
3,8615
3,8632
3,8633
3,8634
3,8636
3,8645
3,8646
3,8649
3,8654
3,8661
3,8673
3,8674
3,8675
3,8687
3,8694
3,8706
3,8710
3,8719
3,8720
3,8721
3,8727
3,8731
3,8735
3,8744
3,8745
3,8748
3,8749
3,8754
3,8771
3,8773
3,8782
3,8784
3,8787
3,8792
3,8795
3,8801
3,8805
3,8806
3,8809
3,8822
3,8824
3,8825
3,8849
3,8854
3,8856
3,8880
3,8890
3,8896
3,8899
3,8900
3,8903
3,8907
3,8910
3,8926
3,8929
3,8930
3,8931
3,8943
3,8950
3,8953
3,8954
3,8956
3,8958
3,8960
3,8961
3,8967
3,8980
3,8984
3,8990
3,8993
3,9003
3,9006
3,9008
3,9009
3,9010
3,9013
3,9019
3,9020
3,9027
3,9028
3,9029
3,9041
3,9044
3,9055
3,9062
3,9066
3,9074
3,9079
3,9080
3,9083
3,9090
3,9091
3,9097
3,9106
3,9107
3,9109
3,9135
3,9142
3,9149
3,9151
3,9153
3,9157
3,9162
3,9171
3,9175
3,9176
3,9178
3,9186
3,9190
3,9194
3,9195
3,9201
3,9202
3,9221
3,9222
3,9230
3,9244
3,9248
3,9257
3,9258
3,9259
3,9260
3,9264
3,9267
3,9271
3,9278
3,9280
3,9283
3,9289
3,9291
3,9293
3,9294
3,9296
3,9310
3,9313
3,9318
3,9319
3,9322
3,9332
3,9334
3,9335
3,9338
3,9342
3,9345
3,9347
3,9348
3,9357
3,9358
3,9362
3,9364
3,9369
3,9373
3,9377
3,9379
3,9380
3,9383
3,9387
3,9389
3,9391
3,9394
3,9402
3,9404
3,9424
3,9432
3,9438
3,9441
3,9443
3,9451
3,9457
3,9458
3,9462
3,9464
3,9465
3,9470
3,9471
3,9477
3,9481
3,9485
3,9486
3,9487
3,9488
3,9489
3,9491
3,9499
3,9503
3,9507
3,9509
3,9513
3,9520
3,9522
3,9527
3,9531
3,9536
3,9544
3,9546
3,9549
3,9574
3,9582
3,9591
3,9592
3,9605
3,9607
3,9618
3,9620
3,9633
3,9634
3,9636
3,9637
3,9639
3,9642
3,9643
3,9651
3,9653
3,9654
3,9655
3,9658
3,9659
3,9661
3,9663
3,9671
3,9678
3,9679
3,9686
3,9695
3,9697
3,9699
3,9700
3,9705
3,9707
3,9708
3,9710
3,9714
3,9718
3,9724
3,9726
3,9730
3,9732
3,9733
3,9743
3,9759
3,9765
3,9767
3,9768
3,9773
3,9783
3,9784
3,9788
3,9789
3,9813
3,9818
3,9819
3,9822
3,9826
3,9829
3,9837
3,9841
3,9845
3,9847
3,9848
3,9849
3,9856
3,9858
3,9859
3,9860
3,9861
3,9866
3,9867
3,9868
3,9870
3,9871
3,9880
3,9881
3,9882
3,9888
3,9896
3,9901
3,9929
3,9931
3,9936
3,9938
3,9941
3,9958
3,9980
3,10019
3,10043
3,10045
3,10048
3,10063
3,10074
3,10077
3,10078
3,10094
3,10102
3,10107
3,10110
3,10119
3,10122
3,10123
3,10125
3,10134
3,10138
3,10145
3,10160
3,10162
3,10168
3,10173
3,10176
3,10181
3,10183
3,10184
3,10187
3,10190
3,10196
3,10197
3,10212
3,10217
3,10219
3,10228
3,10230
3,10232
3,10241
3,10245
3,10246
3,10255
3,10262
3,10268
3,10277
3,10278
3,10280
3,10284
3,10287
3,10295
3,10298
3,10302
3,10304
3,10306
3,10312
3,10315
3,10316
3,10317
3,10321
3,10326
3,10328
3,10332
3,10334
3,10339
3,10343
3,10345
3,10348
3,10352
3,10362
3,10364
3,10365
3,10366
3,10371
3,10376
3,10381
3,10382
3,10383
3,10388
3,10389
3,10390
3,10395
3,10397
3,10398
3,10406
3,10409
3,10413
3,10418
3,10427
3,10429
3,10431
3,10434
3,10435
3,10436
3,10437
3,10441
3,10442
3,10449
3,10451
3,10454
3,10455
3,10465
3,10483
3,10491
3,10500
3,10506
3,10507
3,10508
3,10513
3,10515
3,10522
3,10550
3,10552
3,10557
3,10561
3,10564
3,10567
3,10569
3,10574
3,10582
3,10591
3,10598
3,10600
3,10607
3,10611
3,10612
3,10613
3,10614
3,10615
3,10618
3,10620
3,10627
3,10634
3,10636
3,10647
3,10650
3,10651
3,10652
3,10659
3,10671
3,10675
3,10676
3,10687
3,10688
3,10693
3,10694
3,10696
3,10699
3,10700
3,10703
3,10706
3,10708
3,10715
3,10721
3,10727
3,10728
3,10732
3,10734
3,10735
3,10738
3,10740
3,10743
3,10744
3,10747
3,10752
3,10761
3,10767
3,10770
3,10776
3,10781
3,10792
3,10793
3,10796
3,10797
3,10799
3,10805
3,10811
3,10817
3,10818
3,10827
3,10830
3,10837
3,10841
3,10843
3,10847
3,10850
3,10855
3,10856
3,10866
3,10877
3,10881
3,10884
3,10892
3,10903
3,10907
3,10910
3,10912
3,10916
3,10921
3,10927
3,10928
3,10932
3,10946
3,10948
3,10955
3,10956
3,10966
3,10983
3,10985
3,10995
3,10997
3,11001
3,11016
3,11027
3,11032
3,11034
3,11046
3,11049
3,11050
3,11052
3,11055
3,11058
3,11070
3,11076
3,11077
3,11083
3,11097
3,11103
3,11108
3,11110
3,11117
3,11121
3,11132
3,11138
3,11146
3,11148
3,11152
3,11153
3,11160
3,11162
4,1
4,2
4,3
4,7
4,32
4,35
4,36
4,37
4,39
4,40
4,48
4,52
4,53
4,54
4,57
4,59
4,64
4,65
4,70
4,85
4,93
4,96
4,97
4,98
4,100
4,101
4,109
4,112
4,114
4,120
4,127
4,138
4,152
4,156
4,160
4,172
4,177
4,178
4,179
4,181
4,185
4,186
4,188
4,189
4,195
4,217
4,222
4,225
4,235
4,239
4,249
4,254
4,258
4,261
4,264
4,275
4,276
4,309
4,314
4,323
4,327
4,334
4,341
4,343
4,346
4,347
4,356
4,357
4,366
4,372
4,373
4,384
4,385
4,387
4,391
4,393
4,395
4,404
4,407
4,414
4,416
4,420
4,423
4,431
4,441
4,447
4,451
4,452
4,463
4,464
4,465
4,468
4,469
4,470
4,471
4,475
4,480
4,482
4,493
4,494
4,495
4,498
4,509
4,515
4,519
4,526
4,528
4,530
4,531
4,539
4,544
4,549
4,555
4,556
4,558
4,564
4,568
4,577
4,579
4,589
4,596
4,600
4,607
4,622
4,623
4,624
4,630
4,633
4,637
4,650
4,663
4,670
4,673
4,675
4,677
4,678
4,686
4,687
4,692
4,703
4,704
4,705
4,706
4,709
4,721
4,724
4,732
4,735
4,737
4,740
4,745
4,752
4,754
4,755
4,759
4,762
4,768
4,779
4,786
4,799
4,800
4,801
4,804
4,805
4,810
4,811
4,813
4,826
4,827
4,843
4,845
4,848
4,849
4,863
4,866
4,867
4,872
4,884
4,885
4,896
4,903
4,904
4,908
4,913
4,923
4,929
4,935
4,936
4,937
4,941
4,957
4,961
4,974
4,977
4,1000
4,1002
4,1007
4,1012
4,1017
4,1018
4,1022
4,1026
4,1027
4,1029
4,1032
4,1054
4,1057
4,1059
4,1071
4,1078
4,1081
4,1082
4,1087
4,1088
4,1092
4,1098
4,1103
4,1105
4,1108
4,1117
4,1118
4,1119
4,1120
4,1128
4,1133
4,1137
4,1142
4,1148
4,1149
4,1154
4,1159
4,1164
4,1175
4,1176
4,1177
4,1179
4,1180
4,1187
4,1199
4,1203
4,1206
4,1210
4,1219
4,1221
4,1225
4,1230
4,1232
4,1236
4,1238
4,1241
4,1249
4,1251
4,1253
4,1266
4,1280
4,1299
4,1300
4,1303
4,1305
4,1312
4,1313
4,1318
4,1323
4,1327
4,1328
4,1329
4,1334
4,1337
4,1341
4,1346
4,1352
4,1353
4,1363
4,1392
4,1408
4,1416
4,1418
4,1427
4,1429
4,1435
4,1442
4,1447
4,1450
4,1453
4,1454
4,1461
4,1466
4,1467
4,1471
4,1476
4,1483
4,1487
4,1489
4,1504
4,1514
4,1516
4,1530
4,1533
4,1541
4,1542
4,1552
4,1554
4,1562
4,1564
4,1566
4,1569
4,1571
4,1580
4,1581
4,1585
4,1589
4,1591
4,1598
4,1601
4,1602
4,1610
4,1616
4,1624
4,1625
4,1632
4,1634
4,1635
4,1637
4,1641
4,1664
4,1668
4,1673
4,1688
4,1691
4,1692
4,1693
4,1694
4,1695
4,1698
4,1703
4,1704
4,1709
4,1711
4,1715
4,1722
4,1724
4,1729
4,1733
4,1736
4,1744
4,1754
4,1756
4,1758
4,1780
4,1785
4,1791
4,1795
4,1809
4,1810
4,1811
4,1821
4,1826
4,1830
4,1834
4,1839
4,1840
4,1842
4,1843
4,1846
4,1851
4,1853
4,1855
4,1859
4,1872
4,1873
4,1875
4,1879
4,1892
4,1900
4,1904
4,1906
4,1909
4,1914
4,1915
4,1921
4,1931
4,1955
4,1960
4,1964
4,1967
4,1970
4,1972
4,1973
4,1981
4,1987
4,1989
4,1991
4,1995
4,1998
4,1999
4,2003
4,2007
4,2008
4,2019
4,2028
4,2033
4,2039
4,2055
4,2057
4,2062
4,2068
4,2069
4,2072
4,2075
4,2082
4,2087
4,2095
4,2096
4,2100
4,2106
4,2108
4,2110
4,2114
4,2121
4,2128
4,2134
4,2140
4,2142
4,2148
4,2150
4,2151
4,2164
4,2168
4,2176
4,2181
4,2183
4,2187
4,2189
4,2193
4,2196
4,2198
4,2200
4,2201
4,2204
4,2217
4,2226
4,2230
4,2236
4,2237
4,2240
4,2245
4,2249
4,2252
4,2254
4,2258
4,2261
4,2272
4,2274
4,2275
4,2277
4,2289
4,2291
4,2293
4,2295
4,2301
4,2307
4,2311
4,2320
4,2325
4,2327
4,2331
4,2342
4,2347
4,2356
4,2365
4,2372
4,2376
4,2377
4,2380
4,2387
4,2389
4,2392
4,2398
4,2402
4,2404
4,2408
4,2410
4,2413
4,2417
4,2421
4,2425
4,2427
4,2438
4,2442
4,2448
4,2450
4,2451
4,2452
4,2454
4,2465
4,2484
4,2486
4,2490
4,2494
4,2498
4,2506
4,2507
4,2508
4,2513
4,2515
4,2525
4,2534
4,2535
4,2536
4,2540
4,2541
4,2542
4,2543
4,2549
4,2552
4,2555
4,2559
4,2578
4,2586
4,2587
4,2592
4,2609
4,2610
4,2612
4,2617
4,2621
4,2623
4,2630
4,2631
4,2645
4,2648
4,2652
4,2654
4,2658
4,2666
4,2671
4,2675
4,2676
4,2679
4,2688
4,2696
4,2698
4,2705
4,2713
4,2736
4,2744
4,2749
4,2751
4,2753
4,2757
4,2761
4,2763
4,2766
4,2768
4,2777
4,2778
4,2779
4,2785
4,2792
4,2794
4,2797
4,2807
4,2811
4,2818
4,2820
4,2825
4,2826
4,2834
4,2836
4,2837
4,2842
4,2847
4,2848
4,2853
4,2866
4,2871
4,2878
4,2883
4,2885
4,2889
4,2893
4,2896
4,2907
4,2910
4,2919
4,2928
4,2931
4,2932
4,2937
4,2939
4,2947
4,2948
4,2949
4,2955
4,2960
4,2963
4,2972
4,2975
4,2977
4,2990
4,2992
4,3003
4,3006
4,3009
4,3016
4,3019
4,3028
4,3031
4,3033
4,3037
4,3039
4,3044
4,3054
4,3057
4,3058
4,3063
4,3064
4,3077
4,3079
4,3086
4,3093
4,3100
4,3102
4,3108
4,3109
4,3116
4,3121
4,3133
4,3139
4,3141
4,3144
4,3146
4,3168
4,3169
4,3177
4,3179
4,3182
4,3185
4,3191
4,3195
4,3200
4,3201
4,3205
4,3208
4,3211
4,3213
4,3218
4,3223
4,3226
4,3229
4,3237
4,3242
4,3254
4,3256
4,3260
4,3266
4,3273
4,3280
4,3282
4,3285
4,3305
4,3308
4,3314
4,3316
4,3321
4,3335
4,3338
4,3341
4,3349
4,3351
4,3356
4,3359
4,3369
4,3374
4,3377
4,3378
4,3382
4,3383
4,3384
4,3397
4,3399
4,3404
4,3405
4,3406
4,3408
4,3410
4,3428
4,3433
4,3441
4,3459
4,3461
4,3463
4,3469
4,3474
4,3476
4,3478
4,3480
4,3486
4,3487
4,3492
4,3495
4,3496
4,3500
4,3501
4,3517
4,3518
4,3519
4,3520
4,3522
4,3523
4,3527
4,3535
4,3542
4,3545
4,3546
4,3550
4,3553
4,3555
4,3558
4,3559
4,3568
4,3576
4,3586
4,3589
4,3590
4,3597
4,3600
4,3604
4,3605
4,3608
4,3609
4,3611
4,3612
4,3618
4,3619
4,3624
4,3633
4,3634
4,3635
4,3641
4,3642
4,3655
4,3667
4,3668
4,3681
4,3689
4,3695
4,3698
4,3718
4,3725
4,3728
4,3732
4,3735
4,3739
4,3743
4,3744
4,3746
4,3752
4,3753
4,3755
4,3761
4,3767
4,3777
4,3780
4,3782
4,3789
4,3799
4,3809
4,3814
4,3815
4,3817
4,3820
4,3822
4,3826
4,3831
4,3835
4,3837
4,3839
4,3842
4,3844
4,3847
4,3863
4,3866
4,3867
4,3874
4,3882
4,3887
4,3891
4,3895
4,3902
4,3905
4,3910
4,3914
4,3921
4,3925
4,3931
4,3934
4,3940
4,3941
4,3944
4,3949
4,3953
4,3955
4,3957
4,3959
4,3960
4,3968
4,3971
4,3986
4,3988
4,3989
4,3990
4,3992
4,3997
4,4001
4,4008
4,4016
4,4017
4,4019
4,4020
4,4022
4,4025
4,4031
4,4035
4,4038
4,4056
4,4068
4,4073
4,4080
4,4084
4,4088
4,4097
4,4102
4,4107
4,4108
4,4109
4,4112
4,4113
4,4116
4,4118
4,4121
4,4123
4,4129
4,4134
4,4139
4,4140
4,4146
4,4148
4,4154
4,4165
4,4166
4,4177
4,4178
4,4181
4,4183
4,4199
4,4212
4,4221
4,4223
4,4233
4,4242
4,4258
4,4261
4,4266
4,4279
4,4281
4,4284
4,4285
4,4289
4,4301
4,4308
4,4310
4,4314
4,4318
4,4319
4,4320
4,4321
4,4329
4,4334
4,4338
4,4341
4,4342
4,4348
4,4349
4,4361
4,4362
4,4363
4,4370
4,4375
4,4376
4,4378
4,4379
4,4385
4,4389
4,4394
4,4395
4,4400
4,4402
4,4403
4,4408
4,4411
4,4414
4,4419
4,4420
4,4421
4,4422
4,4424
4,4426
4,4435
4,4440
4,4446
4,4452
4,4453
4,4460
4,4475
4,4478
4,4479
4,4494
4,4502
4,4504
4,4519
4,4521
4,4523
4,4525
4,4528
4,4529
4,4535
4,4542
4,4550
4,4556
4,4560
4,4565
4,4566
4,4570
4,4572
4,4575
4,4576
4,4579
4,4590
4,4591
4,4592
4,4601
4,4616
4,4622
4,4625
4,4626
4,4628
4,4631
4,4636
4,4647
4,4650
4,4651
4,4657
4,4659
4,4681
4,4684
4,4696
4,4697
4,4701
4,4710
4,4713
4,4716
4,4718
4,4728
4,4737
4,4738
4,4739
4,4744
4,4753
4,4755
4,4759
4,4760
4,4764
4,4767
4,4771
4,4773
4,4774
4,4782
4,4792
4,4794
4,4801
4,4812
4,4815
4,4818
4,4822
4,4824
4,4827
4,4832
4,4833
4,4834
4,4836
4,4840
4,4842
4,4852
4,4859
4,4862
4,4864
4,4868
4,4870
4,4871
4,4875
4,4881
4,4888
4,4891
4,4892
4,4893
4,4903
4,4905
4,4926
4,4939
4,4952
4,4957
4,4959
4,4962
4,4972
4,4977
4,4987
4,4990
4,4991
4,4997
4,5003
4,5013
4,5019
4,5022
4,5024
4,5026
4,5028
4,5029
4,5038
4,5042
4,5046
4,5060
4,5071
4,5077
4,5081
4,5082
4,5089
4,5093
4,5096
4,5098
4,5106
4,5107
4,5113
4,5131
4,5135
4,5143
4,5147
4,5154
4,5157
4,5158
4,5159
4,5163
4,5164
4,5165
4,5168
4,5169
4,5171
4,5180
4,5186
4,5188
4,5190
4,5191
4,5192
4,5194
4,5199
4,5203
4,5206
4,5207
4,5212
4,5216
4,5217
4,5219
4,5224
4,5225
4,5229
4,5230
4,5231
4,5238
4,5239
4,5241
4,5249
4,5250
4,5261
4,5262
4,5263
4,5264
4,5266
4,5267
4,5274
4,5275
4,5278
4,5282
4,5283
4,5286
4,5312
4,5315
4,5319
4,5327
4,5330
4,5331
4,5344
4,5348
4,5349
4,5352
4,5358
4,5360
4,5361
4,5365
4,5374
4,5375
4,5378
4,5380
4,5381
4,5404
4,5405
4,5408
4,5410
4,5412
4,5418
4,5429
4,5437
4,5447
4,5451
4,5454
4,5460
4,5468
4,5472
4,5473
4,5475
4,5479
4,5483
4,5490
4,5500
4,5502
4,5503
4,5505
4,5510
4,5521
4,5523
4,5524
4,5528
4,5530
4,5533
4,5534
4,5540
4,5542
4,5544
4,5552
4,5559
4,5560
4,5561
4,5583
4,5585
4,5588
4,5594
4,5605
4,5606
4,5611
4,5614
4,5619
4,5623
4,5625
4,5639
4,5650
4,5652
4,5661
4,5665
4,5669
4,5698
4,5699
4,5703
4,5705
4,5708
4,5710
4,5718
4,5720
4,5721
4,5731
4,5739
4,5759
4,5765
4,5770
4,5772
4,5773
4,5775
4,5779
4,5781
4,5784
4,5788
4,5796
4,5797
4,5810
4,5819
4,5820
4,5828
4,5843
4,5847
4,5848
4,5854
4,5856
4,5857
4,5880
4,5886
4,5887
4,5890
4,5891
4,5895
4,5901
4,5902
4,5907
4,5910
4,5911
4,5914
4,5915
4,5923
4,5936
4,5950
4,5951
4,5960
4,5963
4,5966
4,5971
4,5973
4,5975
4,5980
4,5985
4,5986
4,5988
4,5992
4,5994
4,5997
4,5998
4,5999
4,6001
4,6006
4,6008
4,6018
4,6029
4,6035
4,6040
4,6042
4,6049
4,6050
4,6053
4,6059
4,6060
4,6061
4,6066
4,6070
4,6075
4,6076
4,6077
4,6086
4,6091
4,6094
4,6095
4,6108
4,6109
4,6121
4,6123
4,6128
4,6129
4,6134
4,6135
4,6136
4,6137
4,6138
4,6143
4,6145
4,6146
4,6153
4,6154
4,6156
4,6162
4,6168
4,6170
4,6173
4,6176
4,6177
4,6183
4,6185
4,6187
4,6188
4,6190
4,6192
4,6195
4,6200
4,6201
4,6207
4,6211
4,6212
4,6213
4,6215
4,6219
4,6225
4,6228
4,6241
4,6245
4,6250
4,6251
4,6252
4,6261
4,6264
4,6268
4,6270
4,6271
4,6272
4,6273
4,6274
4,6275
4,6281
4,6283
4,6296
4,6300
4,6301
4,6303
4,6308
4,6313
4,6315
4,6326
4,6331
4,6334
4,6336
4,6354
4,6355
4,6363
4,6365
4,6367
4,6370
4,6372
4,6375
4,6378
4,6388
4,6391
4,6393
4,6394
4,6401
4,6404
4,6429
4,6432
4,6439
4,6448
4,6450
4,6453
4,6463
4,6475
4,6476
4,6482
4,6483
4,6485
4,6496
4,6499
4,6500
4,6513
4,6515
4,6518
4,6524
4,6525
4,6528
4,6538
4,6544
4,6546
4,6551
4,6559
4,6561
4,6571
4,6577
4,6578
4,6580
4,6585
4,6587
4,6596
4,6609
4,6610
4,6616
4,6626
4,6627
4,6628
4,6629
4,6635
4,6642
4,6643
4,6645
4,6657
4,6661
4,6667
4,6673
4,6674
4,6686
4,6702
4,6704
4,6705
4,6715
4,6716
4,6723
4,6725
4,6731
4,6732
4,6738
4,6740
4,6742
4,6750
4,6751
4,6754
4,6764
4,6770
4,6775
4,6781
4,6787
4,6794
4,6805
4,6808
4,6810
4,6815
4,6832
4,6834
4,6836
4,6837
4,6844
4,6847
4,6871
4,6886
4,6889
4,6894
4,6899
4,6907
4,6912
4,6917
4,6919
4,6920
4,6930
4,6938
4,6942
4,6946
4,6950
4,6951
4,6956
4,6958
4,6959
4,6961
4,6964
4,6974
4,6975
4,6976
4,6983
4,6989
4,6992
4,6996
4,6997
4,7010
4,7019
4,7024
4,7029
4,7031
4,7037
4,7060
4,7070
4,7091
4,7111
4,7118
4,7122
4,7132
4,7134
4,7135
4,7144
4,7146
4,7148
4,7149
4,7155
4,7160
4,7164
4,7175
4,7180
4,7191
4,7192
4,7195
4,7202
4,7203
4,7212
4,7225
4,7243
4,7260
4,7281
4,7282
4,7287
4,7298
4,7305
4,7307
4,7308
4,7310
4,7311
4,7323
4,7339
4,7342
4,7345
4,7347
4,7357
4,7358
4,7359
4,7363
4,7368
4,7369
4,7384
4,7390
4,7391
4,7396
4,7397
4,7402
4,7407
4,7414
4,7418
4,7419
4,7422
4,7432
4,7433
4,7436
4,7440
4,7452
4,7460
4,7461
4,7468
4,7477
4,7482
4,7493
4,7501
4,7502
4,7503
4,7507
4,7509
4,7513
4,7515
4,7529
4,7550
4,7551
4,7560
4,7563
4,7570
4,7580
4,7581
4,7582
4,7585
4,7588
4,7589
4,7592
4,7596
4,7613
4,7631
4,7640
4,7641
4,7653
4,7655
4,7658
4,7666
4,7669
4,7676
4,7677
4,7680
4,7693
4,7694
4,7700
4,7702
4,7703
4,7707
4,7716
4,7718
4,7720
4,7721
4,7727
4,7742
4,7753
4,7762
4,7763
4,7769
4,7771
4,7776
4,7777
4,7780
4,7789
4,7790
4,7803
4,7810
4,7812
4,7826
4,7827
4,7829
4,7830
4,7833
4,7835
4,7838
4,7840
4,7845
4,7855
4,7858
4,7863
4,7864
4,7865
4,7870
4,7878
4,7880
4,7882
4,7885
4,7887
4,7890
4,7895
4,7896
4,7898
4,7903
4,7908
4,7912
4,7920
4,7937
4,7938
4,7943
4,7944
4,7948
4,7955
4,7956
4,7958
4,7969
4,7970
4,7975
4,7983
4,8020
4,8029
4,8031
4,8033
4,8044
4,8046
4,8052
4,8060
4,8067
4,8079
4,8081
4,8083
4,8088
4,8090
4,8103
4,8104
4,8110
4,8115
4,8120
4,8131
4,8134
4,8140
4,8144
4,8146
4,8154
4,8155
4,8159
4,8163
4,8174
4,8177
4,8183
4,8190
4,8191
4,8200
4,8208
4,8220
4,8228
4,8231
4,8236
4,8239
4,8243
4,8254
4,8276
4,8310
4,8316
4,8329
4,8331
4,8340
4,8341
4,8342
4,8351
4,8357
4,8359
4,8360
4,8363
4,8370
4,8376
4,8377
4,8379
4,8385
4,8388
4,8393
4,8394
4,8397
4,8401
4,8407
4,8414
4,8415
4,8422
4,8425
4,8427
4,8438
4,8448
4,8464
4,8473
4,8481
4,8492
4,8501
4,8508
4,8511
4,8512
4,8516
4,8519
4,8521
4,8525
4,8529
4,8531
4,8535
4,8550
4,8551
4,8559
4,8564
4,8567
4,8570
4,8572
4,8574
4,8576
4,8583
4,8588
4,8591
4,8595
4,8598
4,8601
4,8607
4,8609
4,8610
4,8614
4,8627
4,8629
4,8638
4,8640
4,8641
4,8643
4,8655
4,8660
4,8671
4,8676
4,8679
4,8684
4,8712
4,8713
4,8718
4,8734
4,8742
4,8750
4,8759
4,8764
4,8783
4,8788
4,8798
4,8800
4,8802
4,8804
4,8813
4,8814
4,8818
4,8826
4,8827
4,8829
4,8836
4,8844
4,8847
4,8848
4,8852
4,8853
4,8855
4,8862
4,8871
4,8873
4,8878
4,8885
4,8886
4,8888
4,8893
4,8894
4,8902
4,8904
4,8912
4,8917
4,8920
4,8921
4,8923
4,8924
4,8940
4,8941
4,8951
4,8965
4,8969
4,8976
4,8987
4,8988
4,8992
4,8998
4,9012
4,9017
4,9031
4,9033
4,9034
4,9040
4,9053
4,9054
4,9072
4,9075
4,9076
4,9082
4,9086
4,9088
4,9089
4,9095
4,9101
4,9105
4,9112
4,9115
4,9117
4,9118
4,9119
4,9129
4,9132
4,9134
4,9136
4,9137
4,9139
4,9145
4,9147
4,9154
4,9156
4,9165
4,9179
4,9180
4,9183
4,9187
4,9188
4,9197
4,9214
4,9215
4,9216
4,9223
4,9225
4,9227
4,9229
4,9233
4,9237
4,9239
4,9240
4,9261
4,9263
4,9270
4,9284
4,9285
4,9286
4,9298
4,9300
4,9305
4,9306
4,9311
4,9325
4,9327
4,9339
4,9341
4,9343
4,9349
4,9351
4,9353
4,9356
4,9359
4,9365
4,9367
4,9372
4,9374
4,9375
4,9376
4,9395
4,9400
4,9401
4,9403
4,9406
4,9408
4,9412
4,9416
4,9419
4,9427
4,9428
4,9440
4,9446
4,9447
4,9454
4,9461
4,9467
4,9482
4,9492
4,9496
4,9501
4,9502
4,9505
4,9508
4,9510
4,9514
4,9525
4,9533
4,9534
4,9537
4,9538
4,9540
4,9541
4,9547
4,9548
4,9554
4,9556
4,9561
4,9564
4,9569
4,9570
4,9571
4,9575
4,9584
4,9587
4,9589
4,9593
4,9594
4,9595
4,9596
4,9599
4,9600
4,9602
4,9614
4,9619
4,9622
4,9627
4,9631
4,9644
4,9645
4,9647
4,9649
4,9660
4,9666
4,9670
4,9673
4,9675
4,9680
4,9688
4,9692
4,9698
4,9702
4,9712
4,9719
4,9740
4,9741
4,9742
4,9756
4,9760
4,9764
4,9774
4,9776
4,9778
4,9785
4,9790
4,9793
4,9800
4,9802
4,9808
4,9812
4,9824
4,9825
4,9836
4,9838
4,9844
4,9851
4,9854
4,9863
4,9864
4,9872
4,9873
4,9894
4,9899
4,9908
4,9909
4,9910
4,9913
4,9916
4,9918
4,9921
4,9934
4,9935
4,9937
4,9952
4,9962
4,9963
4,9969
4,9971
4,9972
4,9975
4,9979
4,9986
4,9991
4,9994
4,9996
4,10001
4,10002
4,10005
4,10008
4,10011
4,10012
4,10014
4,10016
4,10024
4,10029
4,10032
4,10036
4,10039
4,10049
4,10051
4,10059
4,10061
4,10066
4,10070
4,10072
4,10073
4,10082
4,10089
4,10099
4,10108
4,10112
4,10121
4,10126
4,10129
4,10131
4,10142
4,10144
4,10151
4,10154
4,10155
4,10170
4,10179
4,10180
4,10182
4,10186
4,10188
4,10198
4,10206
4,10208
4,10210
4,10214
4,10215
4,10218
4,10226
4,10233
4,10248
4,10256
4,10257
4,10267
4,10269
4,10274
4,10276
4,10285
4,10286
4,10289
4,10296
4,10300
4,10301
4,10324
4,10325
4,10340
4,10342
4,10354
4,10358
4,10363
4,10367
4,10372
4,10391
4,10394
4,10399
4,10401
4,10402
4,10404
4,10408
4,10416
4,10417
4,10419
4,10421
4,10425
4,10426
4,10439
4,10440
4,10450
4,10460
4,10461
4,10467
4,10476
4,10482
4,10484
4,10487
4,10492
4,10493
4,10509
4,10512
4,10523
4,10525
4,10528
4,10540
4,10545
4,10548
4,10554
4,10555
4,10556
4,10560
4,10572
4,10578
4,10583
4,10584
4,10585
4,10587
4,10588
4,10599
4,10606
4,10610
4,10619
4,10622
4,10624
4,10629
4,10632
4,10635
4,10637
4,10638
4,10640
4,10643
4,10645
4,10664
4,10666
4,10669
4,10674
4,10677
4,10685
4,10686
4,10689
4,10692
4,10695
4,10697
4,10698
4,10702
4,10710
4,10714
4,10716
4,10723
4,10725
4,10741
4,10742
4,10746
4,10748
4,10753
4,10755
4,10756
4,10759
4,10760
4,10762
4,10771
4,10778
4,10782
4,10794
4,10800
4,10806
4,10810
4,10816
4,10823
4,10824
4,10835
4,10838
4,10840
4,10848
4,10851
4,10859
4,10862
4,10863
4,10870
4,10871
4,10876
4,10879
4,10880
4,10882
4,10886
4,10888
4,10891
4,10894
4,10909
4,10925
4,10929
4,10935
4,10939
4,10942
4,10944
4,10952
4,10962
4,10965
4,10967
4,10971
4,10973
4,10981
4,10986
4,10992
4,10998
4,11002
4,11009
4,11011
4,11017
4,11035
4,11037
4,11039
4,11041
4,11053
4,11054
4,11056
4,11057
4,11060
4,11063
4,11067
4,11072
4,11074
4,11079
4,11084
4,11087
4,11094
4,11100
4,11114
4,11131
4,11135
4,11136
4,11142
4,11143
4,11147
4,11150
4,11163
4,11164
