name,pct_合理,pct_偏高,pct_严重,mono_viol,compact_r,compact_p,compact_s,s3_ok,dens_r,dens_p,dens_s,dens_ratio_rs,dens_ratio_rp,form,tau1,tau2
"M1|τ1=0.85,τ2=0.97",84.96462792155458,11.972776932031879,3.06259514641354,0,0.3543019758154616,0.351240239580121,0.4520950834806217,True,0.0017638086593422784,0.00024350563295449622,6.995110439611985e-05,25.214879372799665,7.2433998258754055,M1,0.85,0.97
"M2(γ=1.0)|τ1=0.85,τ2=0.97",85.00044774782842,12.035461628011104,2.9640906241604728,0,0.3530568376218943,0.35727800157199985,0.4251825346510396,True,0.0017507179445142343,0.00022463185190898854,5.735106880405184e-05,30.52633509753434,7.793720835385145,M2(g=1.0),0.85,0.97
"M2(γ=1.2)|τ1=0.85,τ2=0.97",85.2332766186084,11.623533625861915,3.143189755529686,0,0.3595421931156961,0.3505407763242829,0.43393601099365725,True,0.0017247723124184985,0.00021840496634135484,5.906124091231986e-05,29.203116727246417,7.89712954476857,M2(g=1.2),0.85,0.97
"M2(γ=1.5)|τ1=0.85,τ2=0.97",85.04522253067073,11.614578669293454,3.34019880003582,0,0.3764391820817968,0.3453896552172179,0.4484153900758856,True,0.0017072432186002813,0.00022416798754602173,6.235492632968736e-05,27.379444080707028,7.615910002536753,M2(g=1.5),0.85,0.97
"M2(γ=2.0)|τ1=0.85,τ2=0.97",84.79448374675383,11.632488582430375,3.573027670815797,0,0.39798803188753545,0.347815555936618,0.44932186815740605,True,0.001681508939718804,0.0002201495000159597,6.166889355903611e-05,27.266727886224885,7.638032062743287,M2(g=2.0),0.85,0.97
"M1|τ1=0.85,τ2=0.98",84.96462792155458,13.020506850541775,2.0148652279036448,0,0.3543019758154616,0.40635327624466305,0.4012678957068777,True,0.0017638086593422784,0.000231982098789898,5.102819212739664e-05,34.56537623239259,7.603210198299517,M1,0.85,0.98
"M2(γ=1.0)|τ1=0.85,τ2=0.98",85.00044774782842,12.93095728485717,2.0685949673144086,0,0.3530568376218943,0.3981054527647502,0.3902041178203223,True,0.0017507179445142343,0.00021612628551047068,4.459194311308372e-05,39.260857955314265,8.10043970532875,M2(g=1.0),0.85,0.98
"M2(γ=1.2)|τ1=0.85,τ2=0.98",85.2332766186084,12.554849108981822,2.211874272409779,0,0.3595421931156961,0.40150223297821974,0.40286889530718634,True,0.0017247723124184985,0.00020929072039367925,4.6215979657089145e-05,37.31982585278667,8.241035766775392,M2(g=1.2),0.85,0.98
"M2(γ=1.5)|τ1=0.85,τ2=0.98",85.04522253067073,12.52798423927644,2.426793230052834,0,0.3764391820817968,0.3901480233590178,0.3956946582491487,True,0.0017072432186002813,0.0002152498541144742,5.179837305320498e-05,32.95939849011623,7.931448899808941,M2(g=1.5),0.85,0.98
"M2(γ=2.0)|τ1=0.85,τ2=0.98",84.79448374675383,12.339930151338766,2.8655861019074056,0,0.39798803188753545,0.38109785306542865,0.3849009650139142,True,0.001681508939718804,0.00021310994575012075,5.452078524857885e-05,30.84161264464977,7.890335356241117,M2(g=2.0),0.85,0.98
"M1|τ1=0.85,τ2=0.99",84.96462792155458,14.014507029640907,1.0208650488045135,0,0.3543019758154616,0.46523106789439544,0.2901681401277811,True,0.0017638086593422784,0.0002213566177630656,2.8816296753416612e-05,61.208720691466084,7.968176769082248,M1,0.85,0.99
"M2(γ=1.0)|τ1=0.85,τ2=0.99",85.00044774782842,13.871227724545538,1.128324527626041,0,0.3530568376218943,0.4670617085471795,0.313817593814744,True,0.0017507179445142343,0.00020635447561632086,2.9400415243620623e-05,59.54738836194191,8.48403185482335,M2(g=1.0),0.85,0.99
"M2(γ=1.2)|τ1=0.85,τ2=0.99",85.2332766186084,13.513029461807111,1.25369391958449,0,0.3595421931156961,0.4615200919271776,0.3248761562679885,True,0.0017247723124184985,0.0001998493608163353,3.1540844250054956e-05,54.68377126320876,8.630361915460872,M2(g=1.2),0.85,0.99
"M2(γ=1.5)|τ1=0.85,τ2=0.99",85.04522253067073,13.557804244649413,1.3969732246798603,0,0.3764391820817968,0.4539301843791441,0.34850465961586763,True,0.0017072432186002813,0.00020478673267907785,3.5149492076487716e-05,48.57092144845799,8.336688594352005,M2(g=1.5),0.85,0.99
"M2(γ=2.0)|τ1=0.85,τ2=0.99",84.79448374675383,13.49511954867019,1.7103967045759827,0,0.39798803188753545,0.437808504218958,0.3881815703839778,True,0.001681508939718804,0.00020163788017788206,4.334844707018762e-05,38.79052315290994,8.33925122717716,M2(g=2.0),0.85,0.99
"M1|τ1=0.86,τ2=0.97",85.93176323094833,11.00564162263813,3.06259514641354,0,0.36456144816089175,0.33850687885641484,0.4520950834806217,True,0.0017494429631003242,0.00022664137405786782,6.995110439611985e-05,25.009511689673406,7.718992043587077,M1,0.86,0.97
"M2(γ=1.0)|τ1=0.86,τ2=0.97",85.96758305722217,11.068326318617355,2.9640906241604728,0,0.3660547118678771,0.3431372065290695,0.4251825346510396,True,0.0017329377283321686,0.00020953267440227807,5.735106880405184e-05,30.216310950594472,8.27048923646692,M2(g=1.0),0.86,0.97
"M2(γ=1.2)|τ1=0.86,τ2=0.97",86.0750425360437,10.781767708426614,3.143189755529686,0,0.3724765609078735,0.3390839163213014,0.43393601099365725,True,0.001713392076101369,0.0002061406448811422,5.906124091231986e-05,29.010431369787973,8.311762472118426,M2(g=1.2),0.86,0.97
"M2(γ=1.5)|τ1=0.86,τ2=0.97",85.97653801379064,10.683263186173548,3.34019880003582,0,0.3905035707154878,0.3346428368948842,0.4484153900758856,True,0.001697176012779181,0.000212820439992745,6.235492632968736e-05,27.21799403315389,7.97468519864463,M2(g=1.5),0.86,0.97
"M2(γ=2.0)|τ1=0.86,τ2=0.97",85.71684427330527,10.71012805587893,3.573027670815797,0,0.40757701246870415,0.3347409329234344,0.44932186815740605,True,0.0016723457605354018,0.00020726254388088176,6.166889355903611e-05,27.118141157088417,8.06873122958741,M2(g=2.0),0.86,0.97
"M1|τ1=0.86,τ2=0.98",85.93176323094833,12.053371541148024,2.0148652279036448,0,0.36456144816089175,0.39361991552095676,0.4012678957068777,True,0.0017494429631003242,0.00021566431282519415,5.102819212739664e-05,34.28385153706164,8.11187970871346,M1,0.86,0.98
"M2(γ=1.0)|τ1=0.86,τ2=0.98",85.96758305722217,11.96382197546342,2.0685949673144086,0,0.3660547118678771,0.38396465772181976,0.3902041178203223,True,0.0017329377283321686,0.00020131320020613298,4.459194311308372e-05,38.86212636972322,8.608167405603515,M2(g=1.0),0.86,0.98
"M2(γ=1.2)|τ1=0.86,τ2=0.98",86.0750425360437,11.71308319154652,2.211874272409779,0,0.3724765609078735,0.39004537297523834,0.40286889530718634,True,0.001713392076101369,0.00019732256485631528,4.6215979657089145e-05,37.07358556097488,8.683203957687317,M2(g=1.2),0.86,0.98
"M2(γ=1.5)|τ1=0.86,τ2=0.98",85.97653801379064,11.596668756156532,2.426793230052834,0,0.3905035707154878,0.37940120503668406,0.3956946582491487,True,0.001697176012779181,0.00020407962540397922,5.179837305320498e-05,32.76504478308455,8.316244257208877,M2(g=1.5),0.86,0.98
"M2(γ=2.0)|τ1=0.86,τ2=0.98",85.71684427330527,11.41756962478732,2.8655861019074056,0,0.40757701246870415,0.36802323005224497,0.3849009650139142,True,0.0016723457605354018,0.0002002565012544466,5.452078524857885e-05,30.673545014265795,8.351018568982754,M2(g=2.0),0.86,0.98
"M1|τ1=0.86,τ2=0.99",85.93176323094833,13.047371720247156,1.0208650488045135,0,0.36456144816089175,0.45249770717068927,0.2901681401277811,True,0.0017494429631003242,0.00020543757963552598,2.8816296753416612e-05,60.71019389029928,8.515691073678303,M1,0.86,0.99
"M2(γ=1.0)|τ1=0.86,τ2=0.99",85.96758305722217,12.904092415151785,1.128324527626041,0,0.3660547118678771,0.4529209135042492,0.313817593814744,True,0.0017329377283321686,0.00019182608143035018,2.9400415243620623e-05,58.942627645648166,9.03390047594429,M2(g=1.0),0.86,0.99
"M2(γ=1.2)|τ1=0.86,τ2=0.99",86.0750425360437,12.671263544371811,1.25369391958449,0,0.3724765609078735,0.45006323192419606,0.3248761562679885,True,0.001713392076101369,0.00018828483390101377,3.1540844250054956e-05,54.322961760872445,9.100000465263939,M2(g=1.2),0.86,0.99
"M2(γ=1.5)|τ1=0.86,τ2=0.99",85.97653801379064,12.626488761529506,1.3969732246798603,0,0.3905035707154878,0.4431833660568104,0.34850465961586763,True,0.001697176012779181,0.00019387562942056592,3.5149492076487716e-05,48.28451031628022,8.753941987714049,M2(g=1.5),0.86,0.99
"M2(γ=2.0)|τ1=0.86,τ2=0.99",85.71684427330527,12.572759022118744,1.7103967045759827,0,0.40757701246870415,0.4247338812057744,0.3881815703839778,True,0.0016723457605354018,0.00018895173570921344,4.334844707018762e-05,38.579138898046885,8.850650428049267,M2(g=2.0),0.86,0.99
"M1|τ1=0.88,τ2=0.97",87.91080863257812,9.026596221008328,3.06259514641354,0,0.3969845057284519,0.31490960670443563,0.4520950834806217,True,0.0017162985859468867,0.00019936590341394273,6.995110439611985e-05,24.535689618677257,8.608786941783832,M1,0.88,0.97
"M2(γ=1.0)|τ1=0.88,τ2=0.97",87.68693471836662,9.348974657472912,2.9640906241604728,0,0.39613607554472446,0.3184289212431674,0.4251825346510396,True,0.001706687161255852,0.0001872546568383864,5.735106880405184e-05,29.758593812558118,9.11425750404082,M2(g=1.0),0.88,0.97
"M2(γ=1.2)|τ1=0.88,τ2=0.97",87.79439419718814,9.06241604728217,3.143189755529686,0,0.4042845963078049,0.3138785036034493,0.43393601099365725,True,0.0016916665948833488,0.0001857856611851755,5.906124091231986e-05,28.642584692636827,9.105474470374967,M2(g=1.2),0.88,0.97
"M2(γ=1.5)|τ1=0.88,τ2=0.97",88.16154741649504,8.498253783469151,3.34019880003582,0,0.42149918805853703,0.3047114262985955,0.4484153900758856,True,0.0016680661080507048,0.0001825355553106413,6.235492632968736e-05,26.751151933548734,9.13830790506523,M2(g=1.5),0.88,0.97
"M2(γ=2.0)|τ1=0.88,τ2=0.97",87.89289871944122,8.534073609742993,3.573027670815797,0,0.4323107928466882,0.302121727555178,0.44932186815740605,True,0.0016522145931749913,0.00018101475986138455,6.166889355903611e-05,26.791701582797387,9.12751310688811,M2(g=2.0),0.88,0.97
"M1|τ1=0.88,τ2=0.98",87.91080863257812,10.074326139518224,2.0148652279036448,0,0.3969845057284519,0.3700226433689776,0.4012678957068777,True,0.0017162985859468867,0.00018916217095663163,5.102819212739664e-05,33.63432084095763,9.07315969819555,M1,0.88,0.98
"M2(γ=1.0)|τ1=0.88,τ2=0.98",87.68693471836662,10.244470314318974,2.0685949673144086,0,0.39613607554472446,0.35925637243591774,0.3902041178203223,True,0.001706687161255852,0.00017951014584368969,4.459194311308372e-05,38.27344228816736,9.507469080560869,M2(g=1.0),0.88,0.98
"M2(γ=1.2)|τ1=0.88,τ2=0.98",87.79439419718814,9.993731530402078,2.211874272409779,0,0.4042845963078049,0.36483996025738613,0.40286889530718634,True,0.0016916665948833488,0.00017746219996286585,4.6215979657089145e-05,36.603499643090686,9.532546059033033,M2(g=1.2),0.88,0.98
"M2(γ=1.5)|τ1=0.88,τ2=0.98",88.16154741649504,9.411659353452135,2.426793230052834,0,0.42149918805853703,0.34946979444039533,0.3956946582491487,True,0.0016680661080507048,0.00017453877167611072,5.179837305320498e-05,32.203059859377085,9.556994655297064,M2(g=1.5),0.88,0.98
"M2(γ=2.0)|τ1=0.88,τ2=0.98",87.89289871944122,9.241515178651385,2.8655861019074056,0,0.4323107928466882,0.3398843652239237,0.3849009650139142,True,0.0016522145931749913,0.00017419819329520683,5.452078524857885e-05,30.304306617044887,9.484682716399062,M2(g=2.0),0.88,0.98
"M1|τ1=0.88,τ2=0.99",87.91080863257812,11.068326318617355,1.0208650488045135,0,0.3969845057284519,0.42890043501871,0.2901681401277811,True,0.0017162985859468867,0.00017936230580053563,2.8816296753416612e-05,59.55999831044887,9.568892294769782,M1,0.88,0.99
"M2(γ=1.0)|τ1=0.88,τ2=0.99",87.68693471836662,11.184740754007343,1.128324527626041,0,0.39613607554472446,0.42821262821834705,0.313817593814744,True,0.001706687161255852,0.0001704828430182575,2.9400415243620623e-05,58.04976382522941,10.010902745639207,M2(g=1.0),0.88,0.99
"M2(γ=1.2)|τ1=0.88,τ2=0.99",87.79439419718814,10.951911883227366,1.25369391958449,0,0.4042845963078049,0.4248578192063439,0.3248761562679885,True,0.0016916665948833488,0.00016904935360124426,3.1540844250054956e-05,53.63415707810045,10.006939150289053,M2(g=1.2),0.88,0.99
"M2(γ=1.5)|τ1=0.88,τ2=0.99",88.16154741649504,10.44147935882511,1.3969732246798603,0,0.42149918805853703,0.41325195546052174,0.34850465961586763,True,0.0016680661080507048,0.00016529035159737433,3.5149492076487716e-05,47.456336052335494,10.09173307413548,M2(g=1.5),0.88,0.99
"M2(γ=2.0)|τ1=0.88,τ2=0.99",87.89289871944122,10.396704575982806,1.7103967045759827,0,0.4323107928466882,0.3965950163774531,0.3881815703839778,True,0.0016522145931749913,0.00016346457724400145,4.334844707018762e-05,38.114735471372455,10.107477846461817,M2(g=2.0),0.88,0.99
"M1|τ1=0.9,τ2=0.97",89.9435837736187,6.993821079967762,3.06259514641354,0,0.43140299501260254,0.2788652668608191,0.4520950834806217,True,0.0016853296632923244,0.00017278012361666425,6.995110439611985e-05,24.09296719246378,9.754187160043092,M1,0.9,0.97
"M2(γ=1.0)|τ1=0.9,τ2=0.97",89.77343959881794,7.262469777021581,2.9640906241604728,0,0.4380797336879085,0.2805009129619078,0.4251825346510396,True,0.0016758874067516155,0.00016420215307406025,5.735106880405184e-05,29.221554919534725,10.206245017967204,M2(g=1.0),0.9,0.97
"M2(γ=1.2)|τ1=0.9,τ2=0.97",90.02417838273485,6.832631861735471,3.143189755529686,0,0.45232999840975535,0.2758538020909024,0.43393601099365725,True,0.0016622337557379897,0.0001649231719310146,5.906124091231986e-05,28.144240284515536,10.078836929193203,M2(g=1.2),0.9,0.97
"M2(γ=1.5)|τ1=0.9,τ2=0.97",90.26596221008329,6.3938389898809,3.34019880003582,0,0.4532788022164521,0.264929985699778,0.4484153900758856,True,0.0016417288696722425,0.0001528251421707279,6.235492632968736e-05,26.32877570878647,10.742531276942591,M2(g=1.5),0.9,0.97
"M2(γ=2.0)|τ1=0.9,τ2=0.97",90.2390973403779,6.187874988806304,3.573027670815797,0,0.4678234218830909,0.24741061975987444,0.44932186815740605,True,0.0016288898333459499,0.00016492945662290674,6.166889355903611e-05,26.41347589261677,9.876282058396816,M2(g=2.0),0.9,0.97
"M1|τ1=0.9,τ2=0.98",89.9435837736187,8.041550998477657,2.0148652279036448,0,0.43140299501260254,0.33397830352536106,0.4012678957068777,True,0.0016853296632923244,0.00016335687189177018,5.102819212739664e-05,33.02742254878914,10.316858077503566,M1,0.9,0.98
"M2(γ=1.0)|τ1=0.9,τ2=0.98",89.77343959881794,8.157965433867647,2.0685949673144086,0,0.4380797336879085,0.32132836415465815,0.3902041178203223,True,0.0016758874067516155,0.0001569680480942767,4.459194311308372e-05,37.58274005915417,10.676614935958556,M2(g=1.0),0.9,0.98
"M2(γ=1.2)|τ1=0.9,τ2=0.98",90.02417838273485,7.763947344855378,2.211874272409779,0,0.45232999840975535,0.32681525874483924,0.40286889530718634,True,0.0016622337557379897,0.00015690039263096387,4.6215979657089145e-05,35.96664547784863,10.594197553397024,M2(g=1.2),0.9,0.98
"M2(γ=1.5)|τ1=0.9,τ2=0.98",90.26596221008329,7.307244559863885,2.426793230052834,0,0.4532788022164521,0.3096883538415779,0.3956946582491487,True,0.0016417288696722425,0.00014549025548371027,5.179837305320498e-05,31.694602994305086,11.284115655814885,M2(g=1.5),0.9,0.98
"M2(γ=2.0)|τ1=0.9,τ2=0.98",90.2390973403779,6.895316557714695,2.8655861019074056,0,0.4678234218830909,0.29060804411157803,0.3849009650139142,True,0.0016288898333459499,0.00015814825890511286,5.452078524857885e-05,29.876492532513716,10.299764566635318,M2(g=2.0),0.9,0.98
"M1|τ1=0.9,τ2=0.99",89.9435837736187,9.035551177576789,1.0208650488045135,0,0.43140299501260254,0.39285609517509357,0.2901681401277811,True,0.0016853296632923244,0.00015406450123825005,2.8816296753416612e-05,58.4852966262052,10.93911738101225,M1,0.9,0.99
"M2(γ=1.0)|τ1=0.9,τ2=0.99",89.77343959881794,9.098235873556012,1.128324527626041,0,0.4380797336879085,0.3902846199370876,0.313817593814744,True,0.0016758874067516155,0.00014833585270377503,2.9400415243620623e-05,57.00216792398039,11.29792545904828,M2(g=1.0),0.9,0.99
"M2(γ=1.2)|τ1=0.9,τ2=0.99",90.02417838273485,8.722127697680666,1.25369391958449,0,0.45232999840975535,0.386833117693797,0.3248761562679885,True,0.0016622337557379897,0.00014894771794977618,3.1540844250054956e-05,52.70099121506849,11.159847083380491,M2(g=1.2),0.9,0.99
"M2(γ=1.5)|τ1=0.9,τ2=0.99",90.26596221008329,8.337064565236858,1.3969732246798603,0,0.4532788022164521,0.3741726544382697,0.34850465961586763,True,0.0016417288696722425,0.00013728572778575967,3.5149492076487716e-05,46.707043905491645,11.958481745707985,M2(g=1.5),0.9,0.99
"M2(γ=2.0)|τ1=0.9,τ2=0.99",90.2390973403779,8.050505955046118,1.7103967045759827,0,0.4678234218830909,0.35361987872661077,0.3881815703839778,True,0.0016288898333459499,0.00014778483199697233,4.334844707018762e-05,37.57665945237977,11.022036641617733,M2(g=2.0),0.9,0.99
