B,tau1,tau2,n_合,n_偏,n_严,s_合,s_偏,s_严,V2_违例g1,V2_违例g2,V1_pass,V2_pass,V5a_pass,V5b_pass,V8_pass,L0_pass,D_prior,L1_pass,D_geo,密度零除箱数,宽度截断数,R_合,R_偏,R_严,L3_目标_R合加R偏,IQR跳过箱数,严重出现箱数,med_d_合理,med_d_偏高,med_d_严重,flip_rate_L4,到达层级
5,0.85,0.97,9492,1340,335,0.8500044774782842,0.11999641801737261,0.029999104504343153,0,0,True,True,True,True,True,True,8.954956568479194e-06,True,41.09398098468312,0,0,0.7217562729318445,0.7204249819822302,0.6383883425265898,1.4421812549140747,0,5,-215.065,-1052.815,-1880.2,,L2+
5,0.85,0.975,9492,1395,280,0.8500044774782842,0.12492164413002597,0.0250738783916898,0,0,False,True,True,True,True,False,0.009852243216620427,True,46.958178005352174,0,0,0.7217562729318445,0.7606622942911917,0.6032605754101831,1.482418567223036,0,5,-215.065,-1064.1,-1949.405,,L0淘汰
5,0.85,0.98,9492,1450,225,0.8500044774782842,0.12984687024267932,0.020148652279036446,0,0,False,True,True,True,True,False,0.01970269544192713,True,54.5622866644519,0,0,0.7217562729318445,0.8158512695999628,0.5035062247953,1.5376075425318074,0,5,-215.065,-1085.18,-2011.08,,L0淘汰
5,0.85,0.985,9492,1505,170,0.8500044774782842,0.1347720963553327,0.015223426166383093,0,0,False,True,True,True,True,False,0.029553147667233846,True,63.84988689685592,0,0,0.7217562729318445,0.8677168090838048,0.5398712595916734,1.5894730820156493,0,5,-215.065,-1099.02,-2108.41,,L0淘汰
5,0.85,0.99,9492,1560,115,0.8500044774782842,0.13969732246798602,0.01029820005372974,0,0,False,True,True,True,True,False,0.03940359989254054,False,82.11970821795212,0,0,0.7217562729318445,0.9212222267589759,0.4106722171210123,1.6429784996908205,0,5,-215.065,-1112.7350000000001,-2169.0,,L0淘汰
5,0.85,0.995,9492,1615,60,0.8500044774782842,0.1446225485806394,0.005372973941076386,0,0,False,True,True,True,False,False,0.04925405211784725,False,123.6890526623451,0,0,0.7217562729318445,0.9887601400400902,0.2534385691374351,1.7105164129719346,0,5,-215.065,-1123.9299999999998,-2242.82,,L0淘汰
5,0.86,0.97,9602,1230,335,0.8598549297035909,0.11014596579206591,0.029999104504343153,0,0,True,True,True,True,True,True,0.01970985940718185,True,39.79409308745056,0,0,0.7355039879502154,0.6925546491543754,0.6383883425265898,1.428058637104591,0,5,-218.27000000000004,-1074.93,-1880.2,,L2+
5,0.86,0.975,9602,1285,280,0.8598549297035909,0.11507119190471926,0.0250738783916898,0,0,True,True,True,True,True,True,0.019709859407181854,True,45.47279338690886,0,0,0.7355039879502154,0.7351136187753236,0.6032605754101831,1.470617606725539,0,5,-218.27000000000004,-1099.02,-1949.405,,L2+
5,0.86,0.98,9602,1340,225,0.8598549297035909,0.11999641801737261,0.020148652279036446,0,0,True,True,True,True,True,True,0.019709859407181857,True,52.836368308990345,0,0,0.7355039879502154,0.7903776087784282,0.5035062247953,1.5258815967286437,0,5,-218.27000000000004,-1112.7350000000001,-2011.08,,L4/L5
5,0.86,0.985,9602,1395,170,0.8598549297035909,0.12492164413002597,0.015223426166383093,0,0,False,True,True,True,True,False,0.029553147667233805,True,61.83018247231197,0,0,0.7355039879502154,0.8269183108969763,0.5398712595916734,1.5624222988471916,0,5,-218.27000000000004,-1123.9299999999998,-2108.41,,L0淘汰
5,0.86,0.99,9602,1450,115,0.8598549297035909,0.12984687024267932,0.01029820005372974,0,0,False,True,True,True,True,False,0.03940359989254051,False,79.52209143128528,0,0,0.7355039879502154,0.8959963992946723,0.4106722171210123,1.6315003872448877,0,5,-218.27000000000004,-1141.23,-2169.0,,L0淘汰
5,0.86,0.995,9602,1505,60,0.8598549297035909,0.1347720963553327,0.005372973941076386,0,0,False,True,True,True,False,False,0.049254052117847225,False,119.77651124573539,0,0,0.7355039879502154,0.9821911317438451,0.2534385691374351,1.7176951196940604,0,5,-218.27000000000004,-1159.52,-2242.82,,L0淘汰
5,0.87,0.97,9712,1120,335,0.8697053819288977,0.1002955135667592,0.029999104504343153,0,0,True,True,True,True,True,True,0.03941076385779535,False,38.71385057178431,0,0,0.7512203006837177,0.6638876412816308,0.6383883425265898,1.4151079419653485,0,5,-222.135,-1099.2849999999999,-1880.2,,L1
5,0.87,0.975,9712,1175,280,0.8697053819288977,0.10522073967941256,0.0250738783916898,0,0,True,True,True,True,True,True,0.039410763857795336,False,44.23839800529536,0,0,0.7512203006837177,0.7105012026089922,0.6032605754101831,1.46172150329271,0,5,-222.135,-1123.9299999999998,-1949.405,,L1
5,0.87,0.98,9712,1230,225,0.8697053819288977,0.11014596579206591,0.020148652279036446,0,0,True,True,True,True,True,True,0.039410763857795336,False,51.40208279090238,0,0,0.7512203006837177,0.7665599685508014,0.5035062247953,1.5177802692345193,0,5,-222.135,-1141.23,-2011.08,,L1
5,0.87,0.985,9712,1285,170,0.8697053819288977,0.11507119190471926,0.015223426166383093,0,0,True,True,True,True,True,True,0.03941076385779534,False,60.151752668390664,0,0,0.7512203006837177,0.820827877359521,0.5398712595916734,1.5720481780432387,0,5,-222.135,-1159.52,-2108.41,,L1
5,0.87,0.99,9712,1340,115,0.8697053819288977,0.11999641801737261,0.01029820005372974,0,0,True,True,True,True,True,True,0.03941076385779535,False,77.36340059468297,0,0,0.7512203006837177,0.8889848992571645,0.4106722171210123,1.6402051999408822,0,5,-222.135,-1178.01,-2169.0,,L1
5,0.87,0.995,9712,1395,60,0.8697053819288977,0.12492164413002597,0.005372973941076386,0,0,False,True,True,True,False,False,0.049254052117847294,False,116.52508195592907,0,0,0.7512203006837177,0.9699760807575916,0.2534385691374351,1.7211963814413092,0,5,-222.135,-1189.16,-2242.82,,L0淘汰
5,0.88,0.97,9827,1005,335,0.8800035819826274,0.08999731351302946,0.029999104504343153,0,0,True,True,True,True,True,True,0.06000716396525481,False,37.4699850701131,0,0,0.7685822233490718,0.6283116851054052,0.6383883425265898,1.396893908454477,0,5,-227.1,-1119.15,-1880.2,,L1
5,0.88,0.975,9827,1060,280,0.8800035819826274,0.09492253962568281,0.0250738783916898,0,0,True,True,True,True,True,True,0.06000716396525481,False,42.81703029541192,0,0,0.7685822233490718,0.6811011397485773,0.6032605754101831,1.4496833630976491,0,5,-227.1,-1151.3200000000002,-1949.405,,L1
5,0.88,0.98,9827,1115,225,0.8800035819826274,0.09984776573833617,0.020148652279036446,0,0,True,True,True,True,True,True,0.060007163965254795,False,49.750547834980225,0,0,0.7685822233490718,0.7318471561359648,0.5035062247953,1.5004293794850367,0,5,-227.1,-1178.46,-2011.08,,L1
5,0.88,0.985,9827,1170,170,0.8800035819826274,0.10477299185098952,0.015223426166383093,0,0,True,True,True,True,True,True,0.0600071639652548,False,58.21909319628424,0,0,0.7685822233490718,0.7922624716677097,0.5398712595916734,1.5608446950167814,0,5,-227.1,-1189.83,-2108.41,,L1
5,0.88,0.99,9827,1225,115,0.8800035819826274,0.10969821796364287,0.01029820005372974,0,0,True,True,True,True,True,True,0.06000716396525481,False,74.87773555050806,0,0,0.7685822233490718,0.8688676674323232,0.4106722171210123,1.637449890781395,0,5,-227.1,-1209.78,-2169.0,,L1
5,0.88,0.995,9827,1280,60,0.8800035819826274,0.11462344407629622,0.005372973941076386,0,0,True,True,True,True,False,False,0.06000716396525481,False,112.78116272847733,0,0,0.7685822233490718,0.9340582854679444,0.2534385691374351,1.7026405088170162,0,5,-227.1,-1229.82,-2242.82,,L0淘汰
5,0.89,0.97,9937,895,335,0.8898540342079341,0.08014686128772275,0.029999104504343153,0,0,True,True,True,True,True,True,0.0797080684158682,False,35.91296988188432,0,0,0.7857442111691605,0.5884000695072863,0.6383883425265898,1.3741442806764468,0,5,-231.2,-1146.13,-1880.2,,L1
5,0.89,0.975,9937,950,280,0.8898540342079341,0.08507208740037611,0.0250738783916898,0,0,True,True,True,True,True,True,0.07970806841586818,False,41.03782578385251,0,0,0.7857442111691605,0.6146675567144324,0.6032605754101831,1.4004117678835928,0,5,-231.2,-1173.4650000000001,-1949.405,,L1
5,0.89,0.98,9937,1005,225,0.8898540342079341,0.08999731351302946,0.020148652279036446,0,0,True,True,True,True,True,True,0.07970806841586818,False,47.68323026181277,0,0,0.7857442111691605,0.676040021763757,0.5035062247953,1.4617842329329176,0,5,-231.2,-1203.25,-2011.08,,L1
5,0.89,0.985,9937,1060,170,0.8898540342079341,0.09492253962568281,0.015223426166383093,0,0,True,True,True,True,True,True,0.0797080684158682,False,55.7998765304142,0,0,0.7857442111691605,0.7552469930027434,0.5398712595916734,1.5409912041719038,0,5,-231.2,-1229.82,-2108.41,,L1
5,0.89,0.99,9937,1115,115,0.8898540342079341,0.09984776573833617,0.01029820005372974,0,0,True,True,True,True,True,True,0.07970806841586818,False,71.76629124931169,0,0,0.7857442111691605,0.8174949460036632,0.4106722171210123,1.6032391571728237,0,5,-231.2,-1243.81,-2169.0,,L1
5,0.89,0.995,9937,1170,60,0.8898540342079341,0.10477299185098952,0.005372973941076386,0,0,True,True,True,True,False,False,0.07970806841586818,False,108.09469213112445,0,0,0.7857442111691605,0.8889497657927297,0.2534385691374351,1.67469397696189,0,5,-231.2,-1272.135,-2242.82,,L0淘汰
5,0.9,0.97,10047,785,335,0.8997044864332407,0.07029640906241605,0.029999104504343153,0,0,True,True,True,True,True,True,0.09940897286648157,False,34.42823585899964,0,0,0.7992244939132581,0.5205867858292494,0.6383883425265898,1.3198112797425074,0,5,-236.4,-1168.89,-1880.2,,L1
5,0.9,0.975,10047,840,280,0.8997044864332407,0.0752216351750694,0.0250738783916898,0,0,True,True,True,True,True,True,0.09940897286648157,False,39.34121711108341,0,0,0.7992244939132581,0.5824140868100429,0.6032605754101831,1.3816385807233011,0,5,-236.4,-1196.1350000000002,-1949.405,,L1
5,0.9,0.98,10047,895,225,0.8997044864332407,0.08014686128772275,0.020148652279036446,0,0,True,True,True,True,True,True,0.09940897286648157,False,45.711883572201586,0,0,0.7992244939132581,0.6469609078487208,0.5035062247953,1.446185401761979,0,5,-236.4,-1226.27,-2011.08,,L1
5,0.9,0.985,10047,950,170,0.8997044864332407,0.08507208740037611,0.015223426166383093,0,0,True,True,True,True,True,True,0.09940897286648157,False,53.492966925612556,0,0,0.7992244939132581,0.7242649746896622,0.5398712595916734,1.5234894686029203,0,5,-236.4,-1261.56,-2108.41,,L1
5,0.9,0.99,10047,1005,115,0.8997044864332407,0.08999731351302946,0.01029820005372974,0,0,True,True,True,True,True,True,0.09940897286648157,False,68.79928922568189,0,0,0.7992244939132581,0.7827356054872775,0.4106722171210123,1.5819600994005356,0,5,-236.4,-1293.65,-2169.0,,L1
5,0.9,0.995,10047,1060,60,0.8997044864332407,0.09492253962568281,0.005372973941076386,0,0,True,True,True,True,False,False,0.09940897286648157,False,103.62578110460184,0,0,0.7992244939132581,0.8678820313219584,0.2534385691374351,1.6671065252352166,0,5,-236.4,-1314.245,-2242.82,,L0淘汰
10,0.85,0.97,9487,1339,341,0.8495567296498612,0.119906868451688,0.030536401898450794,0,0,False,True,True,True,False,False,0.001072803796901587,True,35.444161532840404,0,0,0.7117049114913399,0.6982148903405477,0.6335286229918478,1.4099198018318875,0,10,-214.97,-994.82,-1865.05,,L0淘汰
10,0.85,0.975,9487,1400,280,0.8495567296498612,0.125369391958449,0.0250738783916898,0,0,False,True,True,True,False,False,0.010738783916898018,True,40.26144078975923,0,0,0.7117049114913399,0.7417113292145422,0.6091616133730612,1.4534162407058822,0,10,-214.97,-1021.7049999999999,-1948.9099999999999,,L0淘汰
10,0.85,0.98,9487,1449,231,0.8495567296498612,0.12975732067699472,0.020685949673144084,0,0,False,True,True,True,False,False,0.01951464135398944,True,45.06424481605874,0,0,0.7117049114913399,0.78835497653189,0.5584174116093334,1.5000598880232299,0,10,-214.97,-1048.25,-2001.86,,L0淘汰
10,0.85,0.985,9487,1509,171,0.8495567296498612,0.1351302946180711,0.0153129757320677,0,0,False,True,True,True,False,False,0.030260589236142214,False,54.425231557874056,0,0,0.7117049114913399,0.8264681872816312,0.4691887691655052,1.5381730987729711,0,10,-214.97,-1072.99,-2106.42,,L0淘汰
10,0.85,0.99,9487,1560,120,0.8495567296498612,0.13969732246798602,0.010745947882152771,0,0,False,True,True,True,False,False,0.039394644935972056,False,66.30541370484634,0,0,0.7117049114913399,0.8720387064837644,0.37845107428103586,1.583743617975104,0,10,-214.97,-1089.1100000000001,-2167.15,,L0淘汰
10,0.85,0.995,9487,1619,61,0.8495567296498612,0.1449807468433778,0.005462523506760992,0,0,False,True,True,True,False,False,0.04996149368675562,False,90.01149292886036,0,0,0.7117049114913399,0.9248765955787853,0.32296095587178364,1.636581507070125,0,10,-214.97,-1113.85,-2240.4500000000003,,L0淘汰
10,0.86,0.97,9598,1228,341,0.8594967314408525,0.1099668666606967,0.030536401898450794,0,0,False,True,True,True,False,False,0.02006626667860659,True,34.365480903646635,0,0,0.7284281653660094,0.6685532828860877,0.6335286229918478,1.396981448252097,0,10,-218.15,-1030.0,-1865.05,,L0淘汰
10,0.86,0.975,9598,1289,280,0.8594967314408525,0.1154293901674577,0.0250738783916898,0,0,True,True,True,True,True,True,0.018993462881705003,True,39.03615475095404,0,0,0.7284281653660094,0.7261843526569938,0.6091616133730612,1.4546125180230032,0,10,-218.15,-1058.08,-1948.9099999999999,,L2+
10,0.86,0.98,9598,1338,231,0.8594967314408525,0.1198173188860034,0.020685949673144084,0,0,True,True,True,True,True,True,0.01899346288170501,True,43.692793895791134,0,0,0.7284281653660094,0.7534633517177516,0.5584174116093334,1.481891517083761,0,10,-218.15,-1080.355,-2001.86,,L2+
10,0.86,0.985,9598,1398,171,0.8594967314408525,0.1251902928270798,0.0153129757320677,0,0,False,True,True,True,True,False,0.02937404853586461,True,52.7688954934289,0,0,0.7284281653660094,0.8024879966617879,0.4691887691655052,1.5309161620277973,0,10,-218.15,-1101.73,-2106.42,,L0淘汰
10,0.86,0.99,9598,1449,120,0.8594967314408525,0.12975732067699472,0.010745947882152771,0,0,False,True,True,True,True,False,0.03850810423569445,False,64.28752522107368,0,0,0.7284281653660094,0.833878440122342,0.37845107428103586,1.5623066054883514,0,10,-218.15,-1119.15,-2167.15,,L0淘汰
10,0.86,0.995,9598,1508,61,0.8594967314408525,0.1350407450523865,0.005462523506760992,0,0,False,True,True,True,False,False,0.049074952986478015,False,87.27215167692498,0,0,0.7284281653660094,0.905035245635087,0.32296095587178364,1.6334634110010964,0,10,-218.15,-1147.855,-2240.4500000000003,,L0淘汰
10,0.87,0.97,9710,1116,341,0.8695262827975284,0.09993731530402078,0.030536401898450794,0,0,False,True,True,True,False,False,0.040125369391958446,False,33.26725162985403,0,0,0.7471274762725255,0.6420101968549607,0.6335286229918478,1.3891376731274863,0,10,-222.01999999999998,-1059.94,-1865.05,,L0淘汰
10,0.87,0.975,9710,1177,280,0.8695262827975284,0.10539983881078177,0.0250738783916898,0,0,True,True,True,True,True,True,0.03905256559505686,False,37.78866317637092,0,0,0.7471274762725255,0.6748355258769467,0.6091616133730612,1.4219630021494722,0,10,-222.01999999999998,-1085.5500000000002,-1948.9099999999999,,L1
10,0.87,0.98,9710,1226,231,0.8695262827975284,0.10978776752932748,0.020685949673144084,0,0,True,True,True,True,True,True,0.03905256559505687,False,42.29648853214198,0,0,0.7471274762725255,0.7120400092387392,0.5584174116093334,1.4591674855112649,0,10,-222.01999999999998,-1106.3600000000001,-2001.86,,L1
10,0.87,0.985,9710,1286,171,0.8695262827975284,0.11516074147040387,0.0153129757320677,0,0,True,True,True,True,True,True,0.03905256559505687,False,51.08254208725736,0,0,0.7471274762725255,0.7626425701055377,0.4691887691655052,1.5097700463780632,0,10,-222.01999999999998,-1128.065,-2106.42,,L1
10,0.87,0.99,9710,1337,120,0.8695262827975284,0.1197277693203188,0.010745947882152771,0,0,True,True,True,True,True,True,0.03905256559505686,False,62.23306707641914,0,0,0.7471274762725255,0.8228103994880138,0.37845107428103586,1.5699378757605393,0,10,-222.01999999999998,-1152.73,-2167.15,,L1
10,0.87,0.995,9710,1396,61,0.8695262827975284,0.12501119369571057,0.005462523506760992,0,0,False,True,True,True,False,False,0.049074952986478015,False,84.48316606583467,0,0,0.7471274762725255,0.8785968276405653,0.32296095587178364,1.6257243039130909,0,10,-222.01999999999998,-1182.81,-2240.4500000000003,,L0淘汰
10,0.88,0.97,9826,1000,341,0.8799140324169428,0.08954956568460642,0.030536401898450794,0,0,False,True,True,True,False,False,0.060900868630787156,False,32.29570057124087,0,0,0.7652325576423707,0.6090375909822144,0.6335286229918478,1.3742701486245852,0,10,-227.095,-1101.165,-1865.05,,L0淘汰
10,0.88,0.975,9826,1061,280,0.8799140324169428,0.09501208919136742,0.0250738783916898,0,0,True,True,True,True,True,True,0.05982806483388557,False,36.68506687929565,0,0,0.7652325576423707,0.639397997090489,0.6091616133730612,1.4046305547328597,0,10,-227.095,-1118.58,-1948.9099999999999,,L1
10,0.88,0.98,9826,1110,231,0.8799140324169428,0.09940001790991314,0.020685949673144084,0,0,True,True,True,True,True,True,0.059828064833885565,False,41.061243773535445,0,0,0.7652325576423707,0.6787263090564318,0.5584174116093334,1.4439588666988026,0,10,-227.095,-1140.82,-2001.86,,L1
10,0.88,0.985,9826,1170,171,0.8799140324169428,0.10477299185098952,0.0153129757320677,0,0,True,True,True,True,True,True,0.059828064833885565,False,49.59070565923733,0,0,0.7652325576423707,0.734949361215286,0.4691887691655052,1.5001819188576566,0,10,-227.095,-1168.81,-2106.42,,L1
10,0.88,0.99,9826,1221,120,0.8799140324169428,0.10934001970090446,0.010745947882152771,0,0,True,True,True,True,True,True,0.05982806483388556,False,60.41558594297386,0,0,0.7652325576423707,0.783565307557758,0.37845107428103586,1.5487978652001289,0,10,-227.095,-1186.22,-2167.15,,L1
10,0.88,0.995,9826,1280,61,0.8799140324169428,0.11462344407629622,0.005462523506760992,0,0,True,True,True,True,False,False,0.05982806483388557,False,82.01588351603151,0,0,0.7652325576423707,0.845692880329757,0.32296095587178364,1.6109254379721278,0,10,-227.095,-1211.775,-2240.4500000000003,,L0淘汰
10,0.89,0.97,9937,889,341,0.8898540342079341,0.07960956389361512,0.030536401898450794,0,0,False,True,True,True,False,False,0.08078087221276976,False,31.093327538045937,0,0,0.7783989970535945,0.5586890860821159,0.6335286229918478,1.3370880831357104,0,10,-231.2,-1139.82,-1865.05,,L0淘汰
10,0.89,0.975,9937,950,280,0.8898540342079341,0.08507208740037611,0.0250738783916898,0,0,True,True,True,True,True,True,0.07970806841586818,False,35.31927718108741,0,0,0.7783989970535945,0.6094081696764305,0.6091616133730612,1.387807166730025,0,10,-231.2,-1159.38,-1948.9099999999999,,L1
10,0.89,0.98,9937,999,231,0.8898540342079341,0.08946001611892182,0.020685949673144084,0,0,True,True,True,True,True,True,0.0797080684158682,False,39.5325284538651,0,0,0.7783989970535945,0.6446485743733033,0.5584174116093334,1.4230475714268978,0,10,-231.2,-1174.54,-2001.86,,L1
10,0.89,0.985,9937,1059,171,0.8898540342079341,0.0948329900599982,0.0153129757320677,0,0,True,True,True,True,True,True,0.0797080684158682,False,47.74443739048602,0,0,0.7783989970535945,0.7081212974787143,0.4691887691655052,1.4865202945323088,0,10,-231.2,-1195.38,-2106.42,,L1
10,0.89,0.99,9937,1110,120,0.8898540342079341,0.09940001790991314,0.010745947882152771,0,0,True,True,True,True,True,True,0.07970806841586818,False,58.16630600670922,0,0,0.7783989970535945,0.757803649794854,0.37845107428103586,1.5362026468484484,0,10,-231.2,-1220.145,-2167.15,,L1
10,0.89,0.995,9937,1169,61,0.8898540342079341,0.10468344228530492,0.005462523506760992,0,0,True,True,True,True,False,False,0.07970806841586818,False,78.96242175830298,0,0,0.7783989970535945,0.815674340754646,0.32296095587178364,1.5940733378082403,0,10,-231.2,-1243.81,-2240.4500000000003,,L0淘汰
10,0.9,0.97,10047,779,341,0.8997044864332407,0.06975911166830841,0.030536401898450794,0,0,False,True,True,True,False,False,0.10048177666338315,False,29.8565351843243,0,0,0.7994171476696177,0.5133628681719138,0.6335286229918478,1.3127800158415315,0,10,-236.4,-1174.54,-1865.05,,L0淘汰
10,0.9,0.975,10047,840,280,0.8997044864332407,0.0752216351750694,0.0250738783916898,0,0,True,True,True,True,True,True,0.09940897286648157,False,33.91439017106594,0,0,0.7994171476696177,0.5568321798813863,0.6091616133730612,1.3562493275510041,0,10,-236.4,-1188.4650000000001,-1948.9099999999999,,L1
10,0.9,0.98,10047,889,231,0.8997044864332407,0.07960956389361512,0.020685949673144084,0,0,True,True,True,True,True,True,0.09940897286648157,False,37.9600518877852,0,0,0.7994171476696177,0.6073981400806022,0.5584174116093334,1.40681528775022,0,10,-236.4,-1202.97,-2001.86,,L1
10,0.9,0.985,10047,949,171,0.8997044864332407,0.08498253783469151,0.0153129757320677,0,0,True,True,True,True,True,True,0.09940897286648155,False,45.84531755440412,0,0,0.7994171476696177,0.659582852933702,0.4691887691655052,1.4590000006033197,0,10,-236.4,-1232.0,-2106.42,,L1
10,0.9,0.99,10047,1000,120,0.8997044864332407,0.08954956568460642,0.010745947882152771,0,0,True,True,True,True,True,True,0.09940897286648157,False,55.8526378274092,0,0,0.7994171476696177,0.7096604377088352,0.37845107428103586,1.5090775853784528,0,10,-236.4,-1253.745,-2167.15,,L1
10,0.9,0.995,10047,1059,61,0.8997044864332407,0.0948329900599982,0.005462523506760992,0,0,True,True,True,True,False,False,0.09940897286648157,False,75.82155112158789,0,0,0.7994171476696177,0.7873478015928309,0.32296095587178364,1.5867649492624487,0,10,-236.4,-1289.65,-2240.4500000000003,,L0淘汰
15,0.85,0.97,9488,1333,346,0.8496462792155458,0.11936957105758036,0.030984149726873824,0,0,False,True,True,True,False,False,0.001968299453747626,True,29.916090837698583,0,0,0.7060642100187865,0.6773085320440807,0.5830208393218054,1.3833727420628672,0,15,-215.54500000000002,-994.66,-1810.625,,L0淘汰
15,0.85,0.975,9488,1392,287,0.8496462792155458,0.12465299543297215,0.025700725351482046,0,0,False,True,True,True,False,False,0.009305990865944275,True,33.50187800530353,0,0,0.7060642100187865,0.7181969341552968,0.5910859583005142,1.4242611441740833,0,15,-215.54500000000002,-1021.7049999999999,-1868.26,,L0淘汰
15,0.85,0.98,9488,1454,225,0.8496462792155458,0.13020506850541774,0.020148652279036446,0,0,False,True,True,True,False,False,0.02041013701083547,True,39.06667203139012,0,0,0.7060642100187865,0.7601519214203936,0.5400483154681828,1.4662161314391802,0,15,-215.54500000000002,-1048.76,-1976.34,,L0淘汰
15,0.85,0.985,9488,1497,182,0.8496462792155458,0.13405569982985582,0.01629802095459837,0,0,False,True,True,True,False,False,0.028111399659711628,True,42.44707445723008,0,0,0.7060642100187865,0.7959264898600253,0.4905437638770142,1.501990699878812,0,15,-215.54500000000002,-1063.1899999999998,-2066.1800000000003,,L0淘汰
15,0.85,0.99,9488,1558,121,0.8496462792155458,0.13951822333661681,0.010835497447837378,0,0,False,True,True,True,False,False,0.03903644667323361,False,49.516901696527476,0,0,0.7060642100187865,0.852325321278076,0.4104629290131108,1.5583895312968625,0,15,-215.54500000000002,-1085.28,-2165.3,,L0淘汰
15,0.85,0.995,9488,1619,60,0.8496462792155458,0.1449807468433778,0.005372973941076386,0,0,False,True,True,True,False,False,0.04996149368675559,False,59.96531310061071,0,0,0.7060642100187865,0.9103301535449736,0.22157315214718268,1.61639436356376,0,15,-215.54500000000002,-1101.52,-2242.82,,L0淘汰
15,0.86,0.97,9595,1226,346,0.8592280827437987,0.10978776752932748,0.030984149726873824,0,0,False,True,True,True,False,False,0.020424464941345057,True,29.05267042155659,0,0,0.7229938138290171,0.6421304254063916,0.5830208393218054,1.3651242392354086,0,15,-218.56,-1026.465,-1810.625,,L0淘汰
15,0.86,0.975,9595,1285,287,0.8592280827437987,0.11507119190471926,0.025700725351482046,0,0,True,True,True,True,True,True,0.018456165487597403,True,32.534966733178805,0,0,0.7229938138290171,0.689001877123657,0.5910859583005142,1.411995690952674,0,15,-218.56,-1058.81,-1868.26,,L2+
15,0.86,0.98,9595,1347,225,0.8592280827437987,0.12062326497716486,0.020148652279036446,0,0,False,True,True,True,True,False,0.01970269544192713,True,37.93915298467967,0,0,0.7229938138290171,0.7348274413945757,0.5400483154681828,1.4578212552235927,0,15,-218.56,-1081.98,-1976.34,,L0淘汰
15,0.86,0.985,9595,1390,182,0.8592280827437987,0.12447389630160294,0.01629802095459837,0,0,False,True,True,True,True,False,0.027403958090803288,True,41.22199224676671,0,0,0.7229938138290171,0.7850744838973757,0.4905437638770142,1.5080682977263926,0,15,-218.56,-1089.1100000000001,-2066.1800000000003,,L0淘汰
15,0.86,0.99,9595,1451,121,0.8592280827437987,0.12993641980836393,0.010835497447837378,0,0,False,True,True,True,True,False,0.03832900510432527,False,48.08777433824971,0,0,0.7229938138290171,0.8293842600735446,0.4104629290131108,1.5523780739025617,0,15,-218.56,-1112.36,-2165.3,,L0淘汰
15,0.86,0.995,9595,1512,60,0.8592280827437987,0.13539894331512492,0.005372973941076386,0,0,False,True,True,True,False,False,0.04925405211784725,False,58.23462990833442,0,0,0.7229938138290171,0.8846015887970186,0.22157315214718268,1.6075954026260355,0,15,-218.56,-1129.3249999999998,-2242.82,,L0淘汰
15,0.87,0.97,9706,1115,346,0.86916808453479,0.09984776573833617,0.030984149726873824,0,0,False,True,True,True,False,False,0.04030446852332767,False,28.29827080914788,0,0,0.7386556360575766,0.6114805189489069,0.5830208393218054,1.3501361550064834,0,15,-222.01999999999998,-1058.81,-1810.625,,L0淘汰
15,0.87,0.975,9706,1174,287,0.86916808453479,0.10513119011372794,0.025700725351482046,0,0,True,True,True,True,True,True,0.038336169069580026,False,31.690143660562757,0,0,0.7386556360575766,0.6503296936151232,0.5910859583005142,1.3889853296726997,0,15,-222.01999999999998,-1085.51,-1868.26,,L1
15,0.87,0.98,9706,1236,225,0.86916808453479,0.11068326318617355,0.020148652279036446,0,0,True,True,True,True,True,True,0.03833616906958001,False,36.95400146877907,0,0,0.7386556360575766,0.7071788156487931,0.5400483154681828,1.4458344517063697,0,15,-222.01999999999998,-1101.165,-1976.34,,L1
15,0.87,0.985,9706,1279,182,0.86916808453479,0.11453389451061162,0.01629802095459837,0,0,True,True,True,True,True,True,0.038336169069580026,False,40.151596495792916,0,0,0.7386556360575766,0.742637879892211,0.4905437638770142,1.4812935159497875,0,15,-222.01999999999998,-1118.58,-2066.1800000000003,,L1
15,0.87,0.99,9706,1340,121,0.86916808453479,0.11999641801737261,0.010835497447837378,0,0,True,True,True,True,True,True,0.038336169069580026,False,46.839097442254065,0,0,0.7386556360575766,0.7881191165734153,0.4104629290131108,1.5267747526309918,0,15,-222.01999999999998,-1140.6399999999999,-2165.3,,L1
15,0.87,0.995,9706,1401,60,0.86916808453479,0.12545894152413362,0.005372973941076386,0,0,False,True,True,True,False,False,0.04925405211784725,False,56.72247348367016,0,0,0.7386556360575766,0.8419771066001183,0.22157315214718268,1.580632742657695,0,15,-222.01999999999998,-1162.97,-2242.82,,L0淘汰
15,0.88,0.97,9816,1005,346,0.8790185367600967,0.08999731351302946,0.030984149726873824,0,0,False,True,True,True,False,False,0.060005372973941054,False,27.42178787291058,0,0,0.754114876212974,0.5634492790730634,0.5830208393218054,1.3175641552860373,0,15,-226.755,-1099.1,-1810.625,,L0淘汰
15,0.88,0.975,9816,1064,287,0.8790185367600967,0.09528073788842124,0.025700725351482046,0,0,True,True,True,True,True,True,0.0580370735201934,False,30.708604175245103,0,0,0.754114876212974,0.6113041856425676,0.5910859583005142,1.3654190618555417,0,15,-226.755,-1119.105,-1868.26,,L1
15,0.88,0.98,9816,1126,225,0.8790185367600967,0.10083281096086684,0.020148652279036446,0,0,True,True,True,True,True,True,0.0580370735201934,False,35.809424404988924,0,0,0.754114876212974,0.6670916342759041,0.5400483154681828,1.421206510488878,0,15,-226.755,-1139.3799999999999,-1976.34,,L1
15,0.88,0.985,9816,1169,182,0.8790185367600967,0.10468344228530492,0.01629802095459837,0,0,True,True,True,True,True,True,0.0580370735201934,False,38.90798025405875,0,0,0.754114876212974,0.7048467926827289,0.4905437638770142,1.4589616688957028,0,15,-226.755,-1149.91,-2066.1800000000003,,L1
15,0.88,0.99,9816,1230,121,0.8790185367600967,0.11014596579206591,0.010835497447837378,0,0,True,True,True,True,True,True,0.0580370735201934,False,45.388349093219944,0,0,0.754114876212974,0.7552832732942149,0.4104629290131108,1.5093981495071889,0,15,-226.755,-1175.7849999999999,-2165.3,,L1
15,0.88,0.995,9816,1291,60,0.8790185367600967,0.1156084892988269,0.005372973941076386,0,0,True,True,True,True,False,False,0.0580370735201934,False,54.96560712088386,0,0,0.754114876212974,0.8044140258333697,0.22157315214718268,1.5585289020463438,0,15,-226.755,-1193.67,-2242.82,,L0淘汰
15,0.89,0.97,9941,880,346,0.8902122324706725,0.07880361780245365,0.030984149726873824,0,0,False,True,True,True,False,False,0.08239276439509269,False,26.332643278510496,0,0,0.7732584700186849,0.5141048059046079,0.5830208393218054,1.2873632759232927,0,15,-231.45,-1140.82,-1810.625,,L0淘汰
15,0.89,0.975,9941,939,287,0.8902122324706725,0.08408704217784543,0.025700725351482046,0,0,True,True,True,True,True,True,0.08042446494134503,False,29.488913088943587,0,0,0.7732584700186849,0.5695757243813426,0.5910859583005142,1.3428341944000275,0,15,-231.45,-1162.76,-1868.26,,L1
15,0.89,0.98,9941,1001,225,0.8902122324706725,0.08963911525029103,0.020148652279036446,0,0,True,True,True,True,True,True,0.08042446494134503,False,34.3871378203202,0,0,0.7732584700186849,0.6264325042989793,0.5400483154681828,1.3996909743176642,0,15,-231.45,-1181.6,-1976.34,,L1
15,0.89,0.985,9941,1044,182,0.8902122324706725,0.09348974657472911,0.01629802095459837,0,0,True,True,True,True,True,True,0.08042446494134503,False,37.362624547525996,0,0,0.7732584700186849,0.6517818119039972,0.4905437638770142,1.4250402819226822,0,15,-231.45,-1189.88,-2066.1800000000003,,L1
15,0.89,0.99,9941,1105,121,0.8902122324706725,0.0989522700814901,0.010835497447837378,0,0,True,True,True,True,True,True,0.08042446494134503,False,43.58560467360977,0,0,0.7732584700186849,0.7013760818974901,0.4104629290131108,1.474634551916175,0,15,-231.45,-1214.27,-2165.3,,L1
15,0.89,0.995,9941,1166,60,0.8902122324706725,0.10441479358825109,0.005372973941076386,0,0,True,True,True,True,False,False,0.08042446494134503,False,52.78247106312272,0,0,0.7732584700186849,0.738626932507333,0.22157315214718268,1.5118854025260178,0,15,-231.45,-1236.885,-2242.82,,L0淘汰
15,0.9,0.97,10039,782,346,0.8989880899077639,0.07002776036536223,0.030984149726873824,0,0,False,True,True,True,False,False,0.09994447926927552,False,25.21693248886248,0,0,0.7900908274603052,0.47389314120977183,0.5830208393218054,1.2639839686700771,0,15,-235.71,-1170.085,-1810.625,,L0淘汰
15,0.9,0.975,10039,841,287,0.8989880899077639,0.075311184740754,0.025700725351482046,0,0,True,True,True,True,True,True,0.09797617981552788,False,28.23947154369707,0,0,0.7900908274603052,0.5253485720974959,0.5910859583005142,1.315439399557801,0,15,-235.71,-1186.22,-1868.26,,L1
15,0.9,0.98,10039,903,225,0.8989880899077639,0.08086325781319961,0.020148652279036446,0,0,True,True,True,True,True,True,0.09797617981552786,False,32.930159108177236,0,0,0.7900908274603052,0.5704376448479102,0.5400483154681828,1.3605284723082154,0,15,-235.71,-1202.97,-1976.34,,L1
15,0.9,0.985,10039,946,182,0.8989880899077639,0.08471388913763768,0.01629802095459837,0,0,True,True,True,True,True,True,0.09797617981552788,False,35.779574836323555,0,0,0.7900908274603052,0.6027754736079974,0.4905437638770142,1.3928663010683027,0,15,-235.71,-1223.435,-2066.1800000000003,,L1
15,0.9,0.99,10039,1007,121,0.8989880899077639,0.09017641264439867,0.010835497447837378,0,0,True,True,True,True,True,True,0.09797617981552788,False,41.738888075760116,0,0,0.7900908274603052,0.6497664274750052,0.4104629290131108,1.4398572549353106,0,15,-235.71,-1241.6999999999998,-2165.3,,L1
15,0.9,0.995,10039,1068,60,0.8989880899077639,0.09563893615115966,0.005372973941076386,0,0,True,True,True,True,False,False,0.09797617981552788,False,50.546084391015576,0,0,0.7900908274603052,0.7174736639819855,0.22157315214718268,1.5075644914422908,0,15,-235.71,-1278.495,-2242.82,,L0淘汰
20,0.85,0.97,9486,1338,343,0.8494671800841765,0.1198173188860034,0.030715501029820007,0,0,False,True,True,True,False,False,0.0014310020596400366,True,28.24718759539631,0,0,0.7081013436386283,0.6552687309883783,0.544369679328672,1.3633700746270065,0,20,-215.68,-994.74,-1819.23,,L0淘汰
20,0.85,0.975,9486,1401,280,0.8494671800841765,0.12545894152413362,0.0250738783916898,0,0,False,True,True,True,False,False,0.010917883048267255,True,31.913870233927753,0,0,0.7081013436386283,0.7224209890152016,0.5033967763661826,1.4305223326538299,0,20,-215.68,-1022.14,-1909.79,,L0淘汰
20,0.85,0.98,9486,1441,240,0.8494671800841765,0.12904092415151786,0.021491895764305543,0,0,False,True,True,True,False,False,0.01808184830303575,True,33.71735160558845,0,0,0.7081013436386283,0.7551316219517552,0.5100556238098364,1.4632329655903835,0,20,-215.68,-1041.48,-1954.4099999999999,,L0淘汰
20,0.85,0.985,9486,1500,181,0.8494671800841765,0.13432434852690964,0.016208471388913764,0,0,False,True,True,True,False,False,0.02864869705381931,True,38.153722553963696,0,0,0.7081013436386283,0.802393583526203,0.4333542189098229,1.5104949271648314,0,20,-215.68,-1061.9099999999999,-2102.56,,L0淘汰
20,0.85,0.99,9486,1561,120,0.8494671800841765,0.13978687203367063,0.010745947882152771,0,0,False,True,True,True,False,False,0.03957374406734129,False,45.6524714318248,0,0,0.7081013436386283,0.8640952512452912,0.35635110593936453,1.5721965948839194,0,20,-215.68,-1083.54,-2159.48,,L0淘汰
20,0.85,0.995,9486,1619,62,0.8494671800841765,0.1449807468433778,0.005552073072445598,0,0,False,True,True,True,False,False,0.04996149368675565,False,53.57400425063678,0,0,0.7081013436386283,0.8929853145632655,0.24299336968654509,1.6010866582018939,0,20,-215.68,-1099.02,-2242.82,,L0淘汰
20,0.86,0.97,9597,1227,343,0.859407181875168,0.10987731709501208,0.030715501029820007,0,0,False,True,True,True,False,False,0.0202453658099759,True,27.554007063759165,0,0,0.7227340201804426,0.6347888837656719,0.544369679328672,1.3575229039461145,0,20,-218.78,-1026.94,-1819.23,,L0淘汰
20,0.86,0.975,9597,1290,280,0.859407181875168,0.1155189397331423,0.0250738783916898,0,0,True,True,True,True,True,True,0.018814363750335877,True,31.130710018042766,0,0,0.7227340201804426,0.6952416336635077,0.5033967763661826,1.4179756538439503,0,20,-218.78,-1057.705,-1909.79,,L2+
20,0.86,0.98,9597,1330,240,0.859407181875168,0.11910092236052655,0.021491895764305543,0,0,True,True,True,True,True,True,0.01881436375033588,True,32.889934304930634,0,0,0.7227340201804426,0.7251734686764558,0.5100556238098364,1.4479074888568984,0,20,-218.78,-1073.5349999999999,-1954.4099999999999,,L2+
20,0.86,0.985,9597,1389,181,0.859407181875168,0.12438434673591833,0.016208471388913764,0,0,False,True,True,True,True,False,0.027583057222172552,True,37.21743756649106,0,0,0.7227340201804426,0.7724192531826458,0.4333542189098229,1.4951532733630883,0,20,-218.78,-1088.25,-2102.56,,L0淘汰
20,0.86,0.99,9597,1450,120,0.859407181875168,0.12984687024267932,0.010745947882152771,0,0,False,True,True,True,True,False,0.038508104235694535,False,44.532168594213424,0,0,0.7227340201804426,0.8223510045795137,0.35635110593936453,1.5450850247599563,0,20,-218.78,-1108.125,-2159.48,,L0淘汰
20,0.86,0.995,9597,1508,62,0.859407181875168,0.1350407450523865,0.005552073072445598,0,0,False,True,True,True,False,False,0.04889585385510889,False,52.25930852657676,0,0,0.7227340201804426,0.8705594889766803,0.24299336968654509,1.593293509157123,0,20,-218.78,-1123.155,-2242.82,,L0淘汰
20,0.87,0.97,9703,1121,343,0.8688994358377362,0.1003850631324438,0.030715501029820007,0,0,False,True,True,True,False,False,0.039229873735112435,False,26.67381720391232,0,0,0.7365499335888845,0.6093289437742321,0.544369679328672,1.3458788773631167,0,20,-222.25,-1058.81,-1819.23,,L0淘汰
20,0.87,0.975,9703,1184,280,0.8688994358377362,0.10602668577057402,0.0250738783916898,0,0,True,True,True,True,True,True,0.03779887167547241,False,30.136265354357075,0,0,0.7365499335888845,0.6623415215922172,0.5033967763661826,1.3988914551811016,0,20,-222.25,-1085.455,-1909.79,,L1
20,0.87,0.98,9703,1224,240,0.8688994358377362,0.10960866839795827,0.021491895764305543,0,0,True,True,True,True,True,True,0.03779887167547241,False,31.8392926832151,0,0,0.7365499335888845,0.6908455061957656,0.5100556238098364,1.4273954397846502,0,20,-222.25,-1099.085,-1954.4099999999999,,L1
20,0.87,0.985,9703,1283,181,0.8688994358377362,0.11489209277335005,0.016208471388913764,0,0,True,True,True,True,True,True,0.03779887167547241,False,36.02855744899288,0,0,0.7365499335888845,0.739233733176388,0.4333542189098229,1.4757836667652726,0,20,-222.25,-1118.58,-2102.56,,L1
20,0.87,0.99,9703,1344,120,0.8688994358377362,0.12035461628011104,0.010745947882152771,0,0,False,True,True,True,True,False,0.03850810423569451,False,43.10962547215811,0,0,0.7365499335888845,0.7865714215847442,0.35635110593936453,1.523121355173629,0,20,-222.25,-1140.1799999999998,-2159.48,,L0淘汰
20,0.87,0.995,9703,1402,62,0.8688994358377362,0.12554849108981822,0.005552073072445598,0,0,False,True,True,True,False,False,0.04889585385510886,False,50.589928340193666,0,0,0.7365499335888845,0.840167299807855,0.24299336968654509,1.5767172333967396,0,20,-222.25,-1157.945,-2242.82,,L0淘汰
20,0.88,0.97,9817,1007,343,0.8791080863257813,0.09017641264439867,0.030715501029820007,0,0,False,True,True,True,False,False,0.059647174711202657,False,25.85182903594491,0,0,0.7552310302898114,0.576183583163634,0.544369679328672,1.3314146134534455,0,20,-226.9,-1089.97,-1819.23,,L0淘汰
20,0.88,0.975,9817,1070,280,0.8791080863257813,0.09581803528252889,0.0250738783916898,0,0,True,True,True,True,True,True,0.058216172651562634,False,29.207577369482742,0,0,0.7552310302898114,0.6262151190469671,0.5033967763661826,1.3814461493367785,0,20,-226.9,-1115.385,-1909.79,,L1
20,0.88,0.98,9817,1110,240,0.8791080863257813,0.09940001790991314,0.021491895764305543,0,0,True,True,True,True,True,True,0.058216172651562634,False,30.858123709086613,0,0,0.7552310302898114,0.6521893522066531,0.5100556238098364,1.4074203824964644,0,20,-226.9,-1126.9699999999998,-1954.4099999999999,,L1
20,0.88,0.985,9817,1169,181,0.8791080863257813,0.10468344228530492,0.016208471388913764,0,0,True,True,True,True,True,True,0.058216172651562634,False,34.918290864138896,0,0,0.7552310302898114,0.7033467028707396,0.4333542189098229,1.458577733160551,0,20,-226.9,-1148.96,-2102.56,,L1
20,0.88,0.99,9817,1230,120,0.8791080863257813,0.11014596579206591,0.010745947882152771,0,0,True,True,True,True,True,True,0.058216172651562634,False,41.78114661992904,0,0,0.7552310302898114,0.7574282674588044,0.35635110593936453,1.5126592977486157,0,20,-226.9,-1170.6599999999999,-2159.48,,L1
20,0.88,0.995,9817,1288,62,0.8791080863257813,0.11533984060177307,0.005552073072445598,0,0,True,True,True,True,False,False,0.05821617265156265,False,49.030934282610524,0,0,0.7552310302898114,0.8042836368483859,0.24299336968654509,1.5595146671381972,0,20,-226.9,-1188.4650000000001,-2242.82,,L0淘汰
20,0.89,0.97,9928,896,343,0.8890480881167726,0.08023641085340737,0.030715501029820007,0,0,False,True,True,True,False,False,0.07952717829318526,False,24.910216512392907,0,0,0.7696707720875511,0.5346263859456977,0.544369679328672,1.3042971580332487,0,20,-230.81,-1128.065,-1819.23,,L0淘汰
20,0.89,0.975,9928,959,280,0.8890480881167726,0.08587803349153757,0.0250738783916898,0,0,True,True,True,True,True,True,0.07809617623354526,False,28.14373695047486,0,0,0.7696707720875511,0.581169684964574,0.5033967763661826,1.350840457052125,0,20,-230.81,-1155.31,-1909.79,,L1
20,0.89,0.98,9928,999,240,0.8890480881167726,0.08946001611892182,0.021491895764305543,0,0,True,True,True,True,True,True,0.07809617623354526,False,29.73416471580254,0,0,0.7696707720875511,0.6201686610504153,0.5100556238098364,1.3898394331379664,0,20,-230.81,-1168.73,-1954.4099999999999,,L1
20,0.89,0.985,9928,1058,181,0.8890480881167726,0.0947434404943136,0.016208471388913764,0,0,True,True,True,True,True,True,0.07809617623354526,False,33.64644661926987,0,0,0.7696707720875511,0.6620437392972779,0.4333542189098229,1.431714511384829,0,20,-230.81,-1186.2199999999998,-2102.56,,L1
20,0.89,0.99,9928,1119,120,0.8890480881167726,0.1002059640010746,0.010745947882152771,0,0,True,True,True,True,True,True,0.07809617623354526,False,40.25933356558051,0,0,0.7696707720875511,0.7279273876202541,0.35635110593936453,1.4975981597078052,0,20,-230.81,-1203.25,-2159.48,,L1
20,0.89,0.995,9928,1177,62,0.8890480881167726,0.10539983881078177,0.005552073072445598,0,0,True,True,True,True,False,False,0.07809617623354526,False,47.2450590279905,0,0,0.7696707720875511,0.7674667866749113,0.24299336968654509,1.5371375587624625,0,20,-230.81,-1230.35,-2242.82,,L0淘汰
20,0.9,0.97,10044,780,343,0.899435837736187,0.06984866123399301,0.030715501029820007,0,0,False,True,True,True,False,False,0.10030267753201397,False,23.967020846051017,0,0,0.7925866139396345,0.4888142032322384,0.544369679328672,1.281400817171873,0,20,-236.06999999999994,-1170.6599999999999,-1819.23,,L0淘汰
20,0.9,0.975,10044,843,280,0.899435837736187,0.07549028387212323,0.0250738783916898,0,0,True,True,True,True,True,True,0.09887167547237395,False,27.078107885663332,0,0,0.7925866139396345,0.5323839826874976,0.5033967763661826,1.3249705966271321,0,20,-236.06999999999994,-1187.15,-1909.79,,L1
20,0.9,0.98,10044,883,240,0.899435837736187,0.07907226649950748,0.021491895764305543,0,0,True,True,True,True,True,True,0.09887167547237395,False,28.608315998739446,0,0,0.7925866139396345,0.5573400726859961,0.5100556238098364,1.3499266866256305,0,20,-236.06999999999994,-1199.41,-1954.4099999999999,,L1
20,0.9,0.985,10044,942,181,0.899435837736187,0.08435569087489926,0.016208471388913764,0,0,True,True,True,True,True,True,0.09887167547237395,False,32.372464009632125,0,0,0.7925866139396345,0.6165029226218036,0.4333542189098229,1.4090895365614382,0,20,-236.06999999999994,-1225.0149999999999,-2102.56,,L1
20,0.9,0.99,10044,1003,120,0.899435837736187,0.08981821438166025,0.010745947882152771,0,0,True,True,True,True,True,True,0.09887167547237395,False,38.73496187134103,0,0,0.7925866139396345,0.6698352869162767,0.35635110593936453,1.4624219008559112,0,20,-236.06999999999994,-1243.29,-2159.48,,L1
20,0.9,0.995,10044,1061,62,0.899435837736187,0.09501208919136742,0.005552073072445598,0,0,True,True,True,True,False,False,0.09887167547237397,False,45.45618116299489,0,0,0.7925866139396345,0.7218600504599769,0.24299336968654509,1.5144466643996113,0,20,-236.06999999999994,-1278.23,-2242.82,,L0淘汰
