箱序,边界j,CI2.5,CI97.5,相对宽度
1,1,311.98734499999995,354.76324999999997,0.3330354438756644
1,2,758.918865,862.985355,0.8102185024427276
2,1,535.40653,621.7995149999997,0.27694497515627414
2,2,1195.399305000001,1345.22,0.48027150184324074
3,1,758.2768199999999,842.7800400000002,0.18487216959460995
3,2,1608.64,1866.2569600000004,0.563602266512066
4,1,1038.9918400000001,1140.54,0.16195362189403825
4,2,2119.13,2334.371600000001,0.3432770884501305
5,1,2024.61,2254.1506699999995,0.20710778975291286
5,2,3339.6748900000007,3616.5186000000053,0.24978793032667124
