变体,组号,num_leaves,min_child_samples,feature_fraction,bagging_fraction,reg_lambda,reg_alpha,折1_WAPE,折2_WAPE,折3_WAPE,OOF_WAPE_均值,OOF_WAPE_std,OOF_MAE_均值,best_iter_均值,φ_折值,alpha
A,1,15,20,0.7,0.7,0.1,0.1,0.345810374380556,0.34207789897056456,0.34048927873713875,0.3427925173627531,0.0022303249832612802,100.1801298716136,119.33333333333333,1.190666|1.181327|1.181507,
A,2,15,20,0.7,0.9,1.0,0.0,0.3431742884554338,0.3419662417663714,0.3434622708615565,0.3428676003611206,0.0006481095348808403,100.19994224808927,134.0,1.187086|1.180641|1.180651,
A,3,15,20,0.7,0.9,1.0,0.1,0.3425615877808317,0.34196753043190137,0.34427408465545173,0.3429344009560616,0.000977851503471858,100.21892478475122,117.0,1.187528|1.181776|1.179688,
A,4,15,50,0.7,0.7,0.1,0.1,0.3461740991138627,0.3417209890898484,0.340994088193963,0.34296305879922473,0.002289858970152633,100.22996172420609,111.66666666666667,1.185455|1.181152|1.180421,
A,5,15,50,0.9,0.7,0.1,0.1,0.3445217258655224,0.3416068542102501,0.3440627367877026,0.3433971056211584,0.0012796921059597907,100.35504985050233,106.66666666666667,1.185766|1.180889|1.179882,
A,6,15,50,0.9,0.9,0.1,0.0,0.34303879453827085,0.3413962807792744,0.34470691729775743,0.3430473308717676,0.0013515751776157344,100.25200501857672,126.0,1.186015|1.182766|1.181597,
A,7,15,50,0.9,0.9,1.0,0.1,0.3422676375603451,0.3418610596446698,0.346575732983146,0.3435681433960536,0.0021331545878766002,100.40320249202307,115.33333333333333,1.187405|1.181399|1.180132,
A,8,31,20,0.7,0.7,0.1,0.1,0.3415038777215898,0.34447344590384593,0.3358056073729822,0.34059431033280596,0.0035966040302240405,99.5374617560038,84.66666666666667,1.192644|1.185095|1.183009,
A,9,31,20,0.7,0.7,1.0,0.0,0.34325080109255784,0.34451911959966963,0.33825878221669564,0.3420095676363077,0.002702276991335444,99.95090881827639,98.0,1.187994|1.185809|1.180425,
A,10,31,20,0.7,0.9,0.1,0.0,0.3433583225683482,0.34296324743690193,0.3370572615331377,0.3411262771794626,0.0028817456905377704,99.6933355417304,98.0,1.191196|1.183467|1.182467,
A,11,31,20,0.7,0.9,1.0,0.0,0.3424912632389128,0.34250104391198005,0.34119370855130793,0.342062005234067,0.0006139914561615839,99.96500253775815,104.0,1.189212|1.182843|1.183177,
A,12,31,20,0.9,0.7,1.0,0.0,0.34246785539982866,0.3425701396001626,0.3401504820862921,0.34172949236209443,0.0011173094476543532,99.86818338942574,80.66666666666667,1.191076|1.181442|1.182617,
A,13,31,20,0.9,0.9,0.1,0.0,0.34223400047567365,0.34247226573147466,0.34289089002258244,0.34253238540991027,0.0002715225601564973,100.10176313177972,94.0,1.192229|1.185342|1.184689,
A,14,31,50,0.7,0.9,0.1,0.0,0.3423456776574394,0.34441532688733256,0.337711023314106,0.3414906759529593,0.0028029975070142823,99.79909392860014,100.66666666666667,1.185393|1.183847|1.183081,
A,15,63,20,0.7,0.7,0.1,0.0,0.3398254564283572,0.3422193949281979,0.3395550284251146,0.34053329326055654,0.001197354570557288,99.51774687802329,72.66666666666667,1.190783|1.187068|1.187377,
A,16,63,20,0.7,0.7,1.0,0.0,0.34185028262392925,0.33933002307874405,0.3366908645820633,0.3392903900949122,0.0021065100225631443,99.15653610547042,69.0,1.189577|1.185919|1.181817,
A,17,63,20,0.7,0.9,1.0,0.1,0.34532389484775355,0.34415198443893846,0.3371013426798347,0.34219240732217554,0.0036315788940847076,100.00562695750631,94.66666666666667,1.189136|1.183669|1.186389,
A,18,63,20,0.9,0.7,1.0,0.0,0.34522776791815873,0.34344297426349674,0.3374140425184037,0.34202826156668636,0.003343115828742367,99.95754856910412,79.66666666666667,1.187848|1.185731|1.184893,
A,19,63,20,0.9,0.7,1.0,0.1,0.34454686843883303,0.3410459599831135,0.33679479632153203,0.34079587491449287,0.0031697068670061743,99.59747404532378,71.33333333333333,1.190020|1.183111|1.183553,
A,20,63,20,0.9,0.9,0.1,0.0,0.34534348463356485,0.3436148996419918,0.337534341958191,0.34216424207791585,0.0033490280039880573,99.99728271838292,87.33333333333333,1.192630|1.186148|1.187237,
A,21,63,50,0.7,0.7,0.1,0.0,0.3415518631631965,0.33884551509556915,0.338182782655592,0.33952672030478587,0.0014573277529959245,99.22498010440347,68.66666666666667,1.185672|1.182872|1.179883,
A,22,63,50,0.7,0.9,1.0,0.1,0.3430772387838169,0.34195779701032564,0.33884304132976106,0.3412926923746345,0.001791438928589081,99.74128156951569,79.66666666666667,1.185464|1.184394|1.180771,
A,23,63,50,0.9,0.7,0.1,0.1,0.34037521600431775,0.34115414624265,0.3352573555221079,0.3389289059230252,0.002615580858229417,99.05068643524339,63.0,1.187233|1.183706|1.180336,
A,24,63,50,0.9,0.9,0.1,0.0,0.3416323844053269,0.3384504988567521,0.33856878385049366,0.3395505557041909,0.001472867020607844,99.23186592342218,66.33333333333333,1.187986|1.185271|1.183840,
B,1,15,20,0.7,0.7,0.1,0.1,0.6300999256763185,0.6337268367067994,0.6308676949449002,0.6315648191093394,0.0015605784144006405,184.56865363942515,2000.0,nan|nan|nan,0.5
B,2,15,20,0.7,0.9,1.0,0.0,0.5661463068328533,0.5688659458260674,0.5650125660905642,0.5666749395831615,0.001616936050069331,165.60589501362588,2000.0,nan|nan|nan,0.9
B,3,15,20,0.9,0.7,0.1,0.0,0.6257010011752622,0.630171214917979,0.6273436653398569,0.627738627144366,0.0018462031030666614,183.45012471866684,2000.0,nan|nan|nan,0.5
B,4,15,20,0.9,0.7,1.0,0.0,0.625865160226649,0.6303371401201088,0.6274954083821307,0.6278992362429628,0.0018478742287225446,183.4970655645852,2000.0,nan|nan|nan,0.5
B,5,15,20,0.9,0.7,1.0,0.0,0.5592719275948433,0.5633856788245354,0.559503333981684,0.5607203134670209,0.0018870641387697853,163.8651447244055,2000.0,nan|nan|nan,0.9
B,6,15,20,0.9,0.9,1.0,0.0,0.5592918146841979,0.5632315131212449,0.5594341795968525,0.5606525024674317,0.0018245618481250042,163.84536927994066,2000.0,nan|nan|nan,0.9
B,7,15,50,0.9,0.7,0.1,0.1,0.6256996461980102,0.6302462361171428,0.6274052494106878,0.6277837105752803,0.0018753301243635417,183.46327321322113,2000.0,nan|nan|nan,0.5
B,8,31,20,0.7,0.7,0.1,0.0,0.6287739552422533,0.6321120166782185,0.6293797104596154,0.6300885607933623,0.0014520135753060023,184.1373046746347,2000.0,nan|nan|nan,0.5
B,9,31,20,0.7,0.9,0.1,0.1,0.6289544556705011,0.6321294491782901,0.6292883250554717,0.6301240766347543,0.0014245482255392339,184.14778950352834,2000.0,nan|nan|nan,0.5
B,10,31,20,0.9,0.7,1.0,0.0,0.6250532456564084,0.6292036564681084,0.6264762996363977,0.6269110672536381,0.0017220616785740127,183.2083742026139,2000.0,nan|nan|nan,0.5
B,11,31,20,0.9,0.9,1.0,0.0,0.5577130161478636,0.5609811690597978,0.5575399987013313,0.5587447279696641,0.0015829793263399305,163.28799032229296,2000.0,nan|nan|nan,0.9
B,12,31,50,0.7,0.7,1.0,0.0,0.6289378244811528,0.6330725691795186,0.6302649425044535,0.6307584453883749,0.0017236951108002773,184.33277067072586,2000.0,nan|nan|nan,0.5
B,13,31,50,0.7,0.7,1.0,0.1,0.5639309270032726,0.5674997779559356,0.5638574221018469,0.565096042353685,0.0016999626224868782,165.14405195801294,2000.0,nan|nan|nan,0.9
B,14,31,50,0.7,0.9,0.1,0.1,0.6288698575044547,0.6329424608432519,0.630017778104041,0.6306100321505825,0.001714564693156674,184.2894651928293,2000.0,nan|nan|nan,0.5
B,15,31,50,0.9,0.7,0.1,0.0,0.6247128518471525,0.628836513358879,0.6260847794457703,0.6265447148839339,0.0017146042344678614,183.10133065206423,2000.0,nan|nan|nan,0.5
B,16,31,50,0.9,0.7,0.1,0.0,0.5570611849276765,0.5605843384389252,0.5571566738174224,0.5582673990613413,0.001638787273476962,163.14838537191045,2000.0,nan|nan|nan,0.9
B,17,31,50,0.9,0.9,0.1,0.0,0.6248005499222818,0.6288040244233943,0.6259810938522513,0.6265285560659758,0.0016796305500231474,183.096683065085,2000.0,nan|nan|nan,0.5
B,18,63,20,0.7,0.7,0.1,0.0,0.5627278658069085,0.5647463685941765,0.5614341965557929,0.5629694769856259,0.0013629387059398588,164.52310471359368,2000.0,nan|nan|nan,0.9
B,19,63,20,0.7,0.9,1.0,0.1,0.5630687932447046,0.5649942859946445,0.561684072059579,0.563249050432976,0.001357386843514175,164.60484518213642,2000.0,nan|nan|nan,0.9
B,20,63,20,0.9,0.9,0.1,0.0,0.5567023499000328,0.5598966526288348,0.5567494049510694,0.5577828024933124,0.0014948412047312044,163.00680287625016,2000.0,nan|nan|nan,0.9
B,21,63,50,0.7,0.7,1.0,0.1,0.6286528610218997,0.6327834479600015,0.6299022246912085,0.6304461778910365,0.0017296147790778597,184.2415410109554,2000.0,nan|nan|nan,0.5
B,22,63,50,0.7,0.9,1.0,0.0,0.5628767006592789,0.5662797356586774,0.5626020132305773,0.5639194831828446,0.001672713784668102,164.80029395443992,2000.0,nan|nan|nan,0.9
B,23,63,50,0.9,0.7,0.1,0.1,0.6244869886021011,0.6285867783724232,0.6257700606446921,0.6262812758730721,0.0017123229441327477,183.0243757614833,2000.0,nan|nan|nan,0.5
B,24,63,50,0.9,0.7,0.1,0.1,0.5563757558654489,0.5599331589204726,0.5563965108469411,0.5575684752109541,0.0016721053549064975,162.94415553920703,2000.0,nan|nan|nan,0.9
