配置,口径,种子,宏F1,类0_precision,类0_recall,类0_f1,类0_support,类1_precision,类1_recall,类1_f1,类1_support,类2_precision,类2_recall,类2_f1,类2_support,严重类_recall,严重类_precision,预测占比_合理诉求,预测占比_诉求偏高,预测占比_严重超额,OOF_logloss,折间宏F1_均值,折间宏F1_std,方式2_宏F1,方式1_宏F1,方式2_严重recall,方式1_严重recall,标签一致率,边界带翻转率_L1不等于L2,边界带行数
方式1_完整链路,分层5折,20251004,0.6362226662191404,0.9407239372719203,0.9933347219329306,0.9663137632338786,9602.0,0.7721261444557477,0.5664179104477612,0.6534653465346535,1340.0,0.8666666666666667,0.17333333333333334,0.2888888888888889,225.0,0.17333333333333334,0.8666666666666667,0.9079430464762246,0.08802722306796812,0.004029730455807289,,0.634269336582005,0.030477850272726644,,,,,,,
方式1_完整链路,分层5折,20251005,0.6357917594259298,0.9404984730568416,0.9942720266611123,0.9666379790411582,9602.0,0.7810894141829393,0.5671641791044776,0.6571552096843924,1340.0,0.8837209302325582,0.1688888888888889,0.2835820895522388,225.0,0.1688888888888889,0.8837209302325582,0.9090176412644398,0.08713172741112206,0.0038506313244380764,,0.6350944489506049,0.008210522070941228,,,,,,,
方式1_完整链路,分层5折,20251006,0.6368562342689801,0.9408225663280403,0.9934388669027286,0.9664150752241528,9602.0,0.7759674134419552,0.5686567164179105,0.6563307493540053,1340.0,0.8478260869565217,0.17333333333333334,0.2878228782287823,225.0,0.17333333333333334,0.8478260869565217,0.9079430464762246,0.08793767350228351,0.004119280021491895,,0.6351854825828973,0.04511961636871403,,,,,,,
方式1_完整链路,行序外推,20251004,0.6643162822193615,0.9378391711889492,0.9947671376242805,0.9654647028948705,1911.0,0.8051282051282052,0.564748201438849,0.66384778012685,278.0,0.9090909090909091,0.22727272727272727,0.36363636363636365,44.0,0.22727272727272727,0.9090909090909091,0.9077474249888043,0.08732646663681147,0.0049261083743842365,,0.6643162822193615,0.0,,,,,,,
,分层5折,20251004,,,,,,,,,,,,,,,,,,,,,,0.6703649106061654,0.6362226662191404,0.32,0.17333333333333334,0.9755529685681025,0.40725806451612906,248.0
,分层5折,20251005,,,,,,,,,,,,,,,,,,,,,,0.6521006242675939,0.6357917594259298,0.27111111111111114,0.1688888888888889,0.9778812572759022,0.42412451361867703,257.0
,分层5折,20251006,,,,,,,,,,,,,,,,,,,,,,0.6585801568747476,0.6368562342689801,0.28888888888888886,0.17333333333333334,0.9796722485895943,0.4016393442622951,244.0
,行序外推,20251004,,,,,,,,,,,,,,,,,,,,,,0.6709632075571341,0.6643162822193615,0.36363636363636365,0.22727272727272727,0.974025974025974,0.3389830508474576,59.0
,附件2预测,20251004,,,,,,,,,,,,,,,,,,,,,,,,0.0071633237822349575,0.002148997134670487,0.9863896848137536,0.3728813559322034,59.0
