配置,口径,种子,宏F1,类0_precision,类0_recall,类0_f1,类0_support,类1_precision,类1_recall,类1_f1,类1_support,类2_precision,类2_recall,类2_f1,类2_support,严重类_recall,严重类_precision,预测占比_合理诉求,预测占比_诉求偏高,预测占比_严重超额,OOF_logloss,折间宏F1_均值,折间宏F1_std
消融A0,分层5折,20251004,0.6529024497172667,0.9433719433719434,0.992397417204749,0.9672638684464294,9602,0.7757757757757757,0.5783582089552238,0.6626763574176998,1340,0.7164179104477612,0.21333333333333335,0.3287671232876712,225,0.21333333333333335,0.7164179104477612,0.9045401629802096,0.08946001611892182,0.005999820900868631,0.2207969987523932,0.6526318522048384,0.023825090385797165
消融A1,分层5折,20251004,0.6631410684602982,0.950624809509296,0.9744844823995001,0.9624067883774748,9602,0.6906957250628667,0.6149253731343284,0.6506119226213974,1340,0.5114503816793893,0.29777777777777775,0.37640449438202245,225,0.29777777777777775,0.5114503816793893,0.8814363750335811,0.10683263186173547,0.011730993104683443,0.24240500736169265,0.6626703726773824,0.03174044461020034
消融A2,分层5折,20251004,0.6567757687147769,0.9437388370708474,0.9905228077483857,0.9665650406504065,9602,0.7731006160164271,0.5619402985074626,0.6508210890233361,1340,0.5217391304347826,0.26666666666666666,0.3529411764705882,225,0.26666666666666666,0.5217391304347826,0.9024805229694636,0.08722127697680666,0.01029820005372974,0.2207969987523932,0.6526750884237835,0.024824658295665932
消融A3,分层5折,20251004,0.664162135449669,0.9477215823735603,0.9855238491980838,0.9662531270740797,9602,0.753358925143954,0.585820895522388,0.6591099916036943,1340,0.4785714285714286,0.29777777777777775,0.36712328767123287,225,0.29777777777777775,0.4785714285714286,0.8941524133607952,0.0933106474433599,0.0125369391958449,0.24240500736169265,0.6627311249261507,0.03131045761970446
消融A4,分层5折,20251004,0.6758358423851565,0.9475685411246748,0.9862528639866694,0.9665237803633394,9602,0.7625250501002004,0.567910447761194,0.6509837467921301,1340,0.4685714285714286,0.36444444444444446,0.41000000000000003,225,0.36444444444444446,0.4685714285714286,0.8949583594519567,0.08937046655323722,0.015671173994806126,0.22576258599953583,0.6749949450851516,0.02890573265168337
消融A5,分层5折,20251004,0.6556094115716332,0.9446816962955606,0.9906269527181837,0.967108942097504,9602,0.7777777777777778,0.5380597014925373,0.6360829289810322,1340,0.42105263157894735,0.32,0.3636363636363636,225,0.32,0.42105263157894735,0.9016745768783021,0.08301244738963016,0.0153129757320677,0.224013016392418,0.6558410952690534,0.04360756213803584
消融A6,分层5折,20251004,0.4298439034413331,0.9438537215542084,0.9891689231410122,0.9659801678108314,9602,,0.0,,1340,0.1947463768115942,0.9555555555555556,0.32355154251316787,225,0.9555555555555556,0.1947463768115942,0.9011372794841945,0.0,0.0988627205158055,0.5038363047128142,0.4300806645369388,0.0054118711300511
消融A0,行序外推,20251004,0.6921900778436156,0.9429280397022333,0.9942438513867086,0.967906265919511,1911,0.817258883248731,0.579136690647482,0.6778947368421053,278,0.6666666666666666,0.3181818181818182,0.43076923076923074,44,0.3181818181818182,0.6666666666666666,0.9023734885803851,0.08822212270488132,0.009404388714733543,,0.6921900778436156,0.0
消融A1,行序外推,20251004,0.666820183249582,0.9495669893020886,0.9754055468341183,0.9623128549303045,1911,0.6974789915966386,0.5971223021582733,0.6434108527131782,278,0.46875,0.3409090909090909,0.39473684210526316,44,0.3409090909090909,0.46875,0.8790864308105687,0.10658307210031348,0.014330497089117778,,0.666820183249582,0.0
消融A2,行序外推,20251004,0.6824231708882834,0.9438090502237693,0.9931972789115646,0.9678735339112697,1911,0.8201058201058201,0.5575539568345323,0.6638115631691649,278,0.48484848484848486,0.36363636363636365,0.4155844155844156,44,0.36363636363636365,0.48484848484848486,0.9005821764442454,0.08463949843260188,0.014778325123152709,,0.6824231708882834,0.0
消融A3,行序外推,20251004,0.6709632075571341,0.9465,0.9905808477237049,0.9680388647404756,1911,0.7857142857142857,0.5539568345323741,0.649789029535865,278,0.43243243243243246,0.36363636363636365,0.39506172839506176,44,0.36363636363636365,0.43243243243243246,0.8956560680698612,0.0877742946708464,0.016569637259292433,,0.6709632075571341,0.0
消融A4,行序外推,20251004,0.6869627070947059,0.9487437185929648,0.9879644165358451,0.9679569341194566,1911,0.7740384615384616,0.579136690647482,0.662551440329218,278,0.4857142857142857,0.38636363636363635,0.4303797468354431,44,0.38636363636363635,0.4857142857142857,0.8911777877295118,0.09314823107926556,0.01567398119122257,,0.6869627070947059,0.0
消融A5,行序外推,20251004,0.6498121811318169,0.9410599306587419,0.9942438513867086,0.9669211195928754,1911,0.8070175438596491,0.49640287769784175,0.6146993318485524,278,0.37209302325581395,0.36363636363636365,0.367816091954023,44,0.36363636363636365,0.37209302325581395,0.9041648007165248,0.07657859381997313,0.019256605463502014,,0.6498121811318169,0.0
消融A6,行序外推,20251004,0.4290740176667682,0.9427575908412146,0.9911041339612768,0.9663265306122449,1911,,0.0,,278,0.19196428571428573,0.9772727272727273,0.3208955223880597,44,0.9772727272727273,0.19196428571428573,0.8996865203761756,0.0,0.10031347962382445,,0.4290740176667682,0.0
