tau1,tau2,pct_合理,pct_偏高,pct_严重,密度比_合理严重,n_严重
0.85,0.97,85.00044774782842,12.035461628011104,2.9640906241604728,52.6733583011168,331
0.85,0.98,85.00044774782842,12.93095728485717,2.0685949673144086,66.0207142394686,231
0.85,0.99,85.00044774782842,13.871227724545538,1.128324527626041,115.37272278974883,126
0.86,0.97,85.96758305722217,11.068326318617355,2.9640906241604728,52.072949337109094,331
0.86,0.98,85.96758305722217,11.96382197546342,2.0685949673144086,65.2700148066127,231
0.86,0.99,85.96758305722217,12.904092415151785,1.128324527626041,114.19323453142616,126
0.88,0.97,87.68693471836662,9.348974657472912,2.9640906241604728,51.36436602741001,331
0.88,0.98,87.68693471836662,10.244470314318974,2.0685949673144086,64.37807367128194,231
0.88,0.99,87.68693471836662,11.184740754007343,1.128324527626041,112.37659671590782,126
0.9,0.97,89.77343959881794,7.262469777021581,2.9640906241604728,50.51682476169641,331
0.9,0.98,89.77343959881794,8.157965433867647,2.0685949673144086,63.306796426217446,231
0.9,0.99,89.77343959881794,9.098235873556012,1.128324527626041,110.20425434508998,126
