运单号,预测实际赔付金额,路线A_风险标注,路线B_风险标注_参考,索赔金额
1,193.66,合理诉求,合理诉求,680.57
2,222.38,合理诉求,合理诉求,723.25
3,641.42,合理诉求,合理诉求,1551.5
4,197.44,合理诉求,合理诉求,727.31
5,23.8,合理诉求,合理诉求,100.13
6,189.87,合理诉求,合理诉求,382.99
7,235.76,合理诉求,合理诉求,477.56
8,280.73,合理诉求,合理诉求,501.78
9,255.87,合理诉求,合理诉求,427.56
10,292.51,合理诉求,合理诉求,648.87
11,284.8,合理诉求,合理诉求,739.54
12,208.64,合理诉求,合理诉求,462.13
13,56.89,合理诉求,合理诉求,111.84
14,419.55,合理诉求,合理诉求,930.76
15,232.47,合理诉求,合理诉求,468.61
16,103.18,合理诉求,合理诉求,223.01
17,264.56,合理诉求,合理诉求,691.73
18,178.92,诉求偏高,诉求偏高,1370.93
19,308.71,合理诉求,合理诉求,823.43
20,108.82,合理诉求,合理诉求,264.75
21,215.75,合理诉求,合理诉求,501.16
22,81.66,合理诉求,合理诉求,167.42
23,169.05,合理诉求,合理诉求,405.0
24,181.74,合理诉求,合理诉求,501.35
25,227.16,合理诉求,合理诉求,603.9
26,127.44,合理诉求,合理诉求,295.92
27,22.58,合理诉求,合理诉求,116.02
28,449.53,合理诉求,合理诉求,1100.42
29,142.37,合理诉求,合理诉求,349.47
30,89.47,合理诉求,合理诉求,189.76
31,724.85,合理诉求,合理诉求,2149.64
32,571.7,合理诉求,合理诉求,1670.65
33,722.02,合理诉求,合理诉求,1947.19
34,123.52,合理诉求,合理诉求,230.77
35,102.52,合理诉求,合理诉求,374.36
36,605.65,合理诉求,合理诉求,1603.54
37,93.7,合理诉求,合理诉求,205.61
38,1174.59,合理诉求,合理诉求,3142.05
39,717.71,诉求偏高,诉求偏高,3240.37
40,214.14,合理诉求,合理诉求,350.54
41,40.94,合理诉求,合理诉求,112.05
42,92.06,合理诉求,合理诉求,146.36
43,140.13,合理诉求,合理诉求,340.35
44,125.42,合理诉求,合理诉求,399.92
45,204.08,合理诉求,合理诉求,467.19
46,74.61,诉求偏高,诉求偏高,819.69
47,51.74,合理诉求,合理诉求,117.2
48,117.44,诉求偏高,诉求偏高,1159.64
49,669.28,合理诉求,合理诉求,1838.27
50,71.2,合理诉求,合理诉求,136.94
51,40.55,合理诉求,合理诉求,103.2
52,388.01,合理诉求,合理诉求,916.12
53,59.23,合理诉求,合理诉求,135.04
54,128.62,诉求偏高,诉求偏高,1147.48
55,174.47,合理诉求,合理诉求,327.15
56,282.93,合理诉求,合理诉求,703.26
57,342.86,诉求偏高,诉求偏高,1816.55
58,61.0,合理诉求,合理诉求,213.38
59,104.53,合理诉求,合理诉求,351.34
60,516.23,合理诉求,合理诉求,1206.53
61,740.73,合理诉求,合理诉求,1802.67
62,752.8,合理诉求,合理诉求,2050.91
63,557.72,合理诉求,合理诉求,1310.43
64,211.27,合理诉求,合理诉求,585.25
65,203.4,合理诉求,合理诉求,375.3
66,67.44,合理诉求,合理诉求,140.86
67,746.12,合理诉求,合理诉求,2114.11
68,225.23,诉求偏高,诉求偏高,1645.02
69,88.39,合理诉求,合理诉求,204.4
70,51.61,合理诉求,合理诉求,149.17
71,188.76,合理诉求,合理诉求,550.55
72,475.09,诉求偏高,诉求偏高,2517.22
73,195.29,合理诉求,合理诉求,433.37
74,161.52,诉求偏高,诉求偏高,1452.0
75,117.69,诉求偏高,诉求偏高,1000.23
76,286.29,合理诉求,合理诉求,761.32
77,149.31,合理诉求,合理诉求,355.81
78,209.75,合理诉求,合理诉求,481.75
79,322.01,合理诉求,合理诉求,509.84
80,297.94,合理诉求,合理诉求,805.52
81,576.17,合理诉求,合理诉求,1531.61
82,170.11,合理诉求,合理诉求,472.55
83,43.75,合理诉求,合理诉求,136.08
84,26.01,合理诉求,合理诉求,100.22
85,248.47,合理诉求,合理诉求,687.56
86,116.22,合理诉求,合理诉求,318.53
87,384.47,合理诉求,合理诉求,833.1
88,126.29,诉求偏高,诉求偏高,1181.5
89,248.88,合理诉求,合理诉求,401.07
90,1213.14,合理诉求,合理诉求,3152.46
91,377.62,合理诉求,合理诉求,943.15
92,342.14,合理诉求,合理诉求,1118.86
93,48.78,合理诉求,合理诉求,127.79
94,130.0,合理诉求,合理诉求,319.07
95,23.54,合理诉求,合理诉求,100.55
96,240.62,合理诉求,合理诉求,450.81
97,206.42,合理诉求,合理诉求,410.25
98,163.45,诉求偏高,诉求偏高,1333.9
99,618.42,合理诉求,合理诉求,1442.32
100,154.39,合理诉求,合理诉求,357.55
101,333.38,合理诉求,合理诉求,848.61
102,294.5,合理诉求,合理诉求,786.33
103,634.13,合理诉求,合理诉求,1578.62
104,101.48,合理诉求,合理诉求,215.81
105,404.72,合理诉求,合理诉求,1017.18
106,30.08,合理诉求,合理诉求,108.0
107,589.33,诉求偏高,诉求偏高,3009.4
108,191.33,合理诉求,合理诉求,342.95
109,369.87,合理诉求,合理诉求,722.95
110,209.01,合理诉求,合理诉求,628.46
111,182.88,合理诉求,合理诉求,358.27
112,75.84,合理诉求,合理诉求,177.09
113,194.25,合理诉求,合理诉求,335.56
114,665.98,合理诉求,合理诉求,1618.19
115,163.18,诉求偏高,诉求偏高,1352.19
116,63.93,合理诉求,合理诉求,173.6
117,243.0,合理诉求,合理诉求,711.23
118,469.49,诉求偏高,诉求偏高,2639.47
119,220.9,合理诉求,合理诉求,538.0
120,535.49,诉求偏高,诉求偏高,2878.06
121,219.9,合理诉求,合理诉求,645.7
122,37.52,合理诉求,合理诉求,106.77
123,41.34,合理诉求,合理诉求,120.06
124,328.97,诉求偏高,合理诉求,1021.71
125,35.48,合理诉求,合理诉求,106.02
126,90.09,合理诉求,合理诉求,247.26
127,195.57,合理诉求,合理诉求,344.39
128,60.53,合理诉求,合理诉求,135.79
129,226.0,合理诉求,合理诉求,676.26
130,220.98,合理诉求,合理诉求,469.81
131,140.8,合理诉求,合理诉求,313.36
132,41.36,合理诉求,合理诉求,100.05
133,469.66,合理诉求,合理诉求,1159.56
134,190.16,合理诉求,合理诉求,369.95
135,368.32,合理诉求,合理诉求,754.76
136,59.19,合理诉求,合理诉求,136.14
137,357.06,合理诉求,合理诉求,838.51
138,183.95,合理诉求,合理诉求,528.72
139,227.69,合理诉求,合理诉求,506.41
140,38.91,合理诉求,合理诉求,100.19
141,422.77,合理诉求,合理诉求,1382.59
142,193.27,合理诉求,合理诉求,501.82
143,119.07,合理诉求,合理诉求,300.8
144,746.45,合理诉求,合理诉求,1815.2
145,371.93,合理诉求,合理诉求,914.34
146,663.61,诉求偏高,诉求偏高,3155.17
147,420.67,合理诉求,合理诉求,1118.01
148,349.96,合理诉求,合理诉求,587.68
149,469.4,合理诉求,合理诉求,1221.89
150,218.17,合理诉求,合理诉求,554.32
151,513.95,合理诉求,合理诉求,1495.16
152,419.64,合理诉求,合理诉求,1003.57
153,46.41,合理诉求,合理诉求,107.22
154,745.84,合理诉求,合理诉求,2021.85
155,153.45,合理诉求,合理诉求,377.88
156,343.85,诉求偏高,诉求偏高,2244.97
157,627.91,合理诉求,合理诉求,1391.94
158,278.23,合理诉求,合理诉求,658.54
159,126.42,合理诉求,合理诉求,390.29
160,54.55,合理诉求,合理诉求,120.64
161,222.4,合理诉求,合理诉求,610.5
162,113.26,诉求偏高,诉求偏高,1180.33
163,480.32,合理诉求,合理诉求,857.63
164,246.78,合理诉求,合理诉求,750.54
165,133.64,合理诉求,合理诉求,269.95
166,76.34,合理诉求,合理诉求,149.42
167,22.82,合理诉求,合理诉求,103.14
168,107.87,合理诉求,合理诉求,276.33
169,137.65,合理诉求,合理诉求,276.98
170,39.71,合理诉求,合理诉求,116.5
171,37.18,合理诉求,合理诉求,102.09
172,371.73,合理诉求,合理诉求,672.3
173,123.13,合理诉求,合理诉求,470.55
174,361.53,合理诉求,合理诉求,921.25
175,229.37,合理诉求,合理诉求,446.39
176,659.08,合理诉求,合理诉求,1679.69
177,67.02,诉求偏高,诉求偏高,898.57
178,944.75,合理诉求,合理诉求,2191.06
179,434.23,合理诉求,合理诉求,1128.51
180,910.47,诉求偏高,诉求偏高,4420.58
181,347.76,合理诉求,合理诉求,1007.66
182,748.1,合理诉求,合理诉求,2162.11
183,79.66,合理诉求,合理诉求,170.79
184,64.88,诉求偏高,诉求偏高,834.22
185,157.87,合理诉求,合理诉求,388.12
186,151.05,合理诉求,合理诉求,369.22
187,514.17,合理诉求,合理诉求,1346.59
188,198.76,合理诉求,合理诉求,637.32
189,212.09,合理诉求,合理诉求,448.93
190,200.58,合理诉求,合理诉求,487.29
191,93.86,合理诉求,合理诉求,157.16
192,366.37,合理诉求,合理诉求,1066.52
193,638.34,合理诉求,合理诉求,1518.58
194,467.07,合理诉求,合理诉求,1216.14
195,849.22,合理诉求,合理诉求,2381.77
196,278.25,合理诉求,合理诉求,721.1
197,835.53,合理诉求,合理诉求,2159.42
198,582.92,合理诉求,合理诉求,1485.27
199,189.03,合理诉求,合理诉求,354.58
200,185.73,合理诉求,合理诉求,576.23
201,453.6,合理诉求,合理诉求,1088.94
202,605.18,合理诉求,合理诉求,1286.77
203,267.77,诉求偏高,诉求偏高,1879.75
204,337.73,合理诉求,合理诉求,1001.22
205,94.72,合理诉求,合理诉求,214.45
206,71.9,合理诉求,合理诉求,101.78
207,240.27,合理诉求,合理诉求,592.68
208,175.33,合理诉求,合理诉求,395.52
209,73.97,合理诉求,合理诉求,157.45
210,68.69,合理诉求,合理诉求,136.83
211,62.25,合理诉求,合理诉求,156.73
212,327.51,合理诉求,合理诉求,955.06
213,325.81,合理诉求,合理诉求,723.94
214,243.14,合理诉求,合理诉求,726.72
215,28.66,合理诉求,合理诉求,105.01
216,212.96,合理诉求,合理诉求,425.95
217,110.42,合理诉求,合理诉求,247.68
218,562.42,合理诉求,合理诉求,1402.78
219,197.73,合理诉求,合理诉求,454.84
220,613.76,合理诉求,合理诉求,1559.07
221,218.66,合理诉求,合理诉求,597.29
222,129.51,诉求偏高,诉求偏高,1022.24
223,178.26,合理诉求,合理诉求,254.62
224,169.64,合理诉求,合理诉求,307.07
225,680.47,诉求偏高,诉求偏高,3298.93
226,240.39,诉求偏高,诉求偏高,1657.23
227,251.01,合理诉求,合理诉求,592.48
228,61.68,合理诉求,合理诉求,112.63
229,379.21,合理诉求,合理诉求,1172.33
230,359.85,合理诉求,合理诉求,992.32
231,223.78,合理诉求,合理诉求,530.62
232,110.62,合理诉求,合理诉求,248.62
233,88.42,合理诉求,合理诉求,198.05
234,461.05,诉求偏高,诉求偏高,2548.56
235,314.59,诉求偏高,诉求偏高,1839.39
236,533.28,合理诉求,合理诉求,1440.61
237,144.39,合理诉求,合理诉求,267.93
238,371.14,合理诉求,合理诉求,964.33
239,70.15,诉求偏高,诉求偏高,758.5
240,116.1,合理诉求,合理诉求,179.59
241,513.55,合理诉求,合理诉求,1417.47
242,432.36,合理诉求,合理诉求,981.64
243,81.3,合理诉求,合理诉求,196.4
244,71.08,合理诉求,合理诉求,147.9
245,379.83,合理诉求,合理诉求,1018.84
246,202.63,合理诉求,合理诉求,442.06
247,732.7,合理诉求,合理诉求,1837.16
248,78.66,合理诉求,合理诉求,163.08
249,348.0,合理诉求,合理诉求,754.46
250,97.39,合理诉求,合理诉求,208.29
251,113.77,合理诉求,合理诉求,228.02
252,98.87,合理诉求,合理诉求,182.23
253,78.83,合理诉求,合理诉求,194.25
254,519.32,合理诉求,合理诉求,1378.7
255,535.93,合理诉求,合理诉求,1299.94
256,367.45,合理诉求,合理诉求,1041.84
257,66.8,合理诉求,合理诉求,235.8
258,59.54,合理诉求,合理诉求,120.06
259,179.42,合理诉求,合理诉求,344.52
260,448.29,合理诉求,合理诉求,1207.82
261,361.38,合理诉求,合理诉求,1193.16
262,310.86,合理诉求,合理诉求,818.23
263,36.32,合理诉求,合理诉求,108.33
264,115.18,合理诉求,合理诉求,213.14
265,110.96,合理诉求,合理诉求,279.37
266,82.51,合理诉求,合理诉求,155.39
267,93.87,合理诉求,合理诉求,244.62
268,112.89,合理诉求,合理诉求,192.06
269,277.35,诉求偏高,诉求偏高,1761.76
270,1263.27,合理诉求,合理诉求,3263.18
271,213.23,合理诉求,合理诉求,669.75
272,207.83,合理诉求,合理诉求,380.37
273,194.56,合理诉求,合理诉求,478.03
274,173.68,合理诉求,合理诉求,359.61
275,176.69,合理诉求,合理诉求,326.14
276,81.77,诉求偏高,诉求偏高,796.68
277,343.38,合理诉求,合理诉求,833.16
278,208.15,合理诉求,合理诉求,548.77
279,49.96,合理诉求,合理诉求,135.18
280,230.32,合理诉求,合理诉求,507.47
281,103.16,合理诉求,合理诉求,323.67
282,161.0,诉求偏高,诉求偏高,1263.13
283,360.54,合理诉求,合理诉求,944.64
284,577.18,合理诉求,合理诉求,1676.49
285,15.98,合理诉求,合理诉求,100.16
286,103.67,合理诉求,合理诉求,245.43
287,835.16,合理诉求,合理诉求,2200.04
288,49.03,合理诉求,合理诉求,141.68
289,163.14,合理诉求,合理诉求,448.89
290,44.49,合理诉求,合理诉求,122.1
291,27.28,合理诉求,合理诉求,103.33
292,278.42,合理诉求,合理诉求,848.53
293,111.87,合理诉求,合理诉求,195.59
294,38.17,合理诉求,合理诉求,113.28
295,66.06,合理诉求,合理诉求,119.25
296,238.79,合理诉求,合理诉求,431.91
297,416.69,合理诉求,合理诉求,1085.82
298,210.64,合理诉求,合理诉求,377.35
299,43.25,合理诉求,合理诉求,141.72
300,1067.24,诉求偏高,严重超额,5424.79
301,282.88,合理诉求,合理诉求,715.34
302,899.24,合理诉求,合理诉求,2453.0
303,47.7,合理诉求,合理诉求,103.17
304,727.43,合理诉求,合理诉求,1815.21
305,347.47,合理诉求,合理诉求,1072.04
306,402.2,合理诉求,合理诉求,1190.6
307,344.91,合理诉求,合理诉求,947.1
308,24.85,合理诉求,合理诉求,104.8
309,255.22,合理诉求,合理诉求,743.22
310,263.86,合理诉求,合理诉求,726.42
311,129.67,合理诉求,合理诉求,227.39
312,337.93,合理诉求,合理诉求,934.52
313,63.74,合理诉求,合理诉求,137.88
314,396.85,合理诉求,合理诉求,1011.04
315,616.39,合理诉求,合理诉求,1637.11
316,87.22,合理诉求,合理诉求,221.47
317,136.74,合理诉求,合理诉求,326.96
318,475.33,合理诉求,合理诉求,1027.46
319,359.32,合理诉求,合理诉求,751.25
320,35.78,合理诉求,合理诉求,129.47
321,65.53,合理诉求,合理诉求,181.64
322,159.82,合理诉求,合理诉求,280.1
323,211.48,合理诉求,合理诉求,563.15
324,53.42,合理诉求,合理诉求,100.53
325,440.68,合理诉求,合理诉求,1128.97
326,86.16,合理诉求,合理诉求,141.01
327,577.4,诉求偏高,诉求偏高,3032.13
328,315.36,合理诉求,合理诉求,894.6
329,88.53,合理诉求,合理诉求,121.29
330,180.42,合理诉求,合理诉求,292.82
331,122.29,合理诉求,合理诉求,236.91
332,867.66,合理诉求,合理诉求,2270.08
333,135.6,合理诉求,合理诉求,528.76
334,132.06,合理诉求,合理诉求,361.81
335,522.27,合理诉求,合理诉求,1224.49
336,298.04,合理诉求,合理诉求,531.74
337,326.75,合理诉求,合理诉求,1054.49
338,149.58,合理诉求,合理诉求,454.02
339,284.33,合理诉求,合理诉求,588.32
340,172.51,合理诉求,合理诉求,560.27
341,152.64,合理诉求,合理诉求,318.81
342,351.05,合理诉求,合理诉求,1169.67
343,286.35,合理诉求,合理诉求,512.34
344,110.56,合理诉求,合理诉求,263.3
345,251.57,合理诉求,合理诉求,779.56
346,71.21,合理诉求,合理诉求,167.15
347,137.12,合理诉求,合理诉求,274.26
348,159.97,合理诉求,合理诉求,364.59
349,161.61,合理诉求,合理诉求,327.33
350,178.96,合理诉求,合理诉求,331.7
351,110.42,合理诉求,合理诉求,241.39
352,79.97,合理诉求,合理诉求,143.69
353,592.01,合理诉求,合理诉求,1496.58
354,196.54,合理诉求,合理诉求,434.64
355,690.63,合理诉求,合理诉求,1873.62
356,1269.23,合理诉求,合理诉求,3596.33
357,38.73,合理诉求,合理诉求,106.61
358,136.14,合理诉求,合理诉求,399.42
359,36.59,合理诉求,合理诉求,108.9
360,248.85,合理诉求,合理诉求,543.76
361,185.93,合理诉求,合理诉求,364.3
362,128.37,合理诉求,合理诉求,277.2
363,129.4,诉求偏高,诉求偏高,1006.22
364,371.84,合理诉求,合理诉求,972.36
365,492.59,合理诉求,合理诉求,771.07
366,748.13,合理诉求,合理诉求,2080.9
367,57.02,合理诉求,合理诉求,120.18
368,64.43,合理诉求,合理诉求,173.51
369,1068.6,合理诉求,合理诉求,2772.67
370,273.56,合理诉求,合理诉求,682.63
371,410.62,合理诉求,合理诉求,1174.17
372,123.92,合理诉求,合理诉求,303.8
373,97.2,合理诉求,合理诉求,200.1
374,439.81,合理诉求,合理诉求,1051.83
375,173.59,合理诉求,合理诉求,318.96
376,156.79,诉求偏高,诉求偏高,1276.57
377,394.57,合理诉求,合理诉求,1091.15
378,288.14,合理诉求,合理诉求,703.34
379,138.33,合理诉求,合理诉求,226.01
380,306.19,合理诉求,合理诉求,658.69
381,185.37,合理诉求,合理诉求,380.44
382,169.16,合理诉求,合理诉求,438.06
383,238.38,合理诉求,合理诉求,516.49
384,97.64,诉求偏高,诉求偏高,969.09
385,454.85,合理诉求,合理诉求,1113.02
386,223.89,合理诉求,合理诉求,763.25
387,365.43,合理诉求,合理诉求,869.31
388,437.0,合理诉求,合理诉求,811.04
389,81.44,合理诉求,合理诉求,160.08
390,190.84,合理诉求,合理诉求,690.38
391,1122.54,合理诉求,合理诉求,3022.54
392,138.65,合理诉求,合理诉求,261.27
393,821.18,合理诉求,合理诉求,2324.35
394,223.51,合理诉求,合理诉求,732.35
395,314.31,合理诉求,合理诉求,680.81
396,77.8,诉求偏高,诉求偏高,920.86
397,388.98,合理诉求,合理诉求,859.88
398,256.08,诉求偏高,诉求偏高,1749.48
399,57.28,合理诉求,合理诉求,168.91
400,175.18,合理诉求,合理诉求,421.9
401,359.44,合理诉求,合理诉求,983.82
402,181.43,合理诉求,合理诉求,420.91
403,114.07,诉求偏高,诉求偏高,1005.41
404,429.44,合理诉求,合理诉求,973.86
405,53.07,合理诉求,合理诉求,175.47
406,167.91,诉求偏高,诉求偏高,1440.61
407,206.38,合理诉求,合理诉求,447.94
408,60.06,合理诉求,合理诉求,129.23
409,50.72,合理诉求,合理诉求,102.4
410,228.26,诉求偏高,诉求偏高,1522.56
411,324.76,合理诉求,合理诉求,676.58
412,124.96,合理诉求,合理诉求,507.9
413,240.6,合理诉求,合理诉求,781.37
414,550.21,合理诉求,合理诉求,1515.12
415,147.59,合理诉求,合理诉求,373.85
416,76.75,合理诉求,合理诉求,231.29
417,188.28,合理诉求,合理诉求,446.29
418,845.78,诉求偏高,诉求偏高,3625.8
419,405.19,合理诉求,合理诉求,1173.58
420,33.3,合理诉求,合理诉求,114.21
421,145.94,合理诉求,合理诉求,297.05
422,130.19,合理诉求,合理诉求,298.14
423,36.37,合理诉求,合理诉求,100.99
424,345.51,合理诉求,合理诉求,1136.78
425,125.92,合理诉求,合理诉求,314.92
426,561.5,合理诉求,合理诉求,1360.22
427,50.41,合理诉求,合理诉求,113.75
428,37.75,合理诉求,合理诉求,100.03
429,76.8,合理诉求,合理诉求,151.29
430,173.21,合理诉求,合理诉求,464.51
431,113.96,合理诉求,合理诉求,338.78
432,197.45,合理诉求,合理诉求,430.87
433,239.54,合理诉求,合理诉求,413.62
434,252.22,诉求偏高,诉求偏高,1780.66
435,148.78,合理诉求,合理诉求,492.67
436,403.16,合理诉求,合理诉求,1084.76
437,156.49,合理诉求,合理诉求,321.08
438,42.95,合理诉求,合理诉求,119.49
439,107.58,合理诉求,合理诉求,222.95
440,210.19,合理诉求,合理诉求,589.52
441,933.65,合理诉求,合理诉求,2308.63
442,70.74,诉求偏高,诉求偏高,824.5
443,100.39,合理诉求,合理诉求,274.17
444,202.96,合理诉求,合理诉求,447.49
445,316.58,合理诉求,合理诉求,919.92
446,238.75,合理诉求,合理诉求,584.75
447,159.83,合理诉求,合理诉求,353.23
448,377.17,合理诉求,合理诉求,951.33
449,541.12,合理诉求,合理诉求,1210.23
450,369.45,合理诉求,合理诉求,763.92
451,430.08,诉求偏高,诉求偏高,2438.69
452,124.65,合理诉求,合理诉求,291.12
453,14.61,合理诉求,合理诉求,102.82
454,115.74,诉求偏高,诉求偏高,1212.84
455,218.44,合理诉求,合理诉求,566.21
456,294.41,合理诉求,合理诉求,849.36
457,382.12,合理诉求,合理诉求,1049.51
458,524.42,合理诉求,合理诉求,1277.1
459,53.59,合理诉求,合理诉求,172.54
460,195.02,合理诉求,合理诉求,403.94
461,479.38,合理诉求,合理诉求,1299.11
462,86.18,合理诉求,合理诉求,189.69
463,273.4,合理诉求,合理诉求,705.97
464,725.47,合理诉求,合理诉求,1992.14
465,104.61,合理诉求,合理诉求,206.05
466,198.78,合理诉求,合理诉求,364.91
467,400.99,诉求偏高,诉求偏高,2207.15
468,91.11,合理诉求,合理诉求,181.56
469,304.61,合理诉求,合理诉求,749.04
470,299.32,合理诉求,合理诉求,790.35
471,52.9,合理诉求,合理诉求,136.42
472,275.67,合理诉求,合理诉求,573.71
473,213.06,合理诉求,合理诉求,410.57
474,97.01,合理诉求,合理诉求,190.62
475,161.63,诉求偏高,诉求偏高,1312.3
476,237.06,合理诉求,合理诉求,359.24
477,702.59,合理诉求,合理诉求,2139.87
478,126.73,诉求偏高,诉求偏高,1016.2
479,35.85,合理诉求,合理诉求,104.9
480,242.0,严重超额,诉求偏高,1634.8
481,139.72,合理诉求,合理诉求,543.59
482,383.19,合理诉求,合理诉求,1214.04
483,261.73,合理诉求,合理诉求,645.93
484,592.42,合理诉求,合理诉求,1686.12
485,40.38,合理诉求,合理诉求,121.23
486,467.6,合理诉求,合理诉求,1151.15
487,671.06,合理诉求,合理诉求,1754.06
488,640.56,合理诉求,合理诉求,1653.2
489,247.02,合理诉求,合理诉求,820.78
490,702.4,合理诉求,合理诉求,1942.73
491,224.42,合理诉求,合理诉求,813.77
492,139.2,合理诉求,合理诉求,256.43
493,534.76,合理诉求,合理诉求,1274.66
494,36.06,合理诉求,合理诉求,115.56
495,480.99,合理诉求,合理诉求,982.05
496,375.53,合理诉求,合理诉求,1058.3
497,176.23,合理诉求,合理诉求,365.15
498,14.38,合理诉求,合理诉求,100.42
499,304.28,合理诉求,合理诉求,681.2
500,158.44,诉求偏高,合理诉求,459.6
501,97.64,诉求偏高,诉求偏高,960.91
502,183.17,合理诉求,合理诉求,376.53
503,424.23,合理诉求,合理诉求,917.5
504,827.53,合理诉求,合理诉求,2091.32
505,623.86,合理诉求,合理诉求,1935.84
506,153.52,合理诉求,合理诉求,594.67
507,233.76,合理诉求,合理诉求,623.43
508,50.35,合理诉求,合理诉求,164.66
509,174.8,合理诉求,合理诉求,240.08
510,653.73,合理诉求,合理诉求,1531.5
511,44.82,合理诉求,合理诉求,146.97
512,367.45,合理诉求,合理诉求,903.92
513,142.75,合理诉求,合理诉求,291.32
514,535.12,合理诉求,合理诉求,1377.24
515,680.15,合理诉求,合理诉求,1863.7
516,687.5,诉求偏高,诉求偏高,3155.72
517,374.9,合理诉求,合理诉求,822.95
518,48.45,合理诉求,合理诉求,144.39
519,220.25,合理诉求,合理诉求,511.82
520,1302.88,合理诉求,合理诉求,3414.75
521,131.2,合理诉求,合理诉求,313.83
522,847.54,诉求偏高,诉求偏高,4011.57
523,96.2,合理诉求,合理诉求,158.81
524,97.98,合理诉求,合理诉求,238.12
525,247.84,合理诉求,合理诉求,457.59
526,50.04,合理诉求,合理诉求,100.2
527,612.25,合理诉求,合理诉求,1427.76
528,297.1,合理诉求,合理诉求,660.89
529,175.6,合理诉求,合理诉求,371.08
530,207.48,合理诉求,合理诉求,504.86
531,333.74,合理诉求,合理诉求,807.61
532,24.35,合理诉求,合理诉求,110.5
533,96.17,合理诉求,合理诉求,182.86
534,79.05,合理诉求,合理诉求,189.48
535,386.81,合理诉求,合理诉求,811.48
536,580.51,诉求偏高,诉求偏高,2992.28
537,219.2,合理诉求,合理诉求,721.14
538,167.92,诉求偏高,诉求偏高,1486.32
539,522.77,合理诉求,合理诉求,1356.67
540,211.85,合理诉求,合理诉求,517.98
541,49.96,合理诉求,合理诉求,105.67
542,53.85,合理诉求,合理诉求,140.91
543,604.93,诉求偏高,诉求偏高,2956.6
544,252.66,合理诉求,合理诉求,512.38
545,320.07,合理诉求,合理诉求,603.18
546,82.57,合理诉求,合理诉求,178.73
547,59.92,合理诉求,合理诉求,122.22
548,184.78,合理诉求,合理诉求,428.4
549,24.55,合理诉求,合理诉求,106.24
550,183.04,合理诉求,合理诉求,400.62
551,109.39,合理诉求,合理诉求,199.99
552,246.11,合理诉求,合理诉求,494.93
553,344.41,合理诉求,合理诉求,1102.03
554,194.35,合理诉求,合理诉求,539.14
555,396.53,合理诉求,合理诉求,1080.47
556,191.62,合理诉求,合理诉求,371.88
557,291.63,合理诉求,合理诉求,637.62
558,69.39,合理诉求,合理诉求,139.15
559,194.42,合理诉求,合理诉求,470.34
560,102.66,合理诉求,合理诉求,238.88
561,111.17,合理诉求,合理诉求,258.29
562,14.58,合理诉求,合理诉求,100.25
563,337.71,合理诉求,合理诉求,783.14
564,42.01,合理诉求,合理诉求,103.83
565,695.24,诉求偏高,诉求偏高,3219.92
566,294.32,合理诉求,合理诉求,625.81
567,694.29,合理诉求,合理诉求,1586.84
568,255.16,合理诉求,合理诉求,639.38
569,172.06,合理诉求,合理诉求,333.73
570,216.9,合理诉求,合理诉求,672.91
571,226.57,合理诉求,合理诉求,410.88
572,65.92,合理诉求,合理诉求,164.41
573,225.46,合理诉求,合理诉求,395.86
574,746.62,诉求偏高,诉求偏高,3427.32
575,270.17,合理诉求,合理诉求,783.04
576,616.13,合理诉求,合理诉求,1501.27
577,88.51,合理诉求,合理诉求,225.36
578,196.85,严重超额,诉求偏高,1418.71
579,87.72,合理诉求,合理诉求,146.88
580,61.85,合理诉求,合理诉求,118.42
581,49.02,合理诉求,合理诉求,158.77
582,331.08,严重超额,诉求偏高,2112.36
583,142.14,合理诉求,合理诉求,298.92
584,1107.23,诉求偏高,诉求偏高,4501.5
585,437.43,合理诉求,合理诉求,1030.87
586,352.24,合理诉求,合理诉求,699.39
587,522.95,诉求偏高,诉求偏高,2751.68
588,169.6,诉求偏高,诉求偏高,1453.66
589,217.36,合理诉求,合理诉求,780.52
590,384.09,合理诉求,合理诉求,770.18
591,591.51,合理诉求,合理诉求,1648.08
592,535.08,诉求偏高,诉求偏高,2791.16
593,170.83,合理诉求,合理诉求,522.53
594,397.33,合理诉求,合理诉求,959.91
595,252.96,合理诉求,合理诉求,738.4
596,239.9,严重超额,诉求偏高,1776.82
597,62.7,合理诉求,合理诉求,127.05
598,67.43,合理诉求,合理诉求,126.1
599,823.06,合理诉求,合理诉求,2167.52
600,298.2,合理诉求,合理诉求,550.52
601,212.3,合理诉求,合理诉求,517.89
602,411.94,合理诉求,合理诉求,1060.79
603,254.09,合理诉求,合理诉求,493.47
604,250.43,合理诉求,合理诉求,487.79
605,67.63,合理诉求,合理诉求,113.36
606,840.91,合理诉求,合理诉求,2403.56
607,570.1,严重超额,诉求偏高,2823.94
608,883.52,合理诉求,合理诉求,2601.95
609,258.88,合理诉求,合理诉求,447.65
610,431.87,合理诉求,合理诉求,666.76
611,212.59,合理诉求,合理诉求,352.89
612,340.37,合理诉求,合理诉求,1119.05
613,105.94,合理诉求,合理诉求,298.08
614,151.0,合理诉求,合理诉求,344.97
615,133.22,合理诉求,合理诉求,290.37
616,344.72,诉求偏高,合理诉求,1066.75
617,146.7,合理诉求,合理诉求,329.76
618,183.59,合理诉求,合理诉求,446.06
619,371.82,合理诉求,合理诉求,702.3
620,62.5,合理诉求,合理诉求,137.4
621,257.76,合理诉求,合理诉求,681.88
622,43.15,合理诉求,合理诉求,155.67
623,57.32,合理诉求,合理诉求,150.94
624,254.57,合理诉求,合理诉求,785.65
625,81.14,合理诉求,合理诉求,165.32
626,440.08,合理诉求,合理诉求,1194.16
627,552.72,合理诉求,合理诉求,1409.24
628,16.01,合理诉求,合理诉求,100.21
629,68.05,合理诉求,合理诉求,234.32
630,449.18,合理诉求,合理诉求,1131.12
631,89.1,合理诉求,合理诉求,201.5
632,174.72,合理诉求,合理诉求,630.34
633,322.1,严重超额,诉求偏高,2019.41
634,96.1,合理诉求,合理诉求,151.54
635,234.84,严重超额,诉求偏高,1538.14
636,41.58,合理诉求,合理诉求,117.31
637,440.19,合理诉求,合理诉求,1102.28
638,339.76,合理诉求,合理诉求,729.54
639,209.35,合理诉求,合理诉求,609.58
640,167.53,合理诉求,合理诉求,372.49
641,145.67,合理诉求,合理诉求,288.87
642,107.66,合理诉求,合理诉求,228.26
643,771.88,合理诉求,合理诉求,1845.84
644,709.05,合理诉求,合理诉求,1841.09
645,380.56,合理诉求,合理诉求,995.51
646,170.45,严重超额,诉求偏高,1477.78
647,386.42,合理诉求,合理诉求,941.38
648,385.4,合理诉求,合理诉求,1028.36
649,222.07,合理诉求,合理诉求,483.45
650,205.25,合理诉求,合理诉求,441.69
651,188.11,合理诉求,合理诉求,358.9
652,317.5,合理诉求,合理诉求,800.39
653,210.52,合理诉求,合理诉求,341.21
654,17.23,合理诉求,合理诉求,104.97
655,56.79,合理诉求,合理诉求,110.15
656,110.65,合理诉求,合理诉求,301.22
657,408.28,合理诉求,合理诉求,776.39
658,72.81,合理诉求,合理诉求,189.12
659,160.13,合理诉求,合理诉求,541.66
660,500.06,合理诉求,合理诉求,999.4
661,343.82,合理诉求,合理诉求,1021.71
662,885.63,合理诉求,合理诉求,2593.19
663,216.99,合理诉求,合理诉求,488.94
664,210.08,合理诉求,合理诉求,361.4
665,223.19,合理诉求,合理诉求,783.4
666,150.75,合理诉求,合理诉求,320.62
667,157.73,合理诉求,合理诉求,323.65
668,231.45,合理诉求,合理诉求,561.62
669,49.43,合理诉求,合理诉求,100.35
670,448.2,合理诉求,合理诉求,1113.68
671,188.35,合理诉求,合理诉求,564.25
672,260.28,合理诉求,合理诉求,790.01
673,145.69,合理诉求,合理诉求,544.97
674,546.58,合理诉求,合理诉求,1383.47
675,221.22,合理诉求,合理诉求,475.22
676,190.61,合理诉求,合理诉求,468.22
677,155.0,合理诉求,合理诉求,330.36
678,209.83,合理诉求,合理诉求,504.88
679,53.3,合理诉求,合理诉求,129.34
680,136.67,合理诉求,合理诉求,288.32
681,25.04,合理诉求,合理诉求,101.92
682,53.98,合理诉求,合理诉求,129.29
683,233.24,合理诉求,合理诉求,804.69
684,131.98,合理诉求,合理诉求,252.37
685,109.64,合理诉求,合理诉求,313.31
686,16.37,合理诉求,合理诉求,102.11
687,162.07,合理诉求,合理诉求,333.0
688,58.13,合理诉求,合理诉求,214.88
689,169.21,合理诉求,合理诉求,469.49
690,215.19,合理诉求,合理诉求,503.79
691,377.41,合理诉求,合理诉求,846.13
692,313.21,合理诉求,合理诉求,991.5
693,557.8,严重超额,诉求偏高,2743.03
694,628.12,合理诉求,合理诉求,1543.5
695,88.06,合理诉求,合理诉求,163.08
696,89.13,合理诉求,合理诉求,220.83
697,155.56,合理诉求,合理诉求,412.12
698,43.6,合理诉求,合理诉求,135.98
699,71.64,合理诉求,合理诉求,121.85
700,702.42,合理诉求,合理诉求,1858.58
701,217.02,合理诉求,合理诉求,472.48
702,567.24,严重超额,诉求偏高,2757.43
703,234.5,合理诉求,合理诉求,348.57
704,425.34,合理诉求,合理诉求,681.38
705,165.88,合理诉求,合理诉求,472.53
706,120.94,合理诉求,合理诉求,269.5
707,26.53,合理诉求,合理诉求,106.08
708,177.03,诉求偏高,合理诉求,593.86
709,268.31,合理诉求,合理诉求,649.44
710,283.75,合理诉求,合理诉求,647.98
711,421.47,合理诉求,合理诉求,1067.54
712,833.23,合理诉求,合理诉求,2157.84
713,138.6,合理诉求,合理诉求,358.41
714,15.89,合理诉求,合理诉求,101.12
715,257.32,合理诉求,合理诉求,393.83
716,993.51,合理诉求,合理诉求,2427.94
717,221.79,合理诉求,合理诉求,542.87
718,363.83,合理诉求,合理诉求,741.54
719,71.96,合理诉求,合理诉求,150.33
720,302.97,合理诉求,合理诉求,976.99
721,253.06,合理诉求,合理诉求,378.02
722,119.82,合理诉求,合理诉求,272.68
723,241.3,合理诉求,合理诉求,745.98
724,226.41,合理诉求,合理诉求,511.46
725,222.57,合理诉求,合理诉求,595.52
726,57.49,合理诉求,合理诉求,119.18
727,274.76,合理诉求,合理诉求,724.98
728,8.85,合理诉求,合理诉求,104.16
729,238.77,合理诉求,合理诉求,691.04
730,1045.26,合理诉求,合理诉求,2759.11
731,127.08,合理诉求,合理诉求,195.57
732,389.4,合理诉求,合理诉求,1041.86
733,342.68,合理诉求,合理诉求,901.98
734,14.9,合理诉求,合理诉求,100.59
735,385.12,合理诉求,合理诉求,988.67
736,29.69,合理诉求,合理诉求,104.77
737,1068.62,合理诉求,合理诉求,2972.08
738,371.37,合理诉求,合理诉求,894.27
739,170.92,合理诉求,合理诉求,311.45
740,721.24,合理诉求,合理诉求,2021.71
741,249.7,合理诉求,合理诉求,793.65
742,469.0,合理诉求,合理诉求,1033.52
743,177.98,合理诉求,合理诉求,263.22
744,295.53,合理诉求,合理诉求,780.23
745,356.53,合理诉求,合理诉求,1101.81
746,700.55,诉求偏高,诉求偏高,3142.36
747,315.05,合理诉求,合理诉求,671.31
748,199.5,合理诉求,合理诉求,511.66
749,62.02,合理诉求,合理诉求,180.62
750,224.88,合理诉求,合理诉求,467.5
751,180.45,合理诉求,合理诉求,470.17
752,341.24,合理诉求,合理诉求,802.04
753,484.13,合理诉求,合理诉求,832.08
754,157.88,合理诉求,合理诉求,224.94
755,38.56,合理诉求,合理诉求,100.69
756,493.04,合理诉求,合理诉求,1386.49
757,194.46,合理诉求,合理诉求,630.39
758,649.97,合理诉求,合理诉求,1792.0
759,309.01,合理诉求,合理诉求,752.13
760,159.61,合理诉求,合理诉求,204.97
761,442.08,合理诉求,合理诉求,969.33
762,179.23,合理诉求,合理诉求,434.68
763,42.15,合理诉求,合理诉求,101.04
764,90.3,合理诉求,合理诉求,217.06
765,59.5,合理诉求,合理诉求,147.39
766,376.25,合理诉求,合理诉求,759.39
767,121.27,合理诉求,合理诉求,207.94
768,428.66,严重超额,诉求偏高,2454.14
769,340.27,合理诉求,合理诉求,956.06
770,203.45,合理诉求,合理诉求,426.96
771,113.41,合理诉求,合理诉求,268.32
772,374.76,合理诉求,合理诉求,1182.28
773,213.77,合理诉求,合理诉求,536.21
774,68.13,合理诉求,合理诉求,168.86
775,228.59,合理诉求,合理诉求,541.14
776,31.59,合理诉求,合理诉求,100.13
777,375.33,合理诉求,合理诉求,756.42
778,141.72,合理诉求,合理诉求,284.22
779,252.44,合理诉求,合理诉求,464.69
780,206.09,合理诉求,合理诉求,363.44
781,77.19,合理诉求,合理诉求,167.92
782,699.45,合理诉求,合理诉求,1869.76
783,197.5,合理诉求,合理诉求,513.75
784,330.25,合理诉求,合理诉求,997.72
785,31.83,合理诉求,合理诉求,117.95
786,541.45,合理诉求,合理诉求,1394.97
787,37.37,合理诉求,合理诉求,113.42
788,60.18,合理诉求,合理诉求,130.21
789,128.18,合理诉求,合理诉求,379.48
790,312.58,合理诉求,合理诉求,721.2
791,422.17,合理诉求,合理诉求,932.41
792,84.34,诉求偏高,诉求偏高,849.42
793,61.75,合理诉求,合理诉求,211.86
794,160.35,合理诉求,合理诉求,312.31
795,282.71,诉求偏高,合理诉求,880.25
796,54.24,合理诉求,合理诉求,131.4
797,311.23,合理诉求,合理诉求,374.15
798,55.43,合理诉求,合理诉求,136.18
799,114.76,诉求偏高,诉求偏高,1208.73
800,335.65,合理诉求,合理诉求,962.77
801,261.6,合理诉求,合理诉求,630.57
802,213.74,合理诉求,合理诉求,516.79
803,262.75,合理诉求,合理诉求,628.51
804,103.61,合理诉求,合理诉求,227.93
805,616.98,合理诉求,合理诉求,1646.02
806,220.32,合理诉求,合理诉求,547.29
807,43.52,合理诉求,合理诉求,100.72
808,395.88,合理诉求,合理诉求,733.59
809,696.97,合理诉求,合理诉求,1568.49
810,318.32,合理诉求,合理诉求,986.27
811,500.71,诉求偏高,诉求偏高,2645.52
812,70.29,诉求偏高,诉求偏高,753.98
813,567.17,合理诉求,合理诉求,1627.99
814,174.26,合理诉求,合理诉求,480.65
815,151.28,合理诉求,合理诉求,209.44
816,493.55,合理诉求,合理诉求,1229.7
817,236.66,合理诉求,合理诉求,575.86
818,280.39,合理诉求,合理诉求,666.62
819,317.81,合理诉求,合理诉求,837.22
820,43.32,合理诉求,合理诉求,114.25
821,60.26,合理诉求,合理诉求,130.42
822,18.6,合理诉求,合理诉求,100.41
823,61.95,合理诉求,合理诉求,118.45
824,178.22,合理诉求,合理诉求,440.71
825,514.46,合理诉求,合理诉求,1276.62
826,45.74,合理诉求,合理诉求,135.99
827,667.61,合理诉求,合理诉求,1467.17
828,61.43,合理诉求,合理诉求,194.34
829,268.13,合理诉求,合理诉求,524.74
830,161.59,合理诉求,合理诉求,327.65
831,682.74,合理诉求,合理诉求,1358.57
832,42.45,合理诉求,合理诉求,123.56
833,207.39,合理诉求,合理诉求,349.36
834,124.64,合理诉求,合理诉求,371.93
835,351.69,合理诉求,合理诉求,934.37
836,448.13,合理诉求,合理诉求,1471.37
837,99.25,合理诉求,合理诉求,266.93
838,173.43,合理诉求,合理诉求,318.8
839,45.46,合理诉求,合理诉求,100.01
840,493.9,合理诉求,合理诉求,1198.02
841,162.47,合理诉求,合理诉求,631.97
842,110.92,合理诉求,合理诉求,200.49
843,283.07,合理诉求,合理诉求,811.91
844,407.17,合理诉求,合理诉求,1216.88
845,238.91,合理诉求,合理诉求,536.31
846,556.49,合理诉求,合理诉求,1615.02
847,444.04,合理诉求,合理诉求,932.68
848,169.3,合理诉求,合理诉求,302.47
849,439.31,合理诉求,合理诉求,1098.62
850,554.93,合理诉求,合理诉求,1231.18
851,232.52,合理诉求,合理诉求,518.94
852,17.72,合理诉求,合理诉求,101.6
853,51.65,合理诉求,合理诉求,125.85
854,386.34,合理诉求,合理诉求,840.36
855,93.02,诉求偏高,诉求偏高,914.94
856,180.63,合理诉求,合理诉求,326.51
857,121.23,合理诉求,合理诉求,239.15
858,168.76,合理诉求,合理诉求,426.5
859,170.89,合理诉求,合理诉求,395.44
860,351.26,合理诉求,合理诉求,907.61
861,42.56,合理诉求,合理诉求,101.31
862,873.94,合理诉求,合理诉求,2484.89
863,219.85,合理诉求,合理诉求,585.7
864,30.04,合理诉求,合理诉求,108.51
865,129.81,合理诉求,合理诉求,290.36
866,331.76,合理诉求,合理诉求,921.82
867,733.26,合理诉求,合理诉求,1949.97
868,558.9,合理诉求,合理诉求,1477.93
869,203.3,合理诉求,合理诉求,372.53
870,395.86,合理诉求,合理诉求,1187.84
871,367.36,合理诉求,合理诉求,924.25
872,109.23,诉求偏高,诉求偏高,1013.31
873,136.33,合理诉求,合理诉求,345.85
874,189.39,合理诉求,合理诉求,400.96
875,69.12,合理诉求,合理诉求,147.58
876,180.97,合理诉求,合理诉求,441.53
877,393.57,合理诉求,合理诉求,929.27
878,282.38,合理诉求,合理诉求,692.89
879,112.69,合理诉求,合理诉求,147.77
880,495.22,合理诉求,合理诉求,1506.86
881,45.57,合理诉求,合理诉求,134.25
882,147.09,诉求偏高,诉求偏高,1274.5
883,70.55,合理诉求,合理诉求,205.92
884,100.76,合理诉求,合理诉求,219.4
885,108.92,合理诉求,合理诉求,273.36
886,215.56,合理诉求,合理诉求,636.48
887,139.56,合理诉求,合理诉求,507.35
888,43.16,合理诉求,合理诉求,112.61
889,179.28,合理诉求,合理诉求,430.16
890,315.56,合理诉求,合理诉求,741.3
891,185.54,合理诉求,合理诉求,425.96
892,26.1,合理诉求,合理诉求,108.39
893,75.3,合理诉求,合理诉求,198.33
894,37.57,合理诉求,合理诉求,125.4
895,898.31,合理诉求,合理诉求,2411.87
896,405.49,合理诉求,合理诉求,1124.23
897,143.21,合理诉求,合理诉求,355.29
898,323.37,合理诉求,合理诉求,812.66
899,124.45,合理诉求,合理诉求,290.02
900,110.24,诉求偏高,诉求偏高,1143.71
901,845.79,合理诉求,合理诉求,2373.11
902,217.72,合理诉求,合理诉求,387.96
903,109.78,合理诉求,合理诉求,187.42
904,288.91,合理诉求,合理诉求,620.87
905,157.58,合理诉求,合理诉求,403.29
906,462.23,合理诉求,合理诉求,1332.47
907,195.88,合理诉求,合理诉求,479.72
908,435.3,合理诉求,合理诉求,1078.43
909,768.21,合理诉求,合理诉求,2247.47
910,251.78,诉求偏高,诉求偏高,1529.07
911,75.87,合理诉求,合理诉求,215.39
912,98.0,合理诉求,合理诉求,256.44
913,103.19,合理诉求,合理诉求,218.46
914,286.87,合理诉求,合理诉求,634.73
915,222.97,合理诉求,合理诉求,736.4
916,431.62,合理诉求,合理诉求,1206.33
917,363.59,合理诉求,合理诉求,737.13
918,76.69,合理诉求,合理诉求,192.06
919,410.88,合理诉求,合理诉求,844.72
920,162.68,诉求偏高,合理诉求,603.78
921,54.43,合理诉求,合理诉求,120.83
922,63.04,诉求偏高,诉求偏高,817.42
923,670.63,合理诉求,合理诉求,1856.16
924,81.37,合理诉求,合理诉求,145.76
925,86.53,诉求偏高,诉求偏高,934.66
926,33.76,合理诉求,合理诉求,103.21
927,147.37,合理诉求,合理诉求,405.03
928,190.91,合理诉求,合理诉求,405.85
929,188.24,合理诉求,合理诉求,328.88
930,92.52,合理诉求,合理诉求,214.06
931,474.07,合理诉求,合理诉求,1128.76
932,245.01,合理诉求,合理诉求,509.89
933,1205.02,合理诉求,合理诉求,3116.7
934,28.72,合理诉求,合理诉求,108.47
935,473.34,合理诉求,合理诉求,1351.61
936,1268.33,合理诉求,合理诉求,3663.27
937,650.02,合理诉求,合理诉求,1360.78
938,258.58,合理诉求,合理诉求,520.73
939,231.7,合理诉求,合理诉求,688.6
940,170.31,合理诉求,合理诉求,649.52
941,19.74,合理诉求,合理诉求,102.31
942,81.5,合理诉求,合理诉求,277.24
943,62.05,合理诉求,合理诉求,128.4
944,88.18,合理诉求,合理诉求,259.52
945,277.0,合理诉求,合理诉求,652.82
946,282.86,合理诉求,合理诉求,693.02
947,229.67,合理诉求,合理诉求,628.43
948,212.25,合理诉求,合理诉求,571.82
949,138.53,合理诉求,合理诉求,320.4
950,322.54,诉求偏高,诉求偏高,1893.31
951,169.47,合理诉求,合理诉求,304.13
952,524.2,合理诉求,合理诉求,1148.68
953,39.78,合理诉求,合理诉求,121.49
954,335.84,合理诉求,合理诉求,724.9
955,17.8,合理诉求,合理诉求,105.6
956,528.39,合理诉求,合理诉求,1638.4
957,70.33,合理诉求,合理诉求,149.27
958,46.57,合理诉求,合理诉求,133.64
959,306.03,合理诉求,合理诉求,601.7
960,677.83,诉求偏高,诉求偏高,3227.81
961,273.45,合理诉求,合理诉求,483.31
962,263.75,诉求偏高,诉求偏高,1523.08
963,485.94,合理诉求,合理诉求,1267.49
964,409.22,合理诉求,合理诉求,1040.72
965,627.79,合理诉求,合理诉求,1651.42
966,172.63,合理诉求,合理诉求,379.8
967,145.29,合理诉求,合理诉求,294.84
968,1200.35,合理诉求,合理诉求,3034.19
969,66.39,合理诉求,合理诉求,141.08
970,548.08,合理诉求,合理诉求,1438.5
971,625.7,合理诉求,合理诉求,1791.57
972,108.31,合理诉求,合理诉求,160.06
973,316.43,诉求偏高,诉求偏高,2033.61
974,207.45,合理诉求,合理诉求,481.91
975,49.61,合理诉求,合理诉求,108.77
976,337.51,合理诉求,合理诉求,1073.46
977,262.26,合理诉求,合理诉求,689.98
978,119.42,合理诉求,合理诉求,296.96
979,233.78,合理诉求,合理诉求,498.64
980,131.62,合理诉求,合理诉求,501.73
981,629.08,合理诉求,合理诉求,1667.39
982,447.06,合理诉求,合理诉求,1142.65
983,68.87,合理诉求,合理诉求,171.01
984,83.15,合理诉求,合理诉求,168.72
985,69.01,合理诉求,合理诉求,143.44
986,73.98,合理诉求,合理诉求,190.0
987,607.6,合理诉求,合理诉求,1376.04
988,55.15,合理诉求,合理诉求,130.21
989,118.26,合理诉求,合理诉求,227.92
990,73.06,合理诉求,合理诉求,257.07
991,346.16,合理诉求,合理诉求,945.42
992,161.42,合理诉求,合理诉求,445.31
993,67.49,合理诉求,合理诉求,134.35
994,78.74,诉求偏高,诉求偏高,790.52
995,229.2,合理诉求,合理诉求,710.83
996,567.84,诉求偏高,诉求偏高,2893.31
997,127.92,合理诉求,合理诉求,305.91
998,210.64,合理诉求,合理诉求,777.14
999,609.52,合理诉求,合理诉求,1578.22
1000,76.76,合理诉求,合理诉求,217.28
1001,94.9,诉求偏高,诉求偏高,983.69
1002,59.02,合理诉求,合理诉求,158.44
1003,550.9,合理诉求,合理诉求,1532.2
1004,157.63,合理诉求,合理诉求,455.59
1005,196.31,合理诉求,合理诉求,465.47
1006,222.07,合理诉求,合理诉求,495.55
1007,573.27,合理诉求,合理诉求,1710.61
1008,201.92,合理诉求,合理诉求,463.4
1009,260.75,合理诉求,合理诉求,547.58
1010,379.17,诉求偏高,诉求偏高,2137.25
1011,224.26,诉求偏高,诉求偏高,1566.58
1012,727.12,合理诉求,合理诉求,1841.17
1013,306.66,合理诉求,合理诉求,743.37
1014,363.85,合理诉求,合理诉求,747.58
1015,366.67,合理诉求,合理诉求,647.56
1016,111.0,合理诉求,合理诉求,265.51
1017,370.19,合理诉求,合理诉求,906.93
1018,200.56,诉求偏高,合理诉求,543.04
1019,626.09,合理诉求,合理诉求,1399.71
1020,230.57,合理诉求,合理诉求,650.32
1021,346.84,合理诉求,合理诉求,725.05
1022,580.9,合理诉求,合理诉求,1542.38
1023,644.0,合理诉求,合理诉求,1873.1
1024,183.89,诉求偏高,诉求偏高,1454.24
1025,257.87,合理诉求,合理诉求,577.81
1026,537.37,合理诉求,合理诉求,1526.83
1027,312.33,合理诉求,合理诉求,770.9
1028,275.62,合理诉求,合理诉求,717.95
1029,261.22,合理诉求,合理诉求,566.63
1030,379.25,合理诉求,合理诉求,1187.4
1031,590.3,合理诉求,合理诉求,1344.48
1032,212.96,合理诉求,合理诉求,430.06
1033,263.64,合理诉求,合理诉求,708.79
1034,116.12,合理诉求,合理诉求,316.41
1035,234.78,合理诉求,合理诉求,346.29
1036,76.44,合理诉求,合理诉求,147.72
1037,422.57,诉求偏高,诉求偏高,2394.31
1038,537.45,合理诉求,合理诉求,1479.59
1039,882.22,诉求偏高,诉求偏高,3890.64
1040,246.43,合理诉求,合理诉求,772.49
1041,137.62,合理诉求,合理诉求,512.89
1042,179.05,合理诉求,合理诉求,385.93
1043,498.8,合理诉求,合理诉求,1042.05
1044,586.62,合理诉求,合理诉求,1514.27
1045,215.4,合理诉求,合理诉求,508.03
1046,313.16,严重超额,诉求偏高,2029.81
1047,145.37,合理诉求,合理诉求,292.52
1048,483.87,严重超额,诉求偏高,2621.53
1049,126.87,合理诉求,合理诉求,331.14
1050,409.52,合理诉求,合理诉求,1101.08
1051,139.34,合理诉求,合理诉求,292.55
1052,116.53,合理诉求,合理诉求,192.01
1053,555.92,合理诉求,合理诉求,1263.16
1054,154.04,合理诉求,合理诉求,279.59
1055,411.86,合理诉求,合理诉求,1039.54
1056,196.59,合理诉求,合理诉求,690.62
1057,34.51,合理诉求,合理诉求,100.03
1058,224.85,合理诉求,合理诉求,572.45
1059,108.41,合理诉求,合理诉求,321.55
1060,219.26,合理诉求,合理诉求,652.79
1061,57.66,合理诉求,合理诉求,189.91
1062,67.32,合理诉求,合理诉求,141.69
1063,192.52,合理诉求,合理诉求,592.98
1064,518.81,合理诉求,合理诉求,1457.23
1065,284.3,合理诉求,合理诉求,809.14
1066,75.79,合理诉求,合理诉求,173.57
1067,421.18,严重超额,诉求偏高,2443.82
1068,212.13,合理诉求,合理诉求,687.9
1069,275.64,合理诉求,合理诉求,642.94
1070,341.45,合理诉求,合理诉求,1197.53
1071,187.58,合理诉求,合理诉求,407.31
1072,123.73,诉求偏高,合理诉求,538.33
1073,102.62,合理诉求,合理诉求,295.47
1074,61.47,合理诉求,合理诉求,144.37
1075,44.46,合理诉求,合理诉求,169.03
1076,363.74,合理诉求,合理诉求,825.6
1077,275.34,合理诉求,合理诉求,842.17
1078,233.73,合理诉求,合理诉求,665.71
1079,100.82,合理诉求,合理诉求,120.9
1080,66.82,合理诉求,合理诉求,147.17
1081,369.95,合理诉求,合理诉求,1068.68
1082,39.37,合理诉求,合理诉求,100.31
1083,428.53,合理诉求,合理诉求,1098.79
1084,346.52,合理诉求,合理诉求,1146.82
1085,355.93,合理诉求,合理诉求,1133.28
1086,185.69,合理诉求,合理诉求,437.72
1087,115.43,合理诉求,合理诉求,331.11
1088,41.48,合理诉求,合理诉求,125.67
1089,203.27,合理诉求,合理诉求,633.38
1090,281.51,合理诉求,合理诉求,670.42
1091,49.48,合理诉求,合理诉求,112.77
1092,223.12,合理诉求,合理诉求,731.42
1093,56.58,合理诉求,合理诉求,133.97
1094,169.5,合理诉求,合理诉求,433.25
1095,403.77,合理诉求,合理诉求,992.24
1096,174.27,合理诉求,合理诉求,442.47
1097,287.13,合理诉求,合理诉求,731.86
1098,525.95,合理诉求,合理诉求,1322.12
1099,300.9,合理诉求,合理诉求,844.23
1100,486.38,合理诉求,合理诉求,947.91
1101,692.48,合理诉求,合理诉求,1530.13
1102,193.37,合理诉求,合理诉求,469.62
1103,273.36,合理诉求,合理诉求,644.95
1104,54.14,合理诉求,合理诉求,100.03
1105,272.66,合理诉求,合理诉求,686.4
1106,233.35,合理诉求,合理诉求,764.31
1107,23.11,合理诉求,合理诉求,103.26
1108,77.56,合理诉求,合理诉求,161.12
1109,35.59,合理诉求,合理诉求,104.32
1110,474.92,合理诉求,合理诉求,948.28
1111,273.49,合理诉求,合理诉求,435.35
1112,585.49,合理诉求,合理诉求,1315.44
1113,301.28,合理诉求,合理诉求,685.61
1114,356.17,合理诉求,合理诉求,600.69
1115,61.22,合理诉求,合理诉求,184.2
1116,143.73,诉求偏高,诉求偏高,1187.05
1117,58.39,合理诉求,合理诉求,125.12
1118,108.05,诉求偏高,诉求偏高,1057.88
1119,565.42,合理诉求,合理诉求,1293.77
1120,567.51,诉求偏高,诉求偏高,2925.99
1121,225.66,合理诉求,合理诉求,330.09
1122,11.16,合理诉求,合理诉求,100.74
1123,256.17,诉求偏高,诉求偏高,1805.03
1124,860.11,合理诉求,合理诉求,2380.23
1125,66.81,合理诉求,合理诉求,146.35
1126,61.89,合理诉求,合理诉求,128.32
1127,564.13,合理诉求,合理诉求,1328.84
1128,37.25,合理诉求,合理诉求,118.11
1129,453.04,合理诉求,合理诉求,851.84
1130,150.27,合理诉求,合理诉求,337.1
1131,259.4,合理诉求,合理诉求,535.55
1132,597.44,合理诉求,合理诉求,1406.06
1133,52.11,合理诉求,合理诉求,109.55
1134,32.76,合理诉求,合理诉求,103.47
1135,123.2,合理诉求,合理诉求,321.45
1136,56.42,合理诉求,合理诉求,185.5
1137,467.12,合理诉求,合理诉求,1041.44
1138,110.9,诉求偏高,诉求偏高,1167.85
1139,547.12,诉求偏高,诉求偏高,2712.66
1140,352.34,合理诉求,合理诉求,982.18
1141,76.31,诉求偏高,诉求偏高,913.51
1142,104.84,合理诉求,合理诉求,245.32
1143,390.5,严重超额,诉求偏高,2312.66
1144,137.18,合理诉求,合理诉求,297.63
1145,283.01,合理诉求,合理诉求,795.6
1146,349.28,合理诉求,合理诉求,883.51
1147,56.5,合理诉求,合理诉求,137.65
1148,322.53,合理诉求,合理诉求,612.52
1149,355.23,合理诉求,合理诉求,663.32
1150,805.63,合理诉求,合理诉求,2173.05
1151,194.03,合理诉求,合理诉求,349.79
1152,46.63,合理诉求,合理诉求,104.8
1153,681.17,合理诉求,合理诉求,1868.39
1154,410.36,合理诉求,合理诉求,1125.08
1155,227.12,合理诉求,合理诉求,363.98
1156,221.01,合理诉求,合理诉求,496.15
1157,48.34,合理诉求,合理诉求,148.81
1158,576.99,合理诉求,合理诉求,1537.54
1159,368.97,诉求偏高,诉求偏高,2258.86
1160,61.28,合理诉求,合理诉求,124.76
1161,112.81,合理诉求,合理诉求,249.27
1162,619.42,合理诉求,合理诉求,1864.26
1163,15.74,合理诉求,合理诉求,101.87
1164,309.78,合理诉求,合理诉求,837.52
1165,194.76,诉求偏高,合理诉求,598.32
1166,47.59,合理诉求,合理诉求,113.24
1167,247.5,合理诉求,合理诉求,664.2
1168,177.72,诉求偏高,诉求偏高,1509.42
1169,192.8,合理诉求,合理诉求,689.54
1170,161.11,合理诉求,合理诉求,420.75
1171,209.88,合理诉求,合理诉求,464.91
1172,32.05,合理诉求,合理诉求,100.71
1173,208.82,合理诉求,合理诉求,391.95
1174,74.0,合理诉求,合理诉求,200.32
1175,685.3,诉求偏高,诉求偏高,3328.25
1176,46.25,合理诉求,合理诉求,128.45
1177,555.2,合理诉求,合理诉求,1451.17
1178,392.11,合理诉求,合理诉求,1110.09
1179,515.81,合理诉求,合理诉求,1476.23
1180,68.32,合理诉求,合理诉求,223.06
1181,272.27,合理诉求,合理诉求,551.45
1182,249.47,合理诉求,合理诉求,420.61
1183,599.78,合理诉求,合理诉求,1619.79
1184,291.06,合理诉求,合理诉求,694.0
1185,423.45,合理诉求,合理诉求,931.54
1186,254.9,合理诉求,合理诉求,461.5
1187,158.71,合理诉求,合理诉求,318.83
1188,259.7,合理诉求,合理诉求,544.19
1189,330.05,合理诉求,合理诉求,672.79
1190,230.89,诉求偏高,诉求偏高,1564.83
1191,23.9,合理诉求,合理诉求,100.43
1192,27.86,合理诉求,合理诉求,113.06
1193,223.1,诉求偏高,诉求偏高,1618.53
1194,912.97,合理诉求,合理诉求,2468.49
1195,219.46,合理诉求,合理诉求,548.23
1196,689.35,合理诉求,合理诉求,1799.11
1197,93.57,合理诉求,合理诉求,188.8
1198,250.99,合理诉求,合理诉求,763.91
1199,17.08,合理诉求,合理诉求,102.78
1200,590.39,诉求偏高,诉求偏高,2825.84
1201,157.07,合理诉求,合理诉求,329.71
1202,303.54,合理诉求,合理诉求,672.21
1203,202.52,合理诉求,合理诉求,415.01
1204,286.96,合理诉求,合理诉求,730.46
1205,900.23,诉求偏高,诉求偏高,4341.45
1206,90.3,合理诉求,合理诉求,278.03
1207,203.5,合理诉求,合理诉求,440.12
1208,569.15,合理诉求,合理诉求,1475.85
1209,252.98,合理诉求,合理诉求,389.29
1210,722.41,合理诉求,合理诉求,1989.34
1211,336.86,合理诉求,合理诉求,1108.52
1212,82.52,合理诉求,合理诉求,164.43
1213,267.54,合理诉求,合理诉求,450.26
1214,45.09,合理诉求,合理诉求,124.34
1215,72.38,合理诉求,合理诉求,146.39
1216,761.59,合理诉求,合理诉求,2042.9
1217,217.46,合理诉求,合理诉求,472.62
1218,137.03,合理诉求,合理诉求,289.07
1219,377.17,合理诉求,合理诉求,1090.78
1220,171.8,合理诉求,合理诉求,595.0
1221,827.23,诉求偏高,诉求偏高,3969.62
1222,412.3,合理诉求,合理诉求,1201.32
1223,509.1,合理诉求,合理诉求,1267.54
1224,58.68,合理诉求,合理诉求,142.54
1225,444.99,合理诉求,合理诉求,967.96
1226,55.0,合理诉求,合理诉求,114.06
1227,83.47,合理诉求,合理诉求,231.74
1228,102.11,合理诉求,合理诉求,398.36
1229,62.47,合理诉求,合理诉求,150.68
1230,1308.39,合理诉求,合理诉求,3844.3
1231,65.14,合理诉求,合理诉求,112.44
1232,47.74,合理诉求,合理诉求,100.54
1233,129.15,合理诉求,合理诉求,304.64
1234,253.31,合理诉求,合理诉求,524.81
1235,205.28,合理诉求,合理诉求,487.5
1236,242.48,合理诉求,合理诉求,776.86
1237,59.75,合理诉求,合理诉求,143.48
1238,57.11,合理诉求,合理诉求,134.7
1239,14.44,合理诉求,合理诉求,110.55
1240,559.83,诉求偏高,诉求偏高,2725.46
1241,431.23,合理诉求,合理诉求,1182.22
1242,51.71,合理诉求,合理诉求,116.14
1243,84.94,合理诉求,合理诉求,197.21
1244,166.48,合理诉求,合理诉求,324.54
1245,413.69,合理诉求,合理诉求,1155.51
1246,972.83,合理诉求,合理诉求,2583.19
1247,156.66,合理诉求,合理诉求,297.59
1248,270.75,合理诉求,合理诉求,901.36
1249,113.72,合理诉求,合理诉求,290.31
1250,253.3,合理诉求,合理诉求,568.87
1251,95.87,合理诉求,合理诉求,207.15
1252,744.93,合理诉求,合理诉求,2075.6
1253,539.62,合理诉求,合理诉求,1401.34
1254,150.13,合理诉求,合理诉求,251.86
1255,215.28,合理诉求,合理诉求,486.26
1256,163.66,合理诉求,合理诉求,382.86
1257,572.02,合理诉求,合理诉求,1750.16
1258,278.57,合理诉求,合理诉求,764.52
1259,348.12,严重超额,诉求偏高,2167.1
1260,388.6,合理诉求,合理诉求,1142.11
1261,460.46,合理诉求,合理诉求,1144.74
1262,187.44,合理诉求,合理诉求,341.76
1263,426.27,合理诉求,合理诉求,729.75
1264,603.85,合理诉求,合理诉求,1589.73
1265,94.93,合理诉求,合理诉求,214.01
1266,293.01,合理诉求,合理诉求,662.1
1267,852.04,诉求偏高,诉求偏高,3691.15
1268,131.14,合理诉求,合理诉求,318.48
1269,763.6,合理诉求,合理诉求,2096.3
1270,282.84,合理诉求,合理诉求,462.96
1271,132.43,合理诉求,合理诉求,293.85
1272,282.71,合理诉求,合理诉求,537.61
1273,401.79,合理诉求,合理诉求,1079.92
1274,915.15,合理诉求,合理诉求,2583.11
1275,263.96,合理诉求,合理诉求,475.78
1276,144.99,诉求偏高,诉求偏高,1370.48
1277,278.53,合理诉求,合理诉求,892.6
1278,42.87,合理诉求,合理诉求,158.42
1279,16.13,合理诉求,合理诉求,100.01
1280,546.2,合理诉求,合理诉求,1360.61
1281,51.06,合理诉求,合理诉求,104.06
1282,74.42,合理诉求,合理诉求,128.27
1283,165.64,诉求偏高,诉求偏高,1437.13
1284,55.34,合理诉求,合理诉求,125.43
1285,75.03,合理诉求,合理诉求,146.28
1286,175.1,诉求偏高,合理诉求,716.7
1287,782.23,合理诉求,合理诉求,1837.55
1288,154.1,合理诉求,合理诉求,400.05
1289,59.75,合理诉求,合理诉求,117.46
1290,239.37,合理诉求,合理诉求,481.7
1291,441.0,合理诉求,合理诉求,1466.74
1292,316.02,合理诉求,合理诉求,679.66
1293,449.37,合理诉求,合理诉求,1241.05
1294,89.55,合理诉求,合理诉求,150.73
1295,258.29,合理诉求,合理诉求,724.2
1296,1007.18,合理诉求,合理诉求,2675.2
1297,326.88,合理诉求,合理诉求,971.43
1298,177.57,合理诉求,合理诉求,414.94
1299,212.41,合理诉求,合理诉求,632.49
1300,351.19,合理诉求,合理诉求,1044.63
1301,517.69,合理诉求,合理诉求,958.59
1302,415.28,合理诉求,合理诉求,945.74
1303,309.69,合理诉求,合理诉求,721.76
1304,129.03,合理诉求,合理诉求,281.9
1305,443.22,合理诉求,合理诉求,933.49
1306,465.07,合理诉求,合理诉求,1049.19
1307,323.54,合理诉求,合理诉求,1060.07
1308,121.64,合理诉求,合理诉求,250.69
1309,575.17,合理诉求,合理诉求,1344.89
1310,857.03,诉求偏高,诉求偏高,3573.18
1311,82.36,合理诉求,合理诉求,182.49
1312,132.61,合理诉求,合理诉求,293.22
1313,303.21,严重超额,诉求偏高,1794.58
1314,294.18,合理诉求,合理诉求,626.04
1315,425.65,合理诉求,合理诉求,1104.32
1316,298.08,合理诉求,合理诉求,877.62
1317,579.54,合理诉求,合理诉求,1681.27
1318,197.02,合理诉求,合理诉求,348.93
1319,764.08,合理诉求,合理诉求,2112.51
1320,35.07,合理诉求,合理诉求,187.73
1321,281.77,严重超额,诉求偏高,1910.43
1322,103.11,合理诉求,合理诉求,314.61
1323,32.75,合理诉求,合理诉求,112.16
1324,155.08,合理诉求,合理诉求,338.58
1325,512.85,合理诉求,合理诉求,1409.22
1326,142.64,合理诉求,合理诉求,300.83
1327,242.34,合理诉求,合理诉求,616.01
1328,381.4,合理诉求,合理诉求,1006.4
1329,62.75,合理诉求,合理诉求,164.4
1330,762.04,合理诉求,合理诉求,1894.1
1331,17.93,合理诉求,合理诉求,100.01
1332,305.68,合理诉求,合理诉求,725.73
1333,853.86,诉求偏高,诉求偏高,3915.51
1334,195.25,合理诉求,合理诉求,327.37
1335,228.35,合理诉求,合理诉求,807.86
1336,591.8,诉求偏高,诉求偏高,2932.95
1337,1087.18,合理诉求,合理诉求,3029.18
1338,309.45,合理诉求,合理诉求,759.03
1339,111.46,合理诉求,合理诉求,249.42
1340,435.1,合理诉求,合理诉求,944.88
1341,554.92,诉求偏高,诉求偏高,2825.25
1342,600.91,合理诉求,合理诉求,1376.28
1343,64.59,合理诉求,合理诉求,120.77
1344,50.83,合理诉求,合理诉求,118.41
1345,141.02,合理诉求,合理诉求,412.84
1346,808.09,合理诉求,合理诉求,1958.37
1347,151.45,合理诉求,合理诉求,308.32
1348,291.24,严重超额,诉求偏高,1946.45
1349,126.07,合理诉求,合理诉求,246.34
1350,80.78,合理诉求,合理诉求,191.68
1351,114.67,合理诉求,合理诉求,283.34
1352,133.34,严重超额,诉求偏高,1198.43
1353,263.64,合理诉求,合理诉求,652.48
1354,40.53,合理诉求,合理诉求,110.88
1355,19.02,合理诉求,合理诉求,103.04
1356,61.81,合理诉求,合理诉求,119.61
1357,77.58,合理诉求,合理诉求,182.45
1358,410.75,合理诉求,合理诉求,827.86
1359,120.27,合理诉求,合理诉求,267.76
1360,100.49,诉求偏高,诉求偏高,864.69
1361,44.39,合理诉求,合理诉求,162.73
1362,52.72,合理诉求,合理诉求,100.95
1363,237.01,合理诉求,合理诉求,620.8
1364,44.24,合理诉求,合理诉求,116.5
1365,91.93,合理诉求,合理诉求,231.37
1366,146.44,合理诉求,合理诉求,276.05
1367,570.83,合理诉求,合理诉求,1364.38
1368,762.62,诉求偏高,诉求偏高,3492.75
1369,43.56,合理诉求,合理诉求,111.31
1370,527.72,合理诉求,合理诉求,1241.56
1371,141.89,合理诉求,合理诉求,234.03
1372,219.05,诉求偏高,合理诉求,590.11
1373,337.65,合理诉求,合理诉求,688.66
1374,287.77,合理诉求,合理诉求,834.0
1375,77.58,合理诉求,合理诉求,145.98
1376,39.95,合理诉求,合理诉求,104.63
1377,288.85,合理诉求,合理诉求,573.35
1378,22.64,合理诉求,合理诉求,106.95
1379,370.93,合理诉求,合理诉求,870.03
1380,55.66,合理诉求,合理诉求,135.12
1381,277.95,合理诉求,合理诉求,605.19
1382,491.94,合理诉求,合理诉求,1263.24
1383,806.42,合理诉求,合理诉求,2004.18
1384,30.87,合理诉求,合理诉求,100.2
1385,173.64,合理诉求,合理诉求,340.41
1386,186.3,合理诉求,合理诉求,465.54
1387,301.44,合理诉求,合理诉求,592.06
1388,171.75,合理诉求,合理诉求,288.84
1389,86.25,合理诉求,合理诉求,246.75
1390,134.72,合理诉求,合理诉求,212.57
1391,190.31,合理诉求,合理诉求,357.62
1392,87.36,合理诉求,合理诉求,231.49
1393,191.25,合理诉求,合理诉求,389.13
1394,247.01,合理诉求,合理诉求,625.01
1395,162.3,合理诉求,合理诉求,553.05
1396,123.25,合理诉求,合理诉求,207.2
1397,165.17,合理诉求,合理诉求,387.4
1398,27.53,合理诉求,合理诉求,105.21
1399,205.27,合理诉求,合理诉求,498.71
1400,208.06,合理诉求,合理诉求,441.72
1401,364.36,合理诉求,合理诉求,1007.08
1402,227.03,合理诉求,合理诉求,591.9
1403,577.51,诉求偏高,诉求偏高,2811.03
1404,365.85,合理诉求,合理诉求,1039.49
1405,110.22,合理诉求,合理诉求,180.55
1406,190.68,合理诉求,合理诉求,424.98
1407,131.41,诉求偏高,诉求偏高,1118.06
1408,83.44,合理诉求,合理诉求,207.42
1409,214.75,合理诉求,合理诉求,422.5
1410,128.02,诉求偏高,诉求偏高,1004.0
1411,335.44,合理诉求,合理诉求,720.82
1412,31.5,合理诉求,合理诉求,112.29
1413,104.82,合理诉求,合理诉求,148.38
1414,34.82,合理诉求,合理诉求,107.14
1415,30.55,合理诉求,合理诉求,100.04
1416,298.41,合理诉求,合理诉求,704.06
1417,162.89,合理诉求,合理诉求,361.49
1418,372.66,合理诉求,合理诉求,770.02
1419,244.74,合理诉求,合理诉求,715.76
1420,86.35,合理诉求,合理诉求,126.87
1421,401.07,合理诉求,合理诉求,1100.29
1422,40.89,合理诉求,合理诉求,130.34
1423,203.05,合理诉求,合理诉求,486.22
1424,541.75,诉求偏高,诉求偏高,2895.66
1425,280.36,合理诉求,合理诉求,676.65
1426,362.94,合理诉求,合理诉求,739.86
1427,543.35,合理诉求,合理诉求,1372.82
1428,438.77,合理诉求,合理诉求,1079.17
1429,183.7,合理诉求,合理诉求,449.3
1430,99.77,合理诉求,合理诉求,164.64
1431,430.76,合理诉求,合理诉求,1155.16
1432,343.15,合理诉求,合理诉求,883.98
1433,279.55,合理诉求,合理诉求,655.44
1434,433.4,合理诉求,合理诉求,1268.64
1435,101.35,合理诉求,合理诉求,207.12
1436,389.03,合理诉求,合理诉求,1044.96
1437,459.51,合理诉求,合理诉求,1158.32
1438,887.83,诉求偏高,诉求偏高,3962.47
1439,121.83,合理诉求,合理诉求,306.1
1440,160.73,合理诉求,合理诉求,552.53
1441,70.63,合理诉求,合理诉求,130.94
1442,78.48,合理诉求,合理诉求,123.94
1443,96.66,合理诉求,合理诉求,149.57
1444,422.46,合理诉求,合理诉求,1425.14
1445,421.21,合理诉求,合理诉求,874.03
1446,181.19,合理诉求,合理诉求,444.32
1447,355.36,合理诉求,合理诉求,794.44
1448,246.85,合理诉求,合理诉求,575.11
1449,46.48,合理诉求,合理诉求,139.26
1450,83.53,合理诉求,合理诉求,128.75
1451,201.73,合理诉求,合理诉求,483.03
1452,388.14,合理诉求,合理诉求,838.89
1453,364.37,合理诉求,合理诉求,813.79
1454,210.37,合理诉求,合理诉求,404.4
1455,237.31,合理诉求,合理诉求,555.21
1456,234.39,合理诉求,合理诉求,688.53
1457,70.95,合理诉求,合理诉求,145.15
1458,225.59,合理诉求,合理诉求,384.09
1459,967.51,合理诉求,合理诉求,2537.47
1460,337.83,合理诉求,合理诉求,962.64
1461,77.84,合理诉求,合理诉求,172.49
1462,79.57,合理诉求,合理诉求,152.43
1463,624.84,合理诉求,合理诉求,1595.47
1464,363.14,合理诉求,合理诉求,747.19
1465,274.22,合理诉求,合理诉求,733.44
1466,11.93,合理诉求,合理诉求,101.12
1467,63.0,合理诉求,合理诉求,145.72
1468,385.93,合理诉求,合理诉求,739.2
1469,536.58,合理诉求,合理诉求,1664.41
1470,316.65,合理诉求,合理诉求,677.69
1471,219.72,合理诉求,合理诉求,395.04
1472,191.8,合理诉求,合理诉求,255.41
1473,362.39,合理诉求,合理诉求,931.11
1474,297.41,诉求偏高,诉求偏高,1915.53
1475,75.12,合理诉求,合理诉求,204.97
1476,190.54,合理诉求,合理诉求,456.68
1477,85.23,合理诉求,合理诉求,181.28
1478,36.09,合理诉求,合理诉求,107.4
1479,384.57,诉求偏高,诉求偏高,2270.99
1480,815.72,合理诉求,合理诉求,2252.08
1481,390.66,合理诉求,合理诉求,1199.08
1482,128.37,合理诉求,合理诉求,245.01
1483,228.29,合理诉求,合理诉求,529.95
1484,174.29,合理诉求,合理诉求,337.39
1485,246.88,合理诉求,合理诉求,650.98
1486,444.78,合理诉求,合理诉求,1193.07
1487,404.07,合理诉求,合理诉求,1180.17
1488,249.99,合理诉求,合理诉求,520.82
1489,13.32,合理诉求,合理诉求,105.78
1490,200.03,合理诉求,合理诉求,616.11
1491,111.52,合理诉求,合理诉求,219.38
1492,604.96,合理诉求,合理诉求,1759.41
1493,374.39,合理诉求,合理诉求,1140.11
1494,379.46,合理诉求,合理诉求,1075.98
1495,86.0,合理诉求,合理诉求,146.66
1496,156.94,合理诉求,合理诉求,317.73
1497,236.6,合理诉求,合理诉求,453.83
1498,48.61,合理诉求,合理诉求,113.56
1499,60.25,合理诉求,合理诉求,132.31
1500,229.5,合理诉求,合理诉求,810.55
1501,418.16,合理诉求,合理诉求,1145.79
1502,84.78,合理诉求,合理诉求,138.64
1503,329.44,合理诉求,合理诉求,851.05
1504,594.08,合理诉求,合理诉求,1716.88
1505,231.22,合理诉求,合理诉求,585.52
1506,108.4,合理诉求,合理诉求,268.62
1507,200.09,合理诉求,合理诉求,373.23
1508,363.68,合理诉求,合理诉求,1020.02
1509,105.69,合理诉求,合理诉求,244.43
1510,168.05,诉求偏高,诉求偏高,1436.99
1511,210.21,合理诉求,合理诉求,380.34
1512,228.31,合理诉求,合理诉求,618.94
1513,93.47,合理诉求,合理诉求,177.92
1514,679.03,合理诉求,合理诉求,1860.3
1515,228.62,合理诉求,合理诉求,601.81
1516,58.47,合理诉求,合理诉求,152.26
1517,375.39,诉求偏高,诉求偏高,2036.44
1518,658.98,诉求偏高,诉求偏高,3149.82
1519,199.53,合理诉求,合理诉求,595.95
1520,934.56,合理诉求,合理诉求,2131.47
1521,217.11,合理诉求,合理诉求,444.24
1522,157.62,合理诉求,合理诉求,410.9
1523,453.59,合理诉求,合理诉求,787.82
1524,112.87,合理诉求,合理诉求,280.19
1525,301.77,合理诉求,合理诉求,780.15
1526,220.22,合理诉求,合理诉求,462.18
1527,231.64,合理诉求,合理诉求,497.16
1528,87.97,合理诉求,合理诉求,238.25
1529,191.12,合理诉求,合理诉求,346.31
1530,58.92,合理诉求,合理诉求,136.8
1531,137.92,合理诉求,合理诉求,301.97
1532,164.04,合理诉求,合理诉求,354.68
1533,291.17,合理诉求,合理诉求,693.58
1534,146.34,合理诉求,合理诉求,494.92
1535,116.27,合理诉求,合理诉求,248.2
1536,153.52,合理诉求,合理诉求,636.25
1537,172.3,合理诉求,合理诉求,420.76
1538,215.45,合理诉求,合理诉求,625.18
1539,139.04,合理诉求,合理诉求,291.77
1540,776.81,合理诉求,合理诉求,2091.21
1541,19.43,合理诉求,合理诉求,110.65
1542,117.02,合理诉求,合理诉求,248.58
1543,45.99,合理诉求,合理诉求,124.43
1544,119.45,合理诉求,合理诉求,306.35
1545,223.45,合理诉求,合理诉求,612.34
1546,197.12,合理诉求,合理诉求,441.93
1547,351.34,诉求偏高,诉求偏高,2180.02
1548,70.49,合理诉求,合理诉求,168.19
1549,288.62,诉求偏高,诉求偏高,2000.46
1550,15.78,合理诉求,合理诉求,102.71
1551,135.3,合理诉求,合理诉求,280.14
1552,274.99,合理诉求,合理诉求,826.85
1553,29.57,合理诉求,合理诉求,106.6
1554,976.43,诉求偏高,诉求偏高,4110.68
1555,204.51,合理诉求,合理诉求,481.89
1556,51.99,合理诉求,合理诉求,160.55
1557,235.63,合理诉求,合理诉求,473.39
1558,147.14,合理诉求,合理诉求,469.27
1559,54.17,合理诉求,合理诉求,101.01
1560,167.61,合理诉求,合理诉求,649.02
1561,168.89,诉求偏高,诉求偏高,1389.43
1562,86.09,合理诉求,合理诉求,172.11
1563,789.5,合理诉求,合理诉求,1977.21
1564,19.88,合理诉求,合理诉求,100.35
1565,190.97,合理诉求,合理诉求,401.47
1566,345.07,合理诉求,合理诉求,648.61
1567,500.01,合理诉求,合理诉求,1086.31
1568,125.61,诉求偏高,诉求偏高,1169.27
1569,110.56,诉求偏高,诉求偏高,1043.13
1570,397.75,合理诉求,合理诉求,1068.14
1571,71.83,合理诉求,合理诉求,120.04
1572,114.69,诉求偏高,诉求偏高,999.41
1573,347.93,合理诉求,合理诉求,876.03
1574,72.37,合理诉求,合理诉求,186.64
1575,300.3,合理诉求,合理诉求,709.45
1576,78.17,合理诉求,合理诉求,118.65
1577,325.26,合理诉求,合理诉求,806.22
1578,55.56,合理诉求,合理诉求,129.87
1579,43.55,合理诉求,合理诉求,112.76
1580,49.65,合理诉求,合理诉求,133.67
1581,838.3,诉求偏高,诉求偏高,3714.61
1582,61.92,合理诉求,合理诉求,140.22
1583,747.13,诉求偏高,诉求偏高,3422.15
1584,191.41,合理诉求,合理诉求,464.03
1585,317.02,合理诉求,合理诉求,942.26
1586,157.34,合理诉求,合理诉求,520.09
1587,305.84,合理诉求,合理诉求,957.27
1588,27.7,合理诉求,合理诉求,106.13
1589,560.58,严重超额,诉求偏高,2766.07
1590,227.49,合理诉求,合理诉求,347.46
1591,203.82,合理诉求,合理诉求,568.83
1592,641.24,严重超额,诉求偏高,3262.03
1593,263.2,合理诉求,合理诉求,539.1
1594,158.73,合理诉求,合理诉求,424.14
1595,646.92,诉求偏高,诉求偏高,3202.53
1596,114.85,合理诉求,合理诉求,218.11
1597,13.0,合理诉求,合理诉求,107.54
1598,63.96,合理诉求,合理诉求,141.07
1599,327.18,合理诉求,合理诉求,763.63
1600,324.97,诉求偏高,诉求偏高,2057.22
1601,159.85,诉求偏高,诉求偏高,1379.12
1602,40.37,合理诉求,合理诉求,113.85
1603,60.78,合理诉求,合理诉求,144.19
1604,491.56,合理诉求,合理诉求,1399.35
1605,126.11,合理诉求,合理诉求,294.18
1606,186.43,合理诉求,合理诉求,405.12
1607,242.06,合理诉求,合理诉求,584.04
1608,230.74,合理诉求,合理诉求,576.92
1609,66.19,诉求偏高,诉求偏高,809.35
1610,910.23,严重超额,诉求偏高,4353.23
1611,61.18,合理诉求,合理诉求,102.59
1612,204.23,合理诉求,合理诉求,678.23
1613,60.34,合理诉求,合理诉求,119.47
1614,208.2,合理诉求,合理诉求,322.96
1615,219.86,合理诉求,合理诉求,455.25
1616,185.44,合理诉求,合理诉求,328.87
1617,480.91,合理诉求,合理诉求,1262.19
1618,834.79,合理诉求,合理诉求,2218.06
1619,352.41,合理诉求,合理诉求,826.73
1620,183.38,合理诉求,合理诉求,636.56
1621,333.57,合理诉求,合理诉求,930.23
1622,333.82,合理诉求,合理诉求,998.86
1623,133.49,合理诉求,合理诉求,392.24
1624,673.83,诉求偏高,诉求偏高,3127.95
1625,221.91,合理诉求,合理诉求,448.35
1626,126.1,合理诉求,合理诉求,318.29
1627,141.06,合理诉求,合理诉求,268.47
1628,148.53,合理诉求,合理诉求,256.34
1629,52.53,合理诉求,合理诉求,124.44
1630,376.76,合理诉求,合理诉求,1131.94
1631,284.8,严重超额,诉求偏高,1875.94
1632,220.49,合理诉求,合理诉求,470.56
1633,611.28,合理诉求,合理诉求,1582.15
1634,111.56,合理诉求,合理诉求,282.22
1635,41.95,合理诉求,合理诉求,105.29
1636,127.8,合理诉求,合理诉求,300.85
1637,47.58,合理诉求,合理诉求,111.33
1638,208.06,合理诉求,合理诉求,392.55
1639,187.61,合理诉求,合理诉求,493.46
1640,176.08,合理诉求,合理诉求,593.09
1641,495.5,合理诉求,合理诉求,1208.71
1642,210.71,合理诉求,合理诉求,481.54
1643,49.02,合理诉求,合理诉求,114.36
1644,270.45,合理诉求,合理诉求,735.68
1645,360.26,合理诉求,合理诉求,774.38
1646,267.76,合理诉求,合理诉求,715.01
1647,384.55,合理诉求,合理诉求,980.25
1648,514.66,合理诉求,合理诉求,821.34
1649,51.38,合理诉求,合理诉求,113.56
1650,222.77,严重超额,诉求偏高,1662.99
1651,194.88,合理诉求,合理诉求,531.38
1652,370.64,合理诉求,合理诉求,972.52
1653,340.6,合理诉求,合理诉求,1120.58
1654,160.14,合理诉求,合理诉求,385.8
1655,125.99,合理诉求,合理诉求,225.56
1656,488.09,合理诉求,合理诉求,1343.79
1657,121.23,合理诉求,合理诉求,289.49
1658,103.35,合理诉求,合理诉求,205.12
1659,232.87,合理诉求,合理诉求,519.76
1660,349.81,诉求偏高,合理诉求,1133.41
1661,38.51,合理诉求,合理诉求,103.88
1662,41.84,合理诉求,合理诉求,134.91
1663,936.57,诉求偏高,诉求偏高,4133.63
1664,477.07,合理诉求,合理诉求,1260.95
1665,208.32,合理诉求,合理诉求,486.73
1666,209.0,合理诉求,合理诉求,343.27
1667,144.03,合理诉求,合理诉求,248.06
1668,50.01,合理诉求,合理诉求,139.18
1669,143.03,合理诉求,合理诉求,281.02
1670,682.43,合理诉求,合理诉求,1935.86
1671,475.0,合理诉求,合理诉求,937.4
1672,136.24,合理诉求,合理诉求,386.74
1673,409.43,诉求偏高,诉求偏高,2367.97
1674,42.56,合理诉求,合理诉求,100.94
1675,880.15,诉求偏高,诉求偏高,4304.69
1676,280.68,合理诉求,合理诉求,820.44
1677,131.2,合理诉求,合理诉求,240.0
1678,1335.98,合理诉求,合理诉求,3845.52
1679,221.5,合理诉求,合理诉求,643.27
1680,141.06,合理诉求,合理诉求,482.87
1681,348.36,合理诉求,合理诉求,651.99
1682,176.29,合理诉求,合理诉求,357.95
1683,27.74,合理诉求,合理诉求,102.16
1684,209.89,合理诉求,合理诉求,598.43
1685,207.51,合理诉求,合理诉求,341.17
1686,96.18,合理诉求,合理诉求,227.6
1687,346.84,合理诉求,合理诉求,950.34
1688,319.97,合理诉求,合理诉求,972.7
1689,121.84,合理诉求,合理诉求,169.98
1690,227.95,合理诉求,合理诉求,425.65
1691,63.54,合理诉求,合理诉求,169.65
1692,85.9,合理诉求,合理诉求,161.89
1693,307.0,合理诉求,合理诉求,684.13
1694,272.09,合理诉求,合理诉求,681.48
1695,79.67,合理诉求,合理诉求,182.49
1696,105.83,合理诉求,合理诉求,223.58
1697,904.37,合理诉求,合理诉求,2483.67
1698,235.7,合理诉求,合理诉求,440.77
1699,357.5,合理诉求,合理诉求,909.37
1700,402.35,合理诉求,合理诉求,1077.82
1701,110.93,合理诉求,合理诉求,258.55
1702,78.39,合理诉求,合理诉求,227.94
1703,402.95,合理诉求,合理诉求,881.81
1704,358.91,合理诉求,合理诉求,687.55
1705,134.77,合理诉求,合理诉求,203.88
1706,32.07,合理诉求,合理诉求,100.08
1707,483.95,合理诉求,合理诉求,1266.72
1708,320.13,严重超额,诉求偏高,1991.98
1709,421.01,合理诉求,合理诉求,1046.13
1710,228.84,合理诉求,合理诉求,502.69
1711,373.56,严重超额,诉求偏高,2219.79
1712,636.7,合理诉求,合理诉求,1770.14
1713,29.05,合理诉求,合理诉求,104.79
1714,84.05,合理诉求,合理诉求,217.39
1715,920.76,诉求偏高,诉求偏高,4223.9
1716,102.68,合理诉求,合理诉求,157.84
1717,387.51,诉求偏高,诉求偏高,2268.44
1718,46.74,合理诉求,合理诉求,116.14
1719,408.76,合理诉求,合理诉求,971.14
1720,554.1,合理诉求,合理诉求,1553.12
1721,758.27,合理诉求,合理诉求,2063.42
1722,356.79,合理诉求,合理诉求,649.89
1723,320.8,合理诉求,合理诉求,790.71
1724,124.65,合理诉求,合理诉求,302.15
1725,64.68,合理诉求,合理诉求,188.11
1726,337.41,合理诉求,合理诉求,687.52
1727,223.3,合理诉求,合理诉求,356.63
1728,79.12,合理诉求,合理诉求,186.12
1729,624.94,合理诉求,合理诉求,1460.83
1730,708.42,合理诉求,合理诉求,2008.78
1731,148.83,合理诉求,合理诉求,294.83
1732,330.6,合理诉求,合理诉求,795.06
1733,245.53,合理诉求,合理诉求,615.32
1734,443.8,合理诉求,合理诉求,1256.47
1735,181.92,合理诉求,合理诉求,429.04
1736,24.54,合理诉求,合理诉求,102.97
1737,40.81,合理诉求,合理诉求,101.99
1738,147.95,合理诉求,合理诉求,357.01
1739,634.01,合理诉求,合理诉求,1667.81
1740,200.57,诉求偏高,诉求偏高,1663.21
1741,906.01,合理诉求,合理诉求,2208.49
1742,553.38,合理诉求,合理诉求,1563.82
1743,176.85,合理诉求,合理诉求,335.06
1744,145.3,合理诉求,合理诉求,301.63
1745,503.36,合理诉求,合理诉求,1498.93
1746,297.84,合理诉求,合理诉求,895.22
1747,122.55,诉求偏高,诉求偏高,1224.01
1748,506.18,合理诉求,合理诉求,1484.48
1749,314.47,合理诉求,合理诉求,685.72
1750,465.29,合理诉求,合理诉求,988.01
1751,165.28,合理诉求,合理诉求,499.53
1752,359.76,合理诉求,合理诉求,960.89
1753,687.71,合理诉求,合理诉求,1490.68
1754,363.44,合理诉求,合理诉求,867.46
1755,327.43,合理诉求,合理诉求,843.16
1756,43.83,合理诉求,合理诉求,114.67
1757,113.45,诉求偏高,诉求偏高,963.54
1758,25.87,合理诉求,合理诉求,101.46
1759,54.59,合理诉求,合理诉求,111.91
1760,271.36,诉求偏高,诉求偏高,1701.68
1761,287.41,合理诉求,合理诉求,917.03
1762,60.0,合理诉求,合理诉求,154.54
1763,135.31,诉求偏高,诉求偏高,1222.85
1764,81.05,合理诉求,合理诉求,158.09
1765,245.14,合理诉求,合理诉求,395.72
1766,47.75,合理诉求,合理诉求,144.92
1767,87.99,合理诉求,合理诉求,164.12
1768,102.79,合理诉求,合理诉求,236.03
1769,136.15,合理诉求,合理诉求,277.67
1770,71.99,合理诉求,合理诉求,221.42
1771,43.53,合理诉求,合理诉求,129.29
1772,141.23,合理诉求,合理诉求,346.39
1773,58.86,合理诉求,合理诉求,122.3
1774,179.89,合理诉求,合理诉求,394.44
1775,21.63,合理诉求,合理诉求,103.41
1776,32.66,合理诉求,合理诉求,100.19
1777,83.09,合理诉求,合理诉求,140.24
1778,680.93,诉求偏高,诉求偏高,3094.64
1779,149.48,合理诉求,合理诉求,274.27
1780,201.05,合理诉求,合理诉求,685.13
1781,202.65,合理诉求,合理诉求,407.91
1782,162.02,合理诉求,合理诉求,257.36
1783,86.11,合理诉求,合理诉求,188.73
1784,197.21,合理诉求,合理诉求,491.69
1785,52.52,合理诉求,合理诉求,105.67
1786,238.56,合理诉求,合理诉求,608.31
1787,609.34,合理诉求,合理诉求,1329.31
1788,91.56,合理诉求,合理诉求,176.27
1789,358.12,合理诉求,合理诉求,831.74
1790,50.54,合理诉求,合理诉求,104.33
1791,15.37,合理诉求,合理诉求,100.07
1792,189.98,合理诉求,合理诉求,438.58
1793,193.0,合理诉求,合理诉求,451.47
1794,190.69,合理诉求,合理诉求,608.43
1795,231.43,合理诉求,合理诉求,779.53
1796,173.4,诉求偏高,诉求偏高,1314.61
1797,170.25,严重超额,诉求偏高,1363.53
1798,561.53,合理诉求,合理诉求,1359.57
1799,218.36,合理诉求,合理诉求,292.74
1800,664.48,诉求偏高,诉求偏高,3274.84
1801,253.63,合理诉求,合理诉求,689.05
1802,190.02,合理诉求,合理诉求,597.0
1803,190.53,合理诉求,合理诉求,465.39
1804,352.47,合理诉求,合理诉求,660.39
1805,144.06,合理诉求,合理诉求,399.78
1806,835.99,合理诉求,合理诉求,2299.95
1807,228.84,合理诉求,合理诉求,433.3
1808,458.75,合理诉求,合理诉求,784.33
1809,398.96,合理诉求,合理诉求,1129.58
1810,230.19,合理诉求,合理诉求,602.32
1811,364.96,合理诉求,合理诉求,839.55
1812,353.49,合理诉求,合理诉求,1201.98
1813,26.33,合理诉求,合理诉求,100.64
1814,60.16,合理诉求,合理诉求,154.15
1815,366.8,合理诉求,合理诉求,1051.61
1816,273.2,合理诉求,合理诉求,510.0
1817,61.86,合理诉求,合理诉求,121.01
1818,156.69,合理诉求,合理诉求,323.61
1819,853.34,合理诉求,合理诉求,2361.2
1820,63.24,合理诉求,合理诉求,154.71
1821,237.98,合理诉求,合理诉求,534.02
1822,78.07,合理诉求,合理诉求,251.09
1823,22.97,合理诉求,合理诉求,103.31
1824,62.68,合理诉求,合理诉求,104.5
1825,89.85,合理诉求,合理诉求,158.67
1826,509.28,合理诉求,合理诉求,1394.37
1827,268.48,合理诉求,合理诉求,786.03
1828,203.05,合理诉求,合理诉求,642.59
1829,22.59,合理诉求,合理诉求,107.82
1830,186.12,合理诉求,合理诉求,372.4
1831,389.6,合理诉求,合理诉求,1025.48
1832,110.39,合理诉求,合理诉求,227.99
1833,355.79,合理诉求,合理诉求,521.49
1834,184.68,诉求偏高,诉求偏高,1492.57
1835,317.37,诉求偏高,诉求偏高,2004.73
1836,747.39,合理诉求,合理诉求,2048.67
1837,58.2,合理诉求,合理诉求,132.84
1838,117.81,合理诉求,合理诉求,454.55
1839,218.38,合理诉求,合理诉求,359.98
1840,183.13,合理诉求,合理诉求,381.91
1841,1055.37,诉求偏高,诉求偏高,4786.81
1842,232.99,合理诉求,合理诉求,421.9
1843,54.64,合理诉求,合理诉求,132.98
1844,688.9,诉求偏高,诉求偏高,3377.59
1845,0.0,合理诉求,合理诉求,100.28
1846,137.65,合理诉求,合理诉求,321.26
1847,267.31,诉求偏高,诉求偏高,1896.1
1848,104.15,合理诉求,合理诉求,281.93
1849,151.02,合理诉求,合理诉求,326.15
1850,78.58,合理诉求,合理诉求,149.93
1851,389.77,合理诉求,合理诉求,1163.07
1852,104.0,合理诉求,合理诉求,223.49
1853,352.77,合理诉求,合理诉求,1074.1
1854,288.97,合理诉求,合理诉求,548.57
1855,336.49,合理诉求,合理诉求,936.74
1856,510.07,合理诉求,合理诉求,1153.12
1857,83.5,合理诉求,合理诉求,181.37
1858,202.73,合理诉求,合理诉求,631.29
1859,127.64,合理诉求,合理诉求,234.04
1860,51.23,合理诉求,合理诉求,133.72
1861,98.78,合理诉求,合理诉求,334.29
1862,670.88,合理诉求,合理诉求,2125.04
1863,266.79,合理诉求,合理诉求,523.99
1864,99.77,合理诉求,合理诉求,204.15
1865,885.51,合理诉求,合理诉求,2604.26
1866,54.61,合理诉求,合理诉求,117.49
1867,122.89,诉求偏高,诉求偏高,1113.37
1868,368.17,合理诉求,合理诉求,1187.25
1869,606.81,合理诉求,合理诉求,1070.41
1870,230.92,诉求偏高,诉求偏高,1544.47
1871,178.28,合理诉求,合理诉求,387.61
1872,335.51,合理诉求,合理诉求,797.11
1873,26.76,合理诉求,合理诉求,116.63
1874,520.65,合理诉求,合理诉求,1189.21
1875,330.41,合理诉求,合理诉求,788.48
1876,94.37,合理诉求,合理诉求,232.36
1877,206.41,合理诉求,合理诉求,689.82
1878,316.22,诉求偏高,诉求偏高,1913.47
1879,109.89,合理诉求,合理诉求,253.84
1880,254.41,合理诉求,合理诉求,545.31
1881,478.6,合理诉求,合理诉求,1237.31
1882,132.69,合理诉求,合理诉求,336.85
1883,199.39,合理诉求,合理诉求,474.42
1884,143.31,合理诉求,合理诉求,241.81
1885,510.48,合理诉求,合理诉求,1496.58
1886,129.76,合理诉求,合理诉求,288.44
1887,320.05,合理诉求,合理诉求,631.89
1888,342.51,合理诉求,合理诉求,1128.77
1889,156.87,合理诉求,合理诉求,428.85
1890,145.86,合理诉求,合理诉求,269.64
1891,75.72,合理诉求,合理诉求,131.24
1892,272.06,合理诉求,合理诉求,705.08
1893,511.29,合理诉求,合理诉求,1156.33
1894,284.63,合理诉求,合理诉求,857.23
1895,77.15,合理诉求,合理诉求,146.94
1896,305.12,合理诉求,合理诉求,817.25
1897,52.88,合理诉求,合理诉求,106.05
1898,688.14,诉求偏高,诉求偏高,3196.4
1899,330.08,合理诉求,合理诉求,595.31
1900,247.31,合理诉求,合理诉求,328.87
1901,86.49,合理诉求,合理诉求,161.54
1902,419.99,合理诉求,合理诉求,942.35
1903,318.67,合理诉求,合理诉求,798.29
1904,75.78,合理诉求,合理诉求,155.22
1905,208.96,合理诉求,合理诉求,486.28
1906,159.95,合理诉求,合理诉求,259.12
1907,7.3,合理诉求,合理诉求,100.06
1908,45.35,合理诉求,合理诉求,115.65
1909,504.99,合理诉求,合理诉求,1251.96
1910,387.91,合理诉求,合理诉求,825.25
1911,37.76,合理诉求,合理诉求,105.06
1912,207.94,合理诉求,合理诉求,341.56
1913,81.76,合理诉求,合理诉求,141.01
1914,102.32,合理诉求,合理诉求,187.16
1915,272.66,合理诉求,合理诉求,686.4
1916,16.32,合理诉求,合理诉求,100.51
1917,1041.56,合理诉求,合理诉求,2759.44
1918,207.71,合理诉求,合理诉求,703.33
1919,500.32,合理诉求,合理诉求,1242.58
1920,479.84,合理诉求,合理诉求,1112.61
1921,68.54,诉求偏高,诉求偏高,783.94
1922,220.85,合理诉求,合理诉求,584.15
1923,501.21,合理诉求,合理诉求,1304.23
1924,193.44,合理诉求,合理诉求,397.11
1925,141.36,合理诉求,合理诉求,306.22
1926,18.33,合理诉求,合理诉求,102.46
1927,86.04,合理诉求,合理诉求,142.07
1928,404.44,合理诉求,合理诉求,960.88
1929,144.18,合理诉求,合理诉求,301.6
1930,218.91,合理诉求,合理诉求,456.52
1931,71.61,合理诉求,合理诉求,140.17
1932,161.31,合理诉求,合理诉求,472.4
1933,106.11,合理诉求,合理诉求,223.04
1934,380.3,合理诉求,合理诉求,1068.49
1935,254.44,合理诉求,合理诉求,814.67
1936,28.89,合理诉求,合理诉求,104.95
1937,752.4,合理诉求,合理诉求,2128.79
1938,144.36,合理诉求,合理诉求,251.71
1939,279.5,合理诉求,合理诉求,725.11
1940,390.32,合理诉求,合理诉求,1084.1
1941,128.28,合理诉求,合理诉求,380.34
1942,78.22,合理诉求,合理诉求,128.01
1943,400.69,合理诉求,合理诉求,1196.3
1944,375.66,合理诉求,合理诉求,737.64
1945,231.51,合理诉求,合理诉求,562.9
1946,33.28,合理诉求,合理诉求,100.03
1947,241.36,合理诉求,合理诉求,709.91
1948,159.77,合理诉求,合理诉求,275.74
1949,576.72,合理诉求,合理诉求,1608.15
1950,111.36,合理诉求,合理诉求,256.2
1951,320.97,合理诉求,合理诉求,520.25
1952,618.4,诉求偏高,诉求偏高,3029.93
1953,54.21,合理诉求,合理诉求,159.02
1954,576.02,合理诉求,合理诉求,1631.94
1955,280.66,合理诉求,合理诉求,759.92
1956,295.41,合理诉求,合理诉求,515.62
1957,231.97,合理诉求,合理诉求,557.88
1958,938.89,诉求偏高,诉求偏高,4435.31
1959,38.37,合理诉求,合理诉求,104.56
1960,305.24,合理诉求,合理诉求,967.22
1961,275.76,合理诉求,合理诉求,706.47
1962,114.03,合理诉求,合理诉求,300.24
1963,56.07,合理诉求,合理诉求,111.27
1964,48.87,合理诉求,合理诉求,176.84
1965,124.39,合理诉求,合理诉求,188.12
1966,69.57,合理诉求,合理诉求,169.14
1967,160.55,合理诉求,合理诉求,301.84
1968,428.22,诉求偏高,诉求偏高,2295.98
1969,425.54,合理诉求,合理诉求,1020.28
1970,381.33,合理诉求,合理诉求,1003.9
1971,55.82,合理诉求,合理诉求,102.86
1972,490.97,合理诉求,合理诉求,930.07
1973,143.15,合理诉求,合理诉求,383.27
1974,158.71,合理诉求,合理诉求,317.39
1975,279.13,合理诉求,合理诉求,728.35
1976,204.37,合理诉求,合理诉求,534.61
1977,117.99,合理诉求,合理诉求,217.77
1978,211.53,合理诉求,合理诉求,415.04
1979,194.56,合理诉求,合理诉求,342.94
1980,547.66,合理诉求,合理诉求,1652.31
1981,114.68,合理诉求,合理诉求,176.86
1982,321.32,合理诉求,合理诉求,1007.45
1983,71.44,合理诉求,合理诉求,126.39
1984,51.76,合理诉求,合理诉求,126.83
1985,322.79,合理诉求,合理诉求,968.25
1986,392.79,合理诉求,合理诉求,941.69
1987,257.04,合理诉求,合理诉求,353.51
1988,506.62,合理诉求,合理诉求,1181.8
1989,388.27,合理诉求,合理诉求,927.06
1990,75.73,诉求偏高,诉求偏高,802.05
1991,141.03,合理诉求,合理诉求,338.1
1992,220.1,诉求偏高,诉求偏高,1696.32
1993,303.59,合理诉求,合理诉求,725.43
1994,149.53,合理诉求,合理诉求,419.94
1995,390.45,合理诉求,合理诉求,935.56
1996,496.44,合理诉求,合理诉求,1349.41
1997,77.43,合理诉求,合理诉求,150.42
1998,643.44,合理诉求,合理诉求,1793.62
1999,51.93,合理诉求,合理诉求,137.77
2000,165.1,合理诉求,合理诉求,350.21
2001,164.86,合理诉求,合理诉求,244.56
2002,92.99,合理诉求,合理诉求,321.91
2003,79.49,合理诉求,合理诉求,191.56
2004,245.4,合理诉求,合理诉求,451.84
2005,46.79,合理诉求,合理诉求,100.3
2006,210.26,合理诉求,合理诉求,553.83
2007,81.29,合理诉求,合理诉求,192.56
2008,89.27,合理诉求,合理诉求,156.88
2009,818.18,合理诉求,合理诉求,2338.98
2010,251.24,合理诉求,合理诉求,698.57
2011,71.18,合理诉求,合理诉求,173.23
2012,24.02,合理诉求,合理诉求,110.01
2013,108.81,诉求偏高,诉求偏高,1029.87
2014,216.56,合理诉求,合理诉求,521.62
2015,56.48,合理诉求,合理诉求,208.67
2016,368.49,合理诉求,合理诉求,758.76
2017,446.97,合理诉求,合理诉求,1376.62
2018,414.17,合理诉求,合理诉求,1032.69
2019,128.89,合理诉求,合理诉求,204.68
2020,103.1,合理诉求,合理诉求,266.24
2021,171.44,合理诉求,合理诉求,341.76
2022,310.65,合理诉求,合理诉求,772.39
2023,1086.25,诉求偏高,诉求偏高,5286.14
2024,389.67,合理诉求,合理诉求,880.45
2025,190.92,合理诉求,合理诉求,556.87
2026,61.84,合理诉求,合理诉求,214.45
2027,119.22,合理诉求,合理诉求,277.22
2028,486.56,合理诉求,合理诉求,1131.38
2029,375.03,合理诉求,合理诉求,964.85
2030,65.67,合理诉求,合理诉求,121.29
2031,762.45,诉求偏高,诉求偏高,3526.43
2032,176.58,合理诉求,合理诉求,461.69
2033,13.4,合理诉求,合理诉求,101.1
2034,628.49,合理诉求,合理诉求,1538.92
2035,188.66,合理诉求,合理诉求,388.72
2036,290.99,合理诉求,合理诉求,779.94
2037,69.11,诉求偏高,诉求偏高,878.42
2038,116.64,合理诉求,合理诉求,219.78
2039,54.77,合理诉求,合理诉求,102.06
2040,52.23,合理诉求,合理诉求,129.47
2041,144.53,合理诉求,合理诉求,403.36
2042,284.33,合理诉求,合理诉求,669.92
2043,52.28,合理诉求,合理诉求,119.45
2044,100.19,合理诉求,合理诉求,162.38
2045,329.53,合理诉求,合理诉求,701.68
2046,38.68,合理诉求,合理诉求,106.32
2047,218.71,合理诉求,合理诉求,559.62
2048,219.25,合理诉求,合理诉求,490.82
2049,47.96,合理诉求,合理诉求,116.38
2050,114.53,合理诉求,合理诉求,255.13
2051,54.29,合理诉求,合理诉求,137.99
2052,230.66,合理诉求,合理诉求,743.45
2053,32.6,合理诉求,合理诉求,101.0
2054,382.39,合理诉求,合理诉求,1135.65
2055,417.55,诉求偏高,诉求偏高,2460.36
2056,121.16,合理诉求,合理诉求,324.55
2057,458.52,合理诉求,合理诉求,1499.42
2058,956.39,合理诉求,合理诉求,2533.88
2059,171.49,合理诉求,合理诉求,510.07
2060,480.56,合理诉求,合理诉求,1097.55
2061,22.58,合理诉求,合理诉求,102.83
2062,47.78,合理诉求,合理诉求,102.26
2063,310.15,合理诉求,合理诉求,531.04
2064,357.92,合理诉求,合理诉求,823.92
2065,216.45,合理诉求,合理诉求,562.16
2066,194.91,合理诉求,合理诉求,445.16
2067,195.85,合理诉求,合理诉求,444.08
2068,313.74,合理诉求,合理诉求,604.94
2069,136.55,合理诉求,合理诉求,227.99
2070,68.37,合理诉求,合理诉求,131.94
2071,731.71,合理诉求,合理诉求,1635.51
2072,225.3,合理诉求,合理诉求,623.32
2073,734.23,合理诉求,合理诉求,1688.41
2074,503.04,合理诉求,合理诉求,1291.33
2075,172.2,合理诉求,合理诉求,543.66
2076,142.37,合理诉求,合理诉求,409.32
2077,230.3,诉求偏高,诉求偏高,1580.97
2078,156.2,合理诉求,合理诉求,370.23
2079,182.71,合理诉求,合理诉求,626.18
2080,101.59,合理诉求,合理诉求,187.62
2081,611.83,合理诉求,合理诉求,1675.47
2082,158.08,合理诉求,合理诉求,307.88
2083,96.28,合理诉求,合理诉求,211.15
2084,198.75,合理诉求,合理诉求,614.64
2085,126.98,合理诉求,合理诉求,216.23
2086,71.01,合理诉求,合理诉求,134.1
2087,340.7,合理诉求,合理诉求,886.79
2088,100.22,合理诉求,合理诉求,252.89
2089,116.44,合理诉求,合理诉求,277.94
2090,172.85,合理诉求,合理诉求,385.6
2091,164.92,合理诉求,合理诉求,353.18
2092,403.51,合理诉求,合理诉求,1188.49
2093,250.72,合理诉求,合理诉求,580.12
2094,595.23,合理诉求,合理诉求,1542.7
2095,476.3,合理诉求,合理诉求,1213.0
2096,230.35,合理诉求,合理诉求,450.84
2097,236.0,严重超额,诉求偏高,1729.71
2098,735.4,合理诉求,合理诉求,1950.38
2099,229.1,严重超额,诉求偏高,1530.87
2100,496.48,合理诉求,合理诉求,1349.75
2101,105.73,合理诉求,合理诉求,216.76
2102,264.74,合理诉求,合理诉求,812.76
2103,468.28,合理诉求,合理诉求,1071.7
2104,45.52,合理诉求,合理诉求,100.99
2105,273.92,合理诉求,合理诉求,897.65
2106,205.61,合理诉求,合理诉求,578.3
2107,27.89,合理诉求,合理诉求,103.09
2108,256.46,合理诉求,合理诉求,430.53
2109,1024.75,合理诉求,合理诉求,2900.47
2110,208.59,合理诉求,合理诉求,718.05
2111,185.24,合理诉求,合理诉求,493.28
2112,494.59,诉求偏高,诉求偏高,2625.63
2113,1209.31,合理诉求,合理诉求,3068.98
2114,205.16,严重超额,诉求偏高,1592.76
2115,226.03,合理诉求,合理诉求,596.69
2116,261.27,诉求偏高,合理诉求,859.96
2117,192.84,合理诉求,合理诉求,393.11
2118,270.01,合理诉求,合理诉求,645.3
2119,48.56,合理诉求,合理诉求,101.93
2120,231.81,合理诉求,合理诉求,598.68
2121,428.17,严重超额,诉求偏高,2614.62
2122,335.61,合理诉求,合理诉求,952.66
2123,136.24,合理诉求,合理诉求,314.22
2124,655.91,合理诉求,合理诉求,1871.99
2125,144.6,合理诉求,合理诉求,327.14
2126,379.14,合理诉求,合理诉求,888.83
2127,30.04,合理诉求,合理诉求,112.53
2128,296.12,合理诉求,合理诉求,774.92
2129,112.77,合理诉求,合理诉求,257.34
2130,175.77,合理诉求,合理诉求,324.75
2131,67.38,合理诉求,合理诉求,179.6
2132,187.73,合理诉求,合理诉求,474.32
2133,88.81,合理诉求,合理诉求,183.11
2134,296.81,合理诉求,合理诉求,533.59
2135,222.14,合理诉求,合理诉求,474.2
2136,24.36,合理诉求,合理诉求,107.96
2137,212.61,合理诉求,合理诉求,499.99
2138,585.87,合理诉求,合理诉求,1519.84
2139,383.69,合理诉求,合理诉求,821.95
2140,162.78,合理诉求,合理诉求,378.66
2141,418.76,合理诉求,合理诉求,1015.63
2142,212.71,合理诉求,合理诉求,484.37
2143,161.92,合理诉求,合理诉求,530.72
2144,279.56,诉求偏高,诉求偏高,1920.15
2145,432.41,合理诉求,合理诉求,1182.56
2146,171.02,合理诉求,合理诉求,536.05
2147,536.38,合理诉求,合理诉求,1288.52
2148,102.81,诉求偏高,诉求偏高,961.57
2149,411.24,合理诉求,合理诉求,844.05
2150,412.85,合理诉求,合理诉求,1055.94
2151,383.47,合理诉求,合理诉求,929.5
2152,476.74,合理诉求,合理诉求,986.83
2153,253.98,合理诉求,合理诉求,665.75
2154,172.95,合理诉求,合理诉求,514.67
2155,775.91,合理诉求,合理诉求,2072.77
2156,157.33,合理诉求,合理诉求,279.72
2157,202.13,合理诉求,合理诉求,274.4
2158,198.77,合理诉求,合理诉求,588.51
2159,140.13,合理诉求,合理诉求,322.99
2160,53.06,合理诉求,合理诉求,159.31
2161,212.79,合理诉求,合理诉求,788.45
2162,32.83,合理诉求,合理诉求,102.1
2163,182.57,合理诉求,合理诉求,365.06
2164,215.72,合理诉求,合理诉求,387.04
2165,289.13,合理诉求,合理诉求,514.17
2166,91.05,合理诉求,合理诉求,178.06
2167,356.63,合理诉求,合理诉求,791.04
2168,596.92,合理诉求,合理诉求,1466.03
2169,287.48,合理诉求,合理诉求,543.15
2170,256.9,合理诉求,合理诉求,630.67
2171,60.42,合理诉求,合理诉求,103.53
2172,338.31,合理诉求,合理诉求,1165.44
2173,365.2,合理诉求,合理诉求,927.74
2174,95.7,诉求偏高,诉求偏高,986.54
2175,176.05,合理诉求,合理诉求,406.99
2176,41.04,合理诉求,合理诉求,168.81
2177,294.48,合理诉求,合理诉求,622.16
2178,413.26,诉求偏高,诉求偏高,2269.15
2179,311.2,合理诉求,合理诉求,708.91
2180,204.04,合理诉求,合理诉求,597.97
2181,795.15,合理诉求,合理诉求,1828.36
2182,738.57,合理诉求,合理诉求,1901.76
2183,323.88,合理诉求,合理诉求,892.97
2184,388.55,合理诉求,合理诉求,689.7
2185,151.25,合理诉求,合理诉求,448.53
2186,256.19,合理诉求,合理诉求,634.17
2187,1228.53,合理诉求,合理诉求,3337.98
2188,90.58,合理诉求,合理诉求,205.15
2189,33.16,合理诉求,合理诉求,102.34
2190,273.8,合理诉求,合理诉求,665.61
2191,919.23,合理诉求,合理诉求,2506.76
2192,333.0,合理诉求,合理诉求,732.8
2193,143.79,严重超额,诉求偏高,1340.79
2194,488.48,合理诉求,合理诉求,1358.16
2195,511.28,合理诉求,合理诉求,1502.81
2196,75.34,合理诉求,合理诉求,130.59
2197,91.59,合理诉求,合理诉求,204.38
2198,272.45,合理诉求,合理诉求,828.66
2199,54.66,合理诉求,合理诉求,117.43
2200,54.3,合理诉求,合理诉求,150.51
2201,295.2,合理诉求,合理诉求,615.1
2202,185.41,合理诉求,合理诉求,507.83
2203,107.97,合理诉求,合理诉求,270.15
2204,95.11,合理诉求,合理诉求,150.31
2205,416.45,合理诉求,合理诉求,1016.5
2206,85.76,合理诉求,合理诉求,215.45
2207,63.33,合理诉求,合理诉求,106.47
2208,171.05,合理诉求,合理诉求,520.17
2209,91.94,合理诉求,合理诉求,182.8
2210,377.7,合理诉求,合理诉求,1219.49
2211,92.85,合理诉求,合理诉求,262.65
2212,222.86,合理诉求,合理诉求,473.66
2213,507.16,合理诉求,合理诉求,1370.71
2214,282.76,合理诉求,合理诉求,524.99
2215,341.68,合理诉求,合理诉求,1024.36
2216,214.27,严重超额,诉求偏高,1631.85
2217,157.71,合理诉求,合理诉求,369.98
2218,160.13,诉求偏高,诉求偏高,1315.43
2219,1100.36,诉求偏高,合理诉求,3768.33
2220,431.26,合理诉求,合理诉求,1096.41
2221,243.71,合理诉求,合理诉求,835.41
2222,301.6,合理诉求,合理诉求,619.67
2223,385.32,合理诉求,合理诉求,1187.52
2224,106.64,合理诉求,合理诉求,247.16
2225,510.73,合理诉求,合理诉求,1296.53
2226,61.35,合理诉求,合理诉求,131.23
2227,366.56,合理诉求,合理诉求,913.39
2228,25.08,合理诉求,合理诉求,108.54
2229,489.56,严重超额,诉求偏高,2793.55
2230,426.11,严重超额,诉求偏高,2429.91
2231,464.17,合理诉求,合理诉求,1212.46
2232,243.3,合理诉求,合理诉求,607.14
2233,42.55,合理诉求,合理诉求,141.16
2234,73.04,诉求偏高,诉求偏高,969.54
2235,282.11,合理诉求,合理诉求,576.97
2236,464.65,合理诉求,合理诉求,880.97
2237,236.16,合理诉求,合理诉求,452.91
2238,126.72,诉求偏高,诉求偏高,1017.36
2239,183.67,合理诉求,合理诉求,448.89
2240,66.46,诉求偏高,诉求偏高,828.12
2241,85.85,诉求偏高,诉求偏高,936.05
2242,463.86,合理诉求,合理诉求,1140.04
2243,731.91,合理诉求,合理诉求,1604.44
2244,384.47,合理诉求,合理诉求,969.74
2245,178.17,合理诉求,合理诉求,450.48
2246,23.63,合理诉求,合理诉求,110.52
2247,233.89,合理诉求,合理诉求,702.68
2248,81.31,合理诉求,合理诉求,169.02
2249,205.98,合理诉求,合理诉求,580.09
2250,336.67,合理诉求,合理诉求,741.93
2251,167.49,合理诉求,合理诉求,353.54
2252,83.75,合理诉求,合理诉求,153.55
2253,35.08,合理诉求,合理诉求,132.11
2254,75.18,诉求偏高,诉求偏高,801.86
2255,829.08,诉求偏高,诉求偏高,4019.47
2256,659.99,合理诉求,合理诉求,1843.16
2257,604.8,诉求偏高,诉求偏高,2909.5
2258,31.85,合理诉求,合理诉求,132.34
2259,89.29,合理诉求,合理诉求,266.69
2260,93.76,合理诉求,合理诉求,205.23
2261,237.27,合理诉求,合理诉求,472.19
2262,403.68,合理诉求,合理诉求,980.44
2263,271.69,合理诉求,合理诉求,646.9
2264,37.73,合理诉求,合理诉求,104.61
2265,946.08,合理诉求,合理诉求,2626.68
2266,69.42,合理诉求,合理诉求,163.32
2267,56.08,合理诉求,合理诉求,141.92
2268,468.67,合理诉求,合理诉求,1170.17
2269,429.29,合理诉求,合理诉求,878.31
2270,217.74,合理诉求,合理诉求,523.46
2271,324.09,合理诉求,合理诉求,839.81
2272,106.0,合理诉求,合理诉求,268.91
2273,181.81,合理诉求,合理诉求,372.94
2274,427.21,合理诉求,合理诉求,1058.38
2275,54.01,合理诉求,合理诉求,116.61
2276,56.72,合理诉求,合理诉求,107.24
2277,14.98,合理诉求,合理诉求,100.02
2278,127.21,合理诉求,合理诉求,262.11
2279,258.57,合理诉求,合理诉求,532.5
2280,270.87,合理诉求,合理诉求,847.47
2281,77.59,合理诉求,合理诉求,165.09
2282,82.19,合理诉求,合理诉求,144.45
2283,664.87,合理诉求,合理诉求,2086.35
2284,61.52,合理诉求,合理诉求,126.35
2285,193.15,合理诉求,合理诉求,432.71
2286,277.81,合理诉求,合理诉求,606.72
2287,124.88,合理诉求,合理诉求,360.57
2288,84.77,合理诉求,合理诉求,229.61
2289,498.86,合理诉求,合理诉求,1412.81
2290,315.14,合理诉求,合理诉求,692.86
2291,357.26,合理诉求,合理诉求,787.54
2292,155.42,合理诉求,合理诉求,450.79
2293,55.81,合理诉求,合理诉求,136.68
2294,138.24,合理诉求,合理诉求,328.24
2295,473.24,合理诉求,合理诉求,1205.64
2296,47.68,合理诉求,合理诉求,100.84
2297,259.12,合理诉求,合理诉求,733.94
2298,82.88,合理诉求,合理诉求,199.65
2299,162.65,诉求偏高,合理诉求,625.46
2300,125.06,合理诉求,合理诉求,261.3
2301,53.3,合理诉求,合理诉求,143.14
2302,203.14,合理诉求,合理诉求,336.43
2303,590.61,合理诉求,合理诉求,1653.65
2304,78.61,合理诉求,合理诉求,133.34
2305,182.1,诉求偏高,诉求偏高,1485.56
2306,44.45,合理诉求,合理诉求,130.58
2307,297.87,合理诉求,合理诉求,515.87
2308,498.7,合理诉求,合理诉求,1224.98
2309,362.06,合理诉求,合理诉求,1036.82
2310,115.42,合理诉求,合理诉求,295.45
2311,238.97,合理诉求,合理诉求,406.69
2312,373.09,合理诉求,合理诉求,1058.49
2313,241.32,合理诉求,合理诉求,620.34
2314,136.12,合理诉求,合理诉求,302.35
2315,895.11,合理诉求,合理诉求,2260.25
2316,87.62,诉求偏高,诉求偏高,964.87
2317,415.55,合理诉求,合理诉求,1006.99
2318,83.07,合理诉求,合理诉求,132.9
2319,122.81,合理诉求,合理诉求,415.97
2320,353.93,合理诉求,合理诉求,669.99
2321,241.63,合理诉求,合理诉求,434.89
2322,37.8,合理诉求,合理诉求,102.43
2323,373.71,诉求偏高,诉求偏高,2279.77
2324,67.23,诉求偏高,诉求偏高,784.43
2325,374.42,合理诉求,合理诉求,814.12
2326,677.74,合理诉求,合理诉求,1829.74
2327,211.36,合理诉求,合理诉求,583.99
2328,436.79,合理诉求,合理诉求,1114.03
2329,47.55,合理诉求,合理诉求,102.47
2330,379.85,诉求偏高,合理诉求,1126.32
2331,91.53,合理诉求,合理诉求,196.74
2332,108.1,合理诉求,合理诉求,234.29
2333,102.84,合理诉求,合理诉求,187.88
2334,157.94,合理诉求,合理诉求,301.03
2335,84.58,合理诉求,合理诉求,189.03
2336,28.32,合理诉求,合理诉求,105.53
2337,250.88,合理诉求,合理诉求,799.75
2338,504.11,诉求偏高,诉求偏高,2777.52
2339,62.89,合理诉求,合理诉求,106.01
2340,163.93,合理诉求,合理诉求,387.22
2341,185.07,合理诉求,合理诉求,554.85
2342,452.87,合理诉求,合理诉求,1137.45
2343,134.67,合理诉求,合理诉求,244.53
2344,816.39,诉求偏高,诉求偏高,3711.57
2345,212.24,合理诉求,合理诉求,641.23
2346,71.29,诉求偏高,诉求偏高,813.84
2347,391.08,合理诉求,合理诉求,1122.25
2348,94.77,合理诉求,合理诉求,155.54
2349,83.76,合理诉求,合理诉求,195.17
2350,440.18,诉求偏高,合理诉求,1630.07
2351,138.69,合理诉求,合理诉求,369.21
2352,727.95,合理诉求,合理诉求,2015.79
2353,29.49,合理诉求,合理诉求,101.59
2354,354.38,合理诉求,合理诉求,888.06
2355,682.76,合理诉求,合理诉求,1816.59
2356,62.64,合理诉求,合理诉求,173.48
2357,45.25,合理诉求,合理诉求,100.13
2358,19.51,合理诉求,合理诉求,103.1
2359,261.14,合理诉求,合理诉求,763.98
2360,25.49,合理诉求,合理诉求,105.65
2361,384.68,合理诉求,合理诉求,1177.37
2362,23.24,合理诉求,合理诉求,107.19
2363,196.18,合理诉求,合理诉求,493.83
2364,229.25,合理诉求,合理诉求,432.6
2365,284.48,合理诉求,合理诉求,788.93
2366,127.04,合理诉求,合理诉求,278.54
2367,137.98,合理诉求,合理诉求,292.35
2368,67.41,合理诉求,合理诉求,118.68
2369,52.27,合理诉求,合理诉求,132.18
2370,834.08,诉求偏高,诉求偏高,3785.65
2371,74.63,合理诉求,合理诉求,142.93
2372,674.58,合理诉求,合理诉求,1472.82
2373,662.69,合理诉求,合理诉求,1748.62
2374,92.08,诉求偏高,诉求偏高,938.78
2375,161.56,合理诉求,合理诉求,361.3
2376,91.36,合理诉求,合理诉求,220.8
2377,64.12,合理诉求,合理诉求,133.17
2378,171.89,合理诉求,合理诉求,360.78
2379,381.42,合理诉求,合理诉求,1086.83
2380,34.96,合理诉求,合理诉求,108.83
2381,101.18,合理诉求,合理诉求,308.07
2382,175.48,合理诉求,合理诉求,494.78
2383,186.82,合理诉求,合理诉求,342.14
2384,528.24,合理诉求,合理诉求,1190.21
2385,355.76,合理诉求,合理诉求,1174.74
2386,94.33,合理诉求,合理诉求,173.41
2387,58.1,合理诉求,合理诉求,136.4
2388,128.63,合理诉求,合理诉求,284.23
2389,54.33,合理诉求,合理诉求,124.86
2390,184.55,合理诉求,合理诉求,445.75
2391,280.43,合理诉求,合理诉求,683.66
2392,89.07,合理诉求,合理诉求,181.51
2393,412.43,合理诉求,合理诉求,852.02
2394,30.16,合理诉求,合理诉求,105.36
2395,465.05,合理诉求,合理诉求,1184.36
2396,472.6,合理诉求,合理诉求,1071.83
2397,60.13,合理诉求,合理诉求,173.16
2398,446.31,合理诉求,合理诉求,964.72
2399,58.65,合理诉求,合理诉求,124.52
2400,189.62,合理诉求,合理诉求,399.59
2401,247.26,合理诉求,合理诉求,618.44
2402,228.65,合理诉求,合理诉求,434.81
2403,417.9,合理诉求,合理诉求,1109.96
2404,257.36,合理诉求,合理诉求,576.23
2405,81.87,合理诉求,合理诉求,161.64
2406,58.43,合理诉求,合理诉求,129.66
2407,197.28,合理诉求,合理诉求,337.95
2408,525.19,合理诉求,合理诉求,1450.87
2409,362.75,合理诉求,合理诉求,980.24
2410,667.76,合理诉求,合理诉求,1773.11
2411,200.46,合理诉求,合理诉求,301.79
2412,40.5,合理诉求,合理诉求,113.51
2413,192.38,诉求偏高,合理诉求,676.58
2414,783.16,合理诉求,合理诉求,2037.29
2415,133.3,合理诉求,合理诉求,324.24
2416,128.49,合理诉求,合理诉求,294.25
2417,339.2,合理诉求,合理诉求,732.72
2418,378.07,合理诉求,合理诉求,1105.84
2419,530.31,合理诉求,合理诉求,1394.26
2420,18.55,合理诉求,合理诉求,100.85
2421,112.03,合理诉求,合理诉求,268.54
2422,46.74,合理诉求,合理诉求,131.1
2423,260.49,合理诉求,合理诉求,857.89
2424,63.67,合理诉求,合理诉求,107.31
2425,185.32,合理诉求,合理诉求,409.88
2426,45.12,合理诉求,合理诉求,101.48
2427,491.54,合理诉求,合理诉求,1369.44
2428,766.78,合理诉求,合理诉求,2223.83
2429,116.18,诉求偏高,诉求偏高,1094.86
2430,186.18,合理诉求,合理诉求,387.02
2431,852.02,合理诉求,合理诉求,2368.76
2432,123.33,诉求偏高,诉求偏高,988.08
2433,51.43,合理诉求,合理诉求,126.77
2434,51.72,合理诉求,合理诉求,118.34
2435,57.7,合理诉求,合理诉求,150.18
2436,248.6,合理诉求,合理诉求,540.51
2437,66.68,合理诉求,合理诉求,175.16
2438,25.83,合理诉求,合理诉求,100.0
2439,91.27,合理诉求,合理诉求,278.35
2440,68.46,合理诉求,合理诉求,120.43
2441,36.45,合理诉求,合理诉求,104.28
2442,679.32,合理诉求,合理诉求,1834.01
2443,123.05,合理诉求,合理诉求,226.44
2444,627.3,合理诉求,合理诉求,1765.05
2445,84.47,合理诉求,合理诉求,225.26
2446,137.63,合理诉求,合理诉求,292.86
2447,390.05,合理诉求,合理诉求,764.12
2448,103.69,合理诉求,合理诉求,249.02
2449,35.55,合理诉求,合理诉求,108.21
2450,368.51,合理诉求,合理诉求,812.01
2451,254.54,合理诉求,合理诉求,549.96
2452,236.52,合理诉求,合理诉求,573.87
2453,564.63,合理诉求,合理诉求,1460.29
2454,178.57,合理诉求,合理诉求,358.66
2455,183.15,合理诉求,合理诉求,612.38
2456,231.8,诉求偏高,诉求偏高,1674.86
2457,186.52,合理诉求,合理诉求,380.05
2458,134.31,合理诉求,合理诉求,361.78
2459,237.37,合理诉求,合理诉求,386.88
2460,449.49,合理诉求,合理诉求,1215.34
2461,210.05,合理诉求,合理诉求,559.61
2462,363.56,合理诉求,合理诉求,1101.5
2463,432.77,合理诉求,合理诉求,842.35
2464,259.62,诉求偏高,诉求偏高,1885.11
2465,201.92,合理诉求,合理诉求,647.45
2466,46.63,合理诉求,合理诉求,110.92
2467,288.24,合理诉求,合理诉求,728.76
2468,74.88,合理诉求,合理诉求,159.08
2469,250.04,合理诉求,合理诉求,520.85
2470,117.37,合理诉求,合理诉求,256.99
2471,83.34,合理诉求,合理诉求,255.4
2472,585.38,合理诉求,合理诉求,1397.19
2473,87.82,合理诉求,合理诉求,286.1
2474,608.94,合理诉求,合理诉求,2144.58
2475,168.21,合理诉求,合理诉求,566.79
2476,319.43,合理诉求,合理诉求,825.67
2477,124.88,合理诉求,合理诉求,202.58
2478,71.85,合理诉求,合理诉求,140.88
2479,567.12,合理诉求,合理诉求,1428.3
2480,208.12,诉求偏高,合理诉求,657.22
2481,447.55,诉求偏高,合理诉求,984.36
2482,47.79,合理诉求,合理诉求,135.39
2483,41.87,合理诉求,合理诉求,106.75
2484,334.17,合理诉求,合理诉求,890.78
2485,51.44,合理诉求,合理诉求,127.32
2486,115.59,合理诉求,合理诉求,164.04
2487,63.45,合理诉求,合理诉求,175.56
2488,469.85,合理诉求,合理诉求,1205.5
2489,76.92,合理诉求,合理诉求,174.68
2490,105.82,合理诉求,合理诉求,236.59
2491,30.68,合理诉求,合理诉求,107.43
2492,212.69,合理诉求,合理诉求,548.44
2493,312.17,合理诉求,合理诉求,730.11
2494,64.36,合理诉求,合理诉求,130.32
2495,117.19,诉求偏高,诉求偏高,1006.19
2496,116.64,合理诉求,合理诉求,190.69
2497,665.27,合理诉求,合理诉求,1279.23
2498,592.22,合理诉求,合理诉求,1612.17
2499,435.5,合理诉求,合理诉求,800.93
2500,98.6,合理诉求,合理诉求,249.26
2501,64.14,合理诉求,合理诉求,147.36
2502,417.97,合理诉求,合理诉求,884.52
2503,307.53,合理诉求,合理诉求,737.93
2504,178.37,合理诉求,合理诉求,327.28
2505,169.51,合理诉求,合理诉求,282.65
2506,158.58,诉求偏高,诉求偏高,1292.59
2507,115.94,合理诉求,合理诉求,330.63
2508,312.94,合理诉求,合理诉求,580.38
2509,321.89,合理诉求,合理诉求,985.85
2510,154.59,严重超额,诉求偏高,1323.1
2511,145.75,合理诉求,合理诉求,316.1
2512,265.04,合理诉求,合理诉求,721.71
2513,119.59,合理诉求,合理诉求,270.76
2514,591.29,合理诉求,合理诉求,1259.53
2515,484.72,合理诉求,合理诉求,938.63
2516,191.57,合理诉求,合理诉求,387.19
2517,42.35,合理诉求,合理诉求,101.57
2518,38.51,合理诉求,合理诉求,101.34
2519,557.64,合理诉求,合理诉求,1506.25
2520,137.41,合理诉求,合理诉求,237.13
2521,93.02,合理诉求,合理诉求,178.72
2522,215.42,合理诉求,合理诉求,539.51
2523,326.38,合理诉求,合理诉求,772.01
2524,188.68,合理诉求,合理诉求,461.61
2525,244.74,合理诉求,合理诉求,560.05
2526,1060.83,诉求偏高,诉求偏高,4740.18
2527,94.94,诉求偏高,诉求偏高,971.14
2528,103.18,诉求偏高,诉求偏高,1140.71
2529,95.41,合理诉求,合理诉求,223.74
2530,176.35,合理诉求,合理诉求,366.5
2531,346.77,合理诉求,合理诉求,948.59
2532,229.27,诉求偏高,诉求偏高,1533.04
2533,215.21,合理诉求,合理诉求,485.44
2534,841.74,合理诉求,合理诉求,2160.83
2535,256.56,诉求偏高,诉求偏高,1783.44
2536,311.26,诉求偏高,诉求偏高,1906.6
2537,26.51,合理诉求,合理诉求,100.1
2538,843.05,诉求偏高,诉求偏高,3586.89
2539,124.7,合理诉求,合理诉求,191.74
2540,30.41,合理诉求,合理诉求,110.58
2541,268.48,合理诉求,合理诉求,744.68
2542,398.04,合理诉求,合理诉求,846.62
2543,24.49,合理诉求,合理诉求,100.04
2544,549.41,严重超额,诉求偏高,2835.98
2545,197.66,合理诉求,合理诉求,452.57
2546,194.95,合理诉求,合理诉求,540.64
2547,464.2,合理诉求,合理诉求,1141.16
2548,106.46,合理诉求,合理诉求,184.33
2549,271.47,合理诉求,合理诉求,706.35
2550,50.78,合理诉求,合理诉求,128.46
2551,184.35,诉求偏高,诉求偏高,1495.97
2552,43.6,合理诉求,合理诉求,166.19
2553,904.84,合理诉求,合理诉求,2412.3
2554,543.85,合理诉求,合理诉求,1373.66
2555,11.39,合理诉求,合理诉求,101.71
2556,708.4,合理诉求,合理诉求,2085.68
2557,202.66,诉求偏高,诉求偏高,1616.53
2558,131.9,诉求偏高,诉求偏高,1034.11
2559,77.62,合理诉求,合理诉求,179.92
2560,219.92,合理诉求,合理诉求,395.16
2561,403.13,合理诉求,合理诉求,1081.67
2562,55.15,合理诉求,合理诉求,108.55
2563,78.64,合理诉求,合理诉求,152.61
2564,455.2,严重超额,诉求偏高,2616.82
2565,624.33,合理诉求,合理诉求,1621.1
2566,198.64,合理诉求,合理诉求,303.36
2567,136.83,合理诉求,合理诉求,273.56
2568,248.97,合理诉求,合理诉求,831.58
2569,168.28,合理诉求,合理诉求,398.39
2570,211.86,合理诉求,合理诉求,579.29
2571,217.01,合理诉求,合理诉求,524.96
2572,255.83,合理诉求,合理诉求,554.44
2573,396.16,合理诉求,合理诉求,1032.56
2574,50.14,合理诉求,合理诉求,100.29
2575,28.17,合理诉求,合理诉求,100.8
2576,478.01,合理诉求,合理诉求,1061.52
2577,269.45,合理诉求,合理诉求,583.42
2578,136.88,合理诉求,合理诉求,379.56
2579,72.12,合理诉求,合理诉求,186.88
2580,368.79,合理诉求,合理诉求,677.93
2581,462.1,合理诉求,合理诉求,1348.06
2582,250.71,诉求偏高,合理诉求,594.07
2583,186.61,合理诉求,合理诉求,330.65
2584,53.41,合理诉求,合理诉求,152.86
2585,42.42,合理诉求,合理诉求,102.82
2586,90.28,合理诉求,合理诉求,217.62
2587,86.89,合理诉求,合理诉求,231.36
2588,51.26,合理诉求,合理诉求,120.5
2589,46.76,合理诉求,合理诉求,135.09
2590,287.44,合理诉求,合理诉求,852.82
2591,351.87,合理诉求,合理诉求,974.09
2592,157.75,合理诉求,合理诉求,283.74
2593,159.39,合理诉求,合理诉求,492.59
2594,86.9,合理诉求,合理诉求,233.54
2595,606.24,合理诉求,合理诉求,1574.28
2596,1124.79,合理诉求,合理诉求,2948.15
2597,172.96,合理诉求,合理诉求,290.61
2598,141.8,合理诉求,合理诉求,314.41
2599,46.97,合理诉求,合理诉求,147.16
2600,596.32,合理诉求,合理诉求,1722.85
2601,54.89,合理诉求,合理诉求,100.9
2602,130.74,合理诉求,合理诉求,288.74
2603,381.52,合理诉求,合理诉求,609.47
2604,535.51,合理诉求,合理诉求,1473.74
2605,149.96,诉求偏高,诉求偏高,1332.68
2606,299.65,合理诉求,合理诉求,691.45
2607,263.62,合理诉求,合理诉求,538.32
2608,77.51,合理诉求,合理诉求,138.21
2609,39.15,合理诉求,合理诉求,109.1
2610,512.18,合理诉求,合理诉求,996.09
2611,545.78,合理诉求,合理诉求,1480.89
2612,240.88,合理诉求,合理诉求,524.33
2613,214.42,合理诉求,合理诉求,406.62
2614,94.69,合理诉求,合理诉求,200.65
2615,400.27,合理诉求,合理诉求,1055.69
2616,212.12,合理诉求,合理诉求,577.44
2617,25.43,合理诉求,合理诉求,104.42
2618,247.99,合理诉求,合理诉求,330.85
2619,79.04,合理诉求,合理诉求,213.92
2620,46.4,合理诉求,合理诉求,142.41
2621,643.71,诉求偏高,诉求偏高,3201.21
2622,439.47,诉求偏高,诉求偏高,2349.56
2623,652.01,合理诉求,合理诉求,1895.01
2624,11.53,合理诉求,合理诉求,100.12
2625,124.66,合理诉求,合理诉求,263.7
2626,93.68,合理诉求,合理诉求,192.52
2627,64.75,合理诉求,合理诉求,122.2
2628,502.25,合理诉求,合理诉求,1291.55
2629,119.2,合理诉求,合理诉求,201.87
2630,379.76,合理诉求,合理诉求,991.17
2631,495.68,诉求偏高,诉求偏高,2629.15
2632,211.08,合理诉求,合理诉求,555.97
2633,85.76,合理诉求,合理诉求,222.42
2634,380.3,合理诉求,合理诉求,1079.21
2635,46.85,合理诉求,合理诉求,123.01
2636,211.21,合理诉求,合理诉求,459.7
2637,154.66,合理诉求,合理诉求,375.16
2638,345.44,合理诉求,合理诉求,832.22
2639,49.86,合理诉求,合理诉求,114.95
2640,245.96,合理诉求,合理诉求,418.24
2641,265.54,合理诉求,合理诉求,658.33
2642,586.94,合理诉求,合理诉求,1317.9
2643,120.91,合理诉求,合理诉求,232.75
2644,339.44,合理诉求,合理诉求,692.2
2645,302.69,合理诉求,合理诉求,610.25
2646,408.61,诉求偏高,诉求偏高,2471.56
2647,58.36,合理诉求,合理诉求,143.53
2648,238.64,合理诉求,合理诉求,790.46
2649,141.1,诉求偏高,诉求偏高,1349.78
2650,219.1,诉求偏高,诉求偏高,1647.14
2651,294.59,合理诉求,合理诉求,769.2
2652,239.65,合理诉求,合理诉求,554.8
2653,1045.16,合理诉求,合理诉求,2754.28
2654,186.54,合理诉求,合理诉求,361.82
2655,178.39,合理诉求,合理诉求,272.91
2656,178.22,合理诉求,合理诉求,378.23
2657,122.43,诉求偏高,诉求偏高,1133.45
2658,319.78,诉求偏高,诉求偏高,2105.42
2659,34.34,合理诉求,合理诉求,127.1
2660,519.51,合理诉求,合理诉求,1303.19
2661,396.29,合理诉求,合理诉求,1069.71
2662,170.08,合理诉求,合理诉求,375.33
2663,53.16,合理诉求,合理诉求,159.49
2664,132.61,合理诉求,合理诉求,281.47
2665,105.28,诉求偏高,诉求偏高,1148.25
2666,80.3,合理诉求,合理诉求,144.49
2667,554.8,合理诉求,合理诉求,1028.02
2668,124.24,合理诉求,合理诉求,292.72
2669,279.43,合理诉求,合理诉求,582.43
2670,122.8,诉求偏高,诉求偏高,1013.52
2671,127.49,诉求偏高,诉求偏高,1018.05
2672,233.05,合理诉求,合理诉求,502.36
2673,68.31,合理诉求,合理诉求,120.87
2674,478.28,合理诉求,合理诉求,1397.4
2675,126.63,合理诉求,合理诉求,242.08
2676,287.72,诉求偏高,诉求偏高,1859.92
2677,79.21,合理诉求,合理诉求,161.08
2678,201.59,合理诉求,合理诉求,694.53
2679,147.16,合理诉求,合理诉求,354.9
2680,1065.14,诉求偏高,诉求偏高,4552.62
2681,40.3,合理诉求,合理诉求,103.95
2682,92.43,合理诉求,合理诉求,251.02
2683,223.26,诉求偏高,合理诉求,664.75
2684,163.52,诉求偏高,合理诉求,582.73
2685,391.85,合理诉求,合理诉求,827.72
2686,726.75,合理诉求,合理诉求,2146.41
2687,108.38,合理诉求,合理诉求,162.84
2688,1050.6,合理诉求,合理诉求,2778.5
2689,437.09,合理诉求,合理诉求,741.68
2690,157.03,合理诉求,合理诉求,314.94
2691,412.67,合理诉求,合理诉求,1367.23
2692,396.6,合理诉求,合理诉求,1083.84
2693,525.98,合理诉求,合理诉求,1117.45
2694,50.4,合理诉求,合理诉求,116.2
2695,196.07,合理诉求,合理诉求,477.7
2696,137.9,合理诉求,合理诉求,341.91
2697,254.06,合理诉求,合理诉求,680.9
2698,608.52,合理诉求,合理诉求,1766.5
2699,295.14,合理诉求,合理诉求,697.74
2700,148.41,合理诉求,合理诉求,268.93
2701,107.47,合理诉求,合理诉求,352.72
2702,109.92,合理诉求,合理诉求,270.81
2703,210.21,合理诉求,合理诉求,631.64
2704,352.74,合理诉求,合理诉求,869.69
2705,684.34,合理诉求,合理诉求,1532.74
2706,142.74,合理诉求,合理诉求,518.1
2707,367.42,合理诉求,合理诉求,1096.19
2708,95.5,合理诉求,合理诉求,215.24
2709,210.29,合理诉求,合理诉求,476.05
2710,208.62,合理诉求,合理诉求,449.26
2711,651.19,合理诉求,合理诉求,1597.91
2712,58.91,合理诉求,合理诉求,175.27
2713,159.9,合理诉求,合理诉求,579.52
2714,44.05,合理诉求,合理诉求,124.51
2715,82.24,合理诉求,合理诉求,185.42
2716,267.13,合理诉求,合理诉求,576.05
2717,58.19,合理诉求,合理诉求,141.01
2718,427.46,合理诉求,合理诉求,838.04
2719,111.05,合理诉求,合理诉求,229.27
2720,823.91,诉求偏高,诉求偏高,3706.48
2721,156.04,合理诉求,合理诉求,267.73
2722,207.08,诉求偏高,合理诉求,602.63
2723,65.04,合理诉求,合理诉求,127.36
2724,280.39,合理诉求,合理诉求,817.77
2725,80.4,合理诉求,合理诉求,120.4
2726,333.65,合理诉求,合理诉求,667.39
2727,187.97,合理诉求,合理诉求,405.69
2728,342.67,合理诉求,合理诉求,646.84
2729,698.59,诉求偏高,诉求偏高,3140.65
2730,474.49,合理诉求,合理诉求,953.38
2731,226.64,诉求偏高,诉求偏高,1520.28
2732,334.16,合理诉求,合理诉求,723.08
2733,161.67,合理诉求,合理诉求,419.17
2734,457.12,合理诉求,合理诉求,1031.52
2735,338.91,诉求偏高,诉求偏高,2036.66
2736,140.37,合理诉求,合理诉求,340.99
2737,328.45,合理诉求,合理诉求,936.18
2738,23.77,合理诉求,合理诉求,105.57
2739,90.84,合理诉求,合理诉求,130.39
2740,477.27,合理诉求,合理诉求,1440.53
2741,189.74,合理诉求,合理诉求,447.09
2742,235.07,合理诉求,合理诉求,543.58
2743,173.88,合理诉求,合理诉求,375.33
2744,82.15,合理诉求,合理诉求,147.89
2745,226.16,合理诉求,合理诉求,541.01
2746,586.97,合理诉求,合理诉求,1707.3
2747,100.53,合理诉求,合理诉求,171.9
2748,114.02,合理诉求,合理诉求,186.78
2749,182.46,合理诉求,合理诉求,335.19
2750,124.59,合理诉求,合理诉求,212.76
2751,439.18,合理诉求,合理诉求,1116.73
2752,222.52,合理诉求,合理诉求,515.81
2753,302.98,合理诉求,合理诉求,696.35
2754,223.41,合理诉求,合理诉求,661.17
2755,635.28,合理诉求,合理诉求,1768.1
2756,824.73,合理诉求,合理诉求,2178.83
2757,218.27,合理诉求,合理诉求,575.19
2758,136.69,合理诉求,合理诉求,251.84
2759,296.97,合理诉求,合理诉求,865.1
2760,239.19,合理诉求,合理诉求,437.26
2761,18.82,合理诉求,合理诉求,102.88
2762,86.03,合理诉求,合理诉求,155.27
2763,100.59,合理诉求,合理诉求,181.58
2764,90.83,合理诉求,合理诉求,264.72
2765,65.44,合理诉求,合理诉求,122.31
2766,96.66,合理诉求,合理诉求,207.77
2767,208.76,合理诉求,合理诉求,538.7
2768,546.28,合理诉求,合理诉求,1335.62
2769,857.3,诉求偏高,诉求偏高,3807.45
2770,194.93,合理诉求,合理诉求,384.72
2771,57.72,合理诉求,合理诉求,136.77
2772,176.54,合理诉求,合理诉求,415.29
2773,885.13,合理诉求,合理诉求,2209.79
2774,482.95,合理诉求,合理诉求,1206.17
2775,279.94,合理诉求,合理诉求,720.91
2776,272.61,合理诉求,合理诉求,751.87
2777,311.09,合理诉求,合理诉求,715.73
2778,66.48,合理诉求,合理诉求,162.16
2779,258.9,合理诉求,合理诉求,427.23
2780,57.6,合理诉求,合理诉求,165.32
2781,39.18,合理诉求,合理诉求,126.63
2782,216.29,合理诉求,合理诉求,450.12
2783,573.32,合理诉求,合理诉求,1589.24
2784,562.47,诉求偏高,诉求偏高,2871.49
2785,1023.81,合理诉求,合理诉求,2316.97
2786,281.39,合理诉求,合理诉求,910.7
2787,401.3,合理诉求,合理诉求,953.53
2788,363.05,合理诉求,合理诉求,984.99
2789,526.9,合理诉求,合理诉求,1027.54
2790,102.62,合理诉求,合理诉求,339.8
2791,224.72,诉求偏高,合理诉求,775.0
2792,106.31,合理诉求,合理诉求,196.61
