运单号,索赔金额,ŷ
1,680.57,213.95
2,723.25,245.22
3,1551.5,747.44
4,727.31,229.51
5,100.13,14.58
6,382.99,173.5
7,477.56,234.24
8,501.78,307.29
9,427.56,285.71
10,648.87,328.03
11,739.54,334.82
12,462.13,256.52
13,111.84,57.52
14,930.76,519.15
15,468.61,261.22
16,223.01,106.91
17,691.73,301.42
18,1370.93,205.78
19,823.43,324.81
20,264.75,102.68
21,501.16,220.79
22,167.42,98.09
23,405.0,164.52
24,501.35,240.46
25,603.9,257.54
26,295.92,122.07
27,116.02,32.27
28,1100.42,555.83
29,349.47,146.31
30,189.76,85.68
31,2149.64,882.01
32,1670.65,695.26
33,1947.19,890.07
34,230.77,156.08
35,374.36,109.36
36,1603.54,685.51
37,205.61,106.02
38,3142.05,1320.72
39,3240.37,776.01
40,350.54,240.14
41,112.05,51.5
42,146.36,69.23
43,340.35,126.76
44,399.92,125.03
45,467.19,244.75
46,819.69,87.83
47,117.2,43.53
48,1159.64,135.19
49,1838.27,826.18
50,136.94,56.58
51,103.2,21.57
52,916.12,460.49
53,135.04,50.01
54,1147.48,144.9
55,327.15,176.9
56,703.26,309.12
57,1816.55,328.03
58,213.38,68.87
59,351.34,84.33
60,1206.53,553.91
61,1802.67,845.02
62,2050.91,903.72
63,1310.43,675.5
64,585.25,214.56
65,375.3,190.74
66,140.86,64.26
67,2114.11,906.91
68,1645.02,269.39
69,204.4,103.67
70,149.17,54.74
71,550.55,219.46
72,2517.22,525.63
73,433.37,221.39
74,1452.0,208.55
75,1000.23,123.05
76,761.32,332.33
77,355.81,157.54
78,481.75,225.05
79,509.84,328.25
80,805.52,341.05
81,1531.61,712.07
82,472.55,196.31
83,136.08,38.13
84,100.22,25.5
85,687.56,208.8
86,318.53,144.57
87,833.1,423.34
88,1181.5,145.97
89,401.07,232.12
90,3152.46,1369.83
91,943.15,461.13
92,1118.86,414.18
93,127.79,36.37
94,319.07,111.6
95,100.55,17.07
96,450.81,252.44
97,410.25,238.58
98,1333.9,224.65
99,1442.32,735.64
100,357.55,141.28
101,848.61,389.84
102,786.33,397.46
103,1578.62,688.76
104,215.81,80.37
105,1017.18,454.52
106,108.0,28.07
107,3009.4,700.5
108,342.95,161.93
109,722.95,462.82
110,628.46,258.0
111,358.27,151.62
112,177.09,93.48
113,335.56,204.24
114,1618.19,779.8
115,1352.19,189.53
116,173.6,71.17
117,711.23,259.87
118,2639.47,541.94
119,538.0,270.12
120,2878.06,634.01
121,645.7,258.48
122,106.77,42.49
123,120.06,38.82
124,1021.71,354.71
125,106.02,26.56
126,247.26,109.84
127,344.39,191.66
128,135.79,64.39
129,676.26,240.84
130,469.81,251.93
131,313.36,154.75
132,100.05,35.99
133,1159.56,527.85
134,369.95,171.05
135,754.76,417.61
136,136.14,60.94
137,838.51,434.66
138,528.72,180.64
139,506.41,248.52
140,100.19,25.67
141,1382.59,518.55
142,501.82,241.08
143,300.8,124.51
144,1815.2,880.01
145,914.34,418.09
146,3155.17,742.73
147,1118.01,502.62
148,587.68,318.97
149,1221.89,532.89
150,554.32,194.58
151,1495.16,643.49
152,1003.57,518.83
153,107.22,31.51
154,2021.85,911.58
155,377.88,173.64
156,2244.97,404.72
157,1391.94,705.26
158,658.54,310.15
159,390.29,146.01
160,120.64,52.02
161,610.5,240.72
162,1180.33,139.57
163,857.63,495.56
164,750.54,276.09
165,269.95,157.16
166,149.42,75.0
167,103.14,17.18
168,276.33,99.43
169,276.98,116.79
170,116.5,34.51
171,102.09,35.65
172,672.3,400.65
173,470.55,138.51
174,921.25,457.81
175,446.39,262.1
176,1679.69,770.2
177,898.57,97.76
178,2191.06,1038.24
179,1128.51,544.86
180,4420.58,1052.1
181,1007.66,401.91
182,2162.11,864.1
183,170.79,73.23
184,834.22,81.05
185,388.12,183.3
186,369.22,153.02
187,1346.59,626.14
188,637.32,257.89
189,448.93,225.86
190,487.29,234.51
191,157.16,91.94
192,1066.52,422.83
193,1518.58,735.76
194,1216.14,534.38
195,2381.77,1037.26
196,721.1,303.78
197,2159.42,1007.79
198,1485.27,683.18
199,354.58,171.55
200,576.23,180.83
201,1088.94,560.98
202,1286.77,682.63
203,1879.75,311.48
204,1001.22,354.63
205,214.45,90.11
206,101.78,50.37
207,592.68,262.32
208,395.52,171.48
209,157.45,68.2
210,136.83,52.9
211,156.73,61.94
212,955.06,325.59
213,723.94,315.37
214,726.72,270.45
215,105.01,39.78
216,425.95,227.95
217,247.68,121.97
218,1402.78,670.37
219,454.84,197.15
220,1559.07,710.34
221,597.29,249.48
222,1022.24,140.51
223,254.62,156.1
224,307.07,193.93
225,3298.93,795.79
226,1657.23,273.77
227,592.48,261.69
228,112.63,64.91
229,1172.33,458.22
230,992.32,429.34
231,530.62,250.27
232,248.62,133.52
233,198.05,106.67
234,2548.56,536.92
235,1839.39,308.9
236,1440.61,651.68
237,267.93,139.18
238,964.33,401.8
239,758.5,83.68
240,179.59,101.92
241,1417.47,611.56
242,981.64,522.55
243,196.4,98.44
244,147.9,76.94
245,1018.84,470.83
246,442.06,218.91
247,1837.16,797.73
248,163.08,86.0
249,754.46,387.89
250,208.29,94.59
251,228.02,106.73
252,182.23,103.07
253,194.25,75.16
254,1378.7,606.76
255,1299.94,643.6
256,1041.84,433.74
257,235.8,64.48
258,120.06,50.56
259,344.52,190.12
260,1207.82,497.56
261,1193.16,436.3
262,818.23,398.18
263,108.33,38.27
264,213.14,112.41
265,279.37,102.3
266,155.39,89.71
267,244.62,99.7
268,192.06,108.51
269,1761.76,302.06
270,3263.18,1421.95
271,669.75,202.71
272,380.37,219.61
273,478.03,248.61
274,359.61,171.84
275,326.14,152.2
276,796.68,86.34
277,833.16,414.59
278,548.77,228.43
279,135.18,44.45
280,507.47,215.05
281,323.67,77.35
282,1263.13,176.45
283,944.64,427.16
284,1676.49,702.42
285,100.16,14.77
286,245.43,94.97
287,2200.04,1003.79
288,141.68,51.01
289,448.89,155.25
290,122.1,34.31
291,103.33,31.18
292,848.53,307.51
293,195.59,111.13
294,113.28,34.27
295,119.25,63.28
296,431.91,265.25
297,1085.82,477.01
298,377.35,209.46
299,141.72,38.93
300,5424.79,1018.69
301,715.34,297.89
302,2453.0,1023.41
303,103.17,60.42
304,1815.21,848.29
305,1072.04,431.46
306,1190.6,470.4
307,947.1,387.49
308,104.8,27.61
309,743.22,306.27
310,726.42,270.91
311,227.39,128.4
312,934.52,387.17
313,137.88,60.93
314,1011.04,471.47
315,1637.11,737.12
316,221.47,105.22
317,326.96,118.84
318,1027.46,509.39
319,751.25,381.43
320,129.47,36.02
321,181.64,61.03
322,280.1,168.67
323,563.15,215.74
324,100.53,41.9
325,1128.97,491.19
326,141.01,91.54
327,3032.13,682.02
328,894.6,368.03
329,121.29,84.47
330,292.82,176.42
331,236.91,143.58
332,2270.08,1004.7
333,528.76,163.08
334,361.81,134.63
335,1224.49,586.47
336,531.74,298.59
337,1054.49,417.34
338,454.02,158.48
339,588.32,310.39
340,560.27,187.7
341,318.81,149.25
342,1169.67,449.32
343,512.34,277.96
344,263.3,118.69
345,779.56,265.0
346,167.15,81.33
347,274.26,146.47
348,364.59,151.52
349,327.33,192.08
350,331.7,172.34
351,241.39,103.96
352,143.69,79.05
353,1496.58,695.17
354,434.64,201.26
355,1873.62,822.6
356,3596.33,1313.01
357,106.61,35.9
358,399.42,155.68
359,108.9,44.63
360,543.76,272.66
361,364.3,185.39
362,277.2,132.79
363,1006.22,128.78
364,972.36,458.46
365,771.07,442.38
366,2080.9,900.57
367,120.18,57.38
368,173.51,67.81
369,2772.67,1224.01
370,682.63,355.5
371,1174.17,506.31
372,303.8,126.73
373,200.1,103.67
374,1051.83,494.3
375,318.96,173.54
376,1276.57,185.6
377,1091.15,455.36
378,703.34,317.61
379,226.01,139.57
380,658.69,333.12
381,380.44,198.72
382,438.06,206.79
383,516.49,280.56
384,969.09,120.24
385,1113.02,574.46
386,763.25,301.4
387,869.31,374.45
388,811.04,465.89
389,160.08,86.68
390,690.38,227.84
391,3022.54,1367.23
392,261.27,133.91
393,2324.35,993.38
394,732.35,249.71
395,680.81,367.24
396,920.86,96.11
397,859.88,447.09
398,1749.48,300.36
399,168.91,67.41
400,421.9,189.62
401,983.82,417.48
402,420.91,221.77
403,1005.41,125.29
404,973.86,431.92
405,175.47,62.15
406,1440.61,211.24
407,447.94,255.2
408,129.23,67.1
409,102.4,36.79
410,1522.56,267.64
411,676.58,332.79
412,507.9,148.26
413,781.37,292.03
414,1515.12,671.47
415,373.85,165.18
416,231.29,96.65
417,446.29,237.22
418,3625.8,927.15
419,1173.58,479.33
420,114.21,32.95
421,297.05,139.43
422,298.14,130.63
423,100.99,20.21
424,1136.78,453.72
425,314.92,136.46
426,1360.22,671.91
427,113.75,51.13
428,100.03,21.11
429,151.29,80.85
430,464.51,164.97
431,338.78,154.94
432,430.87,216.12
433,413.62,249.29
434,1780.66,287.02
435,492.67,173.78
436,1084.76,470.69
437,321.08,161.76
438,119.49,40.54
439,222.95,117.94
440,589.52,251.61
441,2308.63,1089.59
442,824.5,98.11
443,274.17,97.78
444,447.49,243.23
445,919.92,340.43
446,584.75,246.01
447,353.23,131.63
448,951.33,402.39
449,1210.23,638.15
450,763.92,417.9
451,2438.69,472.14
452,291.12,117.82
453,102.82,19.34
454,1212.84,149.53
455,566.21,252.98
456,849.36,360.18
457,1049.51,475.39
458,1277.1,622.9
459,172.54,76.12
460,403.94,226.52
461,1299.11,583.44
462,189.69,79.6
463,705.97,334.91
464,1992.14,890.99
465,206.05,104.48
466,364.91,195.98
467,2207.15,404.99
468,181.56,94.57
469,749.04,290.96
470,790.35,370.7
471,136.42,59.06
472,573.71,309.48
473,410.57,205.11
474,190.62,88.66
475,1312.3,197.15
476,359.24,224.97
477,2139.87,848.54
478,1016.2,142.59
479,104.9,34.48
480,1634.8,278.13
481,543.59,111.62
482,1214.04,450.48
483,645.93,285.25
484,1686.12,706.32
485,121.23,42.05
486,1151.15,591.33
487,1754.06,779.0
488,1653.2,763.33
489,820.78,300.45
490,1942.73,880.87
491,813.77,279.05
492,256.43,162.2
493,1274.66,599.78
494,115.56,42.33
495,982.05,461.09
496,1058.3,469.91
497,365.15,166.96
498,100.42,15.09
499,681.2,322.7
500,459.6,151.64
501,960.91,119.31
502,376.53,168.35
503,917.5,468.06
504,2091.32,979.98
505,1935.84,823.64
506,594.67,169.98
507,623.43,291.42
508,164.66,56.46
509,240.08,143.34
510,1531.5,777.03
511,146.97,46.92
512,903.92,397.34
513,291.32,149.19
514,1377.24,662.61
515,1863.7,839.91
516,3155.72,765.43
517,822.95,436.36
518,144.39,55.76
519,511.82,280.61
520,3414.75,1418.25
521,313.83,147.74
522,4011.57,944.15
523,158.81,88.94
524,238.12,105.76
525,457.59,259.49
526,100.2,33.88
527,1427.76,700.25
528,660.89,335.04
529,371.08,186.6
530,504.86,235.04
531,807.61,398.52
532,110.5,26.83
533,182.86,90.29
534,189.48,72.5
535,811.48,416.82
536,2992.28,694.61
537,721.14,220.46
538,1486.32,212.97
539,1356.67,625.56
540,517.98,233.84
541,105.67,42.72
542,140.91,40.29
543,2956.6,684.46
544,512.38,275.94
545,603.18,330.04
546,178.73,76.04
547,122.22,54.96
548,428.4,202.52
549,106.24,51.51
550,400.62,190.31
551,199.99,100.96
552,494.93,251.91
553,1102.03,432.6
554,539.14,167.46
555,1080.47,463.78
556,371.88,179.15
557,637.62,291.61
558,139.15,77.59
559,470.34,213.65
560,238.88,96.59
561,258.29,117.79
562,100.25,12.28
563,783.14,386.12
564,103.83,36.6
565,3219.92,806.91
566,625.81,352.38
567,1586.84,763.93
568,639.38,282.77
569,333.73,116.42
570,672.91,240.96
571,410.88,248.86
572,164.41,79.61
573,395.86,176.03
574,3427.32,869.63
575,783.04,322.63
576,1501.27,710.08
577,225.36,92.02
578,1418.71,208.65
579,146.88,72.75
580,118.42,59.01
581,158.77,43.58
582,2112.36,388.48
583,298.92,156.43
584,4501.5,1042.25
585,1030.87,547.49
586,699.39,354.81
587,2751.68,617.32
588,1453.66,203.05
589,780.52,288.56
590,770.18,403.56
591,1648.08,671.01
592,2791.16,613.57
593,522.53,177.75
594,959.91,396.98
595,738.4,276.88
596,1776.82,281.83
597,127.05,54.47
598,126.1,63.54
599,2167.52,991.48
600,550.52,328.84
601,517.89,197.49
602,1060.79,519.77
603,493.47,275.08
604,487.79,267.41
605,113.36,68.63
606,2403.56,1004.44
607,2823.94,610.92
608,2601.95,1035.51
609,447.65,274.26
610,666.76,431.97
611,352.89,210.65
612,1119.05,417.12
613,298.08,119.86
614,344.97,172.35
615,290.37,140.22
616,1066.75,408.81
617,329.76,135.1
618,446.06,181.29
619,702.3,438.42
620,137.4,67.86
621,681.88,306.52
622,155.67,32.0
623,150.94,70.96
624,785.65,324.66
625,165.32,95.11
626,1194.16,514.15
627,1409.24,655.17
628,100.21,14.43
629,234.32,60.25
630,1131.12,493.63
631,201.5,80.95
632,630.34,194.1
633,2019.41,388.07
634,151.54,84.69
635,1538.14,249.93
636,117.31,44.14
637,1102.28,491.68
638,729.54,341.91
639,609.58,243.52
640,372.49,116.77
641,288.87,156.68
642,228.26,127.74
643,1845.84,858.77
644,1841.09,817.89
645,995.51,435.84
646,1477.78,203.58
647,941.38,513.88
648,1028.36,429.07
649,483.45,202.16
650,441.69,231.15
651,358.9,146.05
652,800.39,428.1
653,341.21,195.7
654,104.97,33.68
655,110.15,55.69
656,301.22,103.76
657,776.39,468.49
658,189.12,90.67
659,541.66,173.57
660,999.4,568.55
661,1021.71,395.33
662,2593.19,1071.19
663,488.94,247.7
664,361.4,224.65
665,783.4,252.32
666,320.62,134.59
667,323.65,187.59
668,561.62,212.52
669,100.35,44.59
670,1113.68,556.6
671,564.25,214.46
672,790.01,353.01
673,544.97,167.95
674,1383.47,641.25
675,475.22,233.81
676,468.22,240.12
677,330.36,166.53
678,504.88,245.35
679,129.34,39.45
680,288.32,118.86
681,101.92,16.6
682,129.29,60.97
683,804.69,264.77
684,252.37,139.16
685,313.31,126.22
686,102.11,17.52
687,333.0,151.22
688,214.88,81.91
689,469.49,161.48
690,503.79,258.34
691,846.13,402.45
692,991.5,363.01
693,2743.03,632.95
694,1543.5,726.6
695,163.08,99.55
696,220.83,117.93
697,412.12,154.21
698,135.98,44.93
699,121.85,70.84
700,1858.58,829.76
701,472.48,231.87
702,2757.43,622.02
703,348.57,256.84
704,681.38,442.14
705,472.53,157.07
706,269.5,125.49
707,106.08,28.85
708,593.86,173.97
709,649.44,311.98
710,647.98,356.59
711,1067.54,491.03
712,2157.84,949.83
713,358.41,136.64
714,101.12,9.95
715,393.83,280.64
716,2427.94,1073.81
717,542.87,220.23
718,741.54,367.74
719,150.33,73.28
720,976.99,351.42
721,378.02,234.12
722,272.68,117.82
723,745.98,305.34
724,511.46,242.78
725,595.52,220.16
726,119.18,62.68
727,724.98,288.6
728,104.16,18.25
729,691.04,255.31
730,2759.11,1179.93
731,195.57,150.23
732,1041.86,467.74
733,901.98,360.87
734,100.59,19.55
735,988.67,422.15
736,104.77,26.7
737,2972.08,1253.95
738,894.27,442.46
739,311.45,192.74
740,2021.71,895.48
741,793.65,336.88
742,1033.52,506.08
743,263.22,175.9
744,780.23,331.15
745,1101.81,435.51
746,3142.36,761.86
747,671.31,362.54
748,511.66,240.43
749,180.62,69.06
750,467.5,272.83
751,470.17,177.2
752,802.04,361.0
753,832.08,493.37
754,224.94,155.03
755,100.69,46.01
756,1386.49,632.36
757,630.39,247.38
758,1792.0,815.36
759,752.13,299.28
760,204.97,139.04
761,969.33,499.44
762,434.68,186.06
763,101.04,31.82
764,217.06,114.91
765,147.39,62.4
766,759.39,405.07
767,207.94,117.71
768,2454.14,482.98
769,956.06,391.03
770,426.96,206.02
771,268.32,146.7
772,1182.28,455.15
773,536.21,245.78
774,168.86,83.87
775,541.14,226.83
776,100.13,16.6
777,756.42,390.31
778,284.22,162.64
779,464.69,291.22
780,363.44,182.23
781,167.92,83.65
782,1869.76,832.22
783,513.75,197.28
784,997.72,374.38
785,117.95,29.09
786,1394.97,662.5
787,113.42,39.86
788,130.21,55.89
789,379.48,147.83
790,721.2,343.2
791,932.41,491.74
792,849.42,88.85
793,211.86,82.21
794,312.31,175.94
795,880.25,332.92
796,131.4,57.29
797,374.15,305.89
798,136.18,55.27
799,1208.73,147.68
800,962.77,379.29
801,630.57,275.92
802,516.79,220.83
803,628.51,297.03
804,227.93,116.02
805,1646.02,704.6
806,547.29,245.78
807,100.72,32.3
808,733.59,451.03
809,1568.49,787.74
810,986.27,333.76
811,2645.52,557.45
812,753.98,90.44
813,1627.99,672.96
814,480.65,200.78
815,209.44,166.37
816,1229.7,572.79
817,575.86,244.34
818,666.62,281.41
819,837.22,376.25
820,114.25,37.0
821,130.42,67.42
822,100.41,16.73
823,118.45,59.1
824,440.71,201.42
825,1276.62,604.95
826,135.99,50.5
827,1467.17,725.31
828,194.34,68.81
829,524.74,295.46
830,327.65,156.58
831,1358.57,714.24
832,123.56,43.65
833,349.36,210.37
834,371.93,131.93
835,934.37,402.31
836,1471.37,582.88
837,266.93,111.22
838,318.8,188.92
839,100.01,42.71
840,1198.02,560.74
841,631.97,173.9
842,200.49,124.65
843,811.91,326.19
844,1216.88,455.31
845,536.31,258.69
846,1615.02,657.62
847,932.68,460.26
848,302.47,206.62
849,1098.62,514.43
850,1231.18,627.94
851,518.94,292.07
852,101.6,16.85
853,125.85,39.53
854,840.36,479.55
855,914.94,92.34
856,326.51,194.61
857,239.15,122.52
858,426.5,160.48
859,395.44,173.55
860,907.61,422.68
861,101.31,41.82
862,2484.89,990.17
863,585.7,268.34
864,108.51,34.82
865,290.36,144.66
866,921.82,413.15
867,1949.97,891.93
868,1477.93,669.73
869,372.53,224.2
870,1187.84,478.65
871,924.25,407.41
872,1013.31,131.55
873,345.85,147.35
874,400.96,233.24
875,147.58,55.77
876,441.53,175.53
877,929.27,465.26
878,692.89,264.54
879,147.77,88.18
880,1506.86,607.95
881,134.25,48.71
882,1274.5,170.99
883,205.92,82.72
884,219.4,115.19
885,273.36,119.09
886,636.48,255.12
887,507.35,160.58
888,112.61,56.77
889,430.16,174.97
890,741.3,352.17
891,425.96,211.17
892,108.39,34.41
893,198.33,73.12
894,125.4,26.58
895,2411.87,979.61
896,1124.23,459.23
897,355.29,123.0
898,812.66,357.56
899,290.02,133.74
900,1143.71,138.51
901,2373.11,969.91
902,387.96,185.59
903,187.42,111.2
904,620.87,319.86
905,403.29,149.49
906,1332.47,576.43
907,479.72,232.93
908,1078.43,511.35
909,2247.47,828.57
910,1529.07,272.31
911,215.39,71.17
912,256.44,98.08
913,218.46,105.39
914,634.73,318.48
915,736.4,270.59
916,1206.33,498.77
917,737.13,418.98
918,192.06,53.39
919,844.72,404.0
920,603.78,186.19
921,120.83,54.57
922,817.42,90.35
923,1856.16,790.96
924,145.76,81.87
925,934.66,102.01
926,103.21,25.67
927,405.03,192.06
928,405.85,189.17
929,328.88,153.8
930,214.06,95.93
931,1128.76,548.97
932,509.89,289.64
933,3116.7,1333.38
934,108.47,43.27
935,1351.61,606.36
936,3663.27,1304.94
937,1360.78,725.29
938,520.73,274.4
939,688.6,264.75
940,649.52,227.45
941,102.31,13.23
942,277.24,86.4
943,128.4,54.3
944,259.52,126.55
945,652.82,321.52
946,693.02,298.99
947,628.43,272.06
948,571.82,200.76
949,320.4,174.16
950,1893.31,314.23
951,304.13,184.67
952,1148.68,594.29
953,121.49,38.47
954,724.9,381.69
955,105.6,38.94
956,1638.4,523.2
957,149.27,71.78
958,133.64,48.1
959,601.7,326.22
960,3227.81,790.07
961,483.31,298.36
962,1523.08,254.51
963,1267.49,577.92
964,1040.72,505.19
965,1651.42,720.55
966,379.8,191.84
967,294.84,158.34
968,3034.19,1455.73
969,141.08,59.91
970,1438.5,654.98
971,1791.57,705.79
972,160.06,112.68
973,2033.61,375.39
974,481.91,235.97
975,108.77,47.05
976,1073.46,391.75
977,689.98,288.56
978,296.96,137.08
979,498.64,225.25
980,501.73,147.65
981,1667.39,735.73
982,1142.65,524.16
983,171.01,80.21
984,168.72,106.36
985,143.44,65.59
986,190.0,99.65
987,1376.04,693.03
988,130.21,51.33
989,227.92,126.26
990,257.07,75.08
991,945.42,422.94
992,445.31,202.09
993,134.35,61.32
994,790.52,109.99
995,710.83,265.74
996,2893.31,612.59
997,305.91,151.58
998,777.14,218.92
999,1578.22,709.51
1000,217.28,104.06
1001,983.69,137.37
1002,158.44,72.24
1003,1532.2,716.98
1004,455.59,163.91
1005,465.47,217.68
1006,495.55,257.54
1007,1710.61,745.88
1008,463.4,206.58
1009,547.58,285.12
1010,2137.25,410.09
1011,1566.58,268.35
1012,1841.17,867.83
1013,743.37,348.31
1014,747.58,399.22
1015,647.56,360.61
1016,265.51,126.39
1017,906.93,405.6
1018,543.04,177.8
1019,1399.71,699.61
1020,650.32,290.36
1021,725.05,308.07
1022,1542.38,714.4
1023,1873.1,800.37
1024,1454.24,212.99
1025,577.81,275.92
1026,1526.83,636.46
1027,770.9,267.64
1028,717.95,267.79
1029,566.63,284.64
1030,1187.4,441.52
1031,1344.48,625.41
1032,430.06,213.67
1033,708.79,249.62
1034,316.41,96.28
1035,346.29,244.55
1036,147.72,70.14
1037,2394.31,479.54
1038,1479.59,606.12
1039,3890.64,952.16
1040,772.49,283.59
1041,512.89,130.13
1042,385.93,160.27
1043,1042.05,492.23
1044,1514.27,706.59
1045,508.03,205.42
1046,2029.81,387.18
1047,292.52,154.35
1048,2621.53,535.98
1049,331.14,131.26
1050,1101.08,479.21
1051,292.55,135.13
1052,192.01,119.78
1053,1263.16,668.58
1054,279.59,153.03
1055,1039.54,516.37
1056,690.62,226.89
1057,100.03,42.03
1058,572.45,281.77
1059,321.55,108.19
1060,652.79,215.5
1061,189.91,74.64
1062,141.69,66.35
1063,592.98,233.62
1064,1457.23,631.74
1065,809.14,313.95
1066,173.57,82.29
1067,2443.82,480.65
1068,687.9,239.46
1069,642.94,294.89
1070,1197.53,438.81
1071,407.31,215.76
1072,538.33,61.59
1073,295.47,122.61
1074,144.37,64.96
1075,169.03,57.58
1076,825.6,437.36
1077,842.17,341.65
1078,665.71,211.62
1079,120.9,71.73
1080,147.17,67.65
1081,1068.68,472.17
1082,100.31,32.24
1083,1098.79,508.07
1084,1146.82,425.01
1085,1133.28,434.83
1086,437.72,196.73
1087,331.11,116.97
1088,125.67,47.2
1089,633.38,254.25
1090,670.42,310.26
1091,112.77,61.18
1092,731.42,265.58
1093,133.97,68.05
1094,433.25,186.06
1095,992.24,520.79
1096,442.47,251.01
1097,731.86,286.13
1098,1322.12,665.13
1099,844.23,332.9
1100,947.91,557.95
1101,1530.13,793.69
1102,469.62,220.77
1103,644.95,337.31
1104,100.03,36.28
1105,686.4,313.47
1106,764.31,315.52
1107,103.26,19.28
1108,161.12,90.07
1109,104.32,34.01
1110,948.28,531.75
1111,435.35,292.48
1112,1315.44,692.31
1113,685.61,374.56
1114,600.69,320.25
1115,184.2,67.45
1116,1187.05,160.29
1117,125.12,57.3
1118,1057.88,123.74
1119,1293.77,637.29
1120,2925.99,616.34
1121,330.09,238.85
1122,100.74,9.45
1123,1805.03,308.85
1124,2380.23,1027.25
1125,146.35,52.77
1126,128.32,54.72
1127,1328.84,697.15
1128,118.11,32.95
1129,851.84,525.73
1130,337.1,123.31
1131,535.55,247.02
1132,1406.06,701.11
1133,109.55,46.71
1134,103.47,20.4
1135,321.45,107.66
1136,185.5,55.28
1137,1041.44,514.79
1138,1167.85,145.6
1139,2712.66,622.31
1140,982.18,425.22
1141,913.51,99.41
1142,245.32,115.94
1143,2312.66,435.02
1144,297.63,157.0
1145,795.6,358.11
1146,883.51,398.51
1147,137.65,57.0
1148,612.52,371.35
1149,663.32,336.25
1150,2173.05,958.83
1151,349.79,146.99
1152,104.8,41.17
1153,1868.39,828.0
1154,1125.08,543.35
1155,363.98,226.53
1156,496.15,244.14
1157,148.81,65.21
1158,1537.54,640.83
1159,2258.86,403.8
1160,124.76,48.66
1161,249.27,124.41
1162,1864.26,777.48
1163,101.87,25.33
1164,837.52,392.55
1165,598.32,196.27
1166,113.24,51.79
1167,664.2,286.76
1168,1509.42,235.34
1169,689.54,175.33
1170,420.75,172.69
1171,464.91,245.11
1172,100.71,27.25
1173,391.95,213.55
1174,200.32,76.76
1175,3328.25,785.5
1176,128.45,58.64
1177,1451.17,661.3
1178,1110.09,458.13
1179,1476.23,633.16
1180,223.06,74.45
1181,551.45,303.81
1182,420.61,258.72
1183,1619.79,663.73
1184,694.0,279.82
1185,931.54,487.36
1186,461.5,253.07
1187,318.83,158.38
1188,544.19,280.28
1189,672.79,329.36
1190,1564.83,264.54
1191,100.43,19.4
1192,113.06,28.51
1193,1618.53,258.87
1194,2468.49,1007.89
1195,548.23,206.77
1196,1799.11,842.07
1197,188.8,105.21
1198,763.91,282.05
1199,102.78,17.76
1200,2825.84,630.39
1201,329.71,174.66
1202,672.21,304.79
1203,415.01,179.88
1204,730.46,280.95
1205,4341.45,1034.26
1206,278.03,92.81
1207,440.12,228.18
1208,1475.85,657.74
1209,389.29,264.73
1210,1989.34,889.49
1211,1108.52,429.25
1212,164.43,84.14
1213,450.26,302.09
1214,124.34,48.86
1215,146.39,69.76
1216,2042.9,898.36
1217,472.62,245.75
1218,289.07,144.19
1219,1090.78,418.8
1220,595.0,174.04
1221,3969.62,943.3
1222,1201.32,489.47
1223,1267.54,597.34
1224,142.54,64.73
1225,967.96,504.91
1226,114.06,51.33
1227,231.74,91.36
1228,398.36,120.3
1229,150.68,71.75
1230,3844.3,1399.48
1231,112.44,81.0
1232,100.54,44.15
1233,304.64,175.7
1234,524.81,236.16
1235,487.5,258.09
1236,776.86,285.67
1237,143.48,49.92
1238,134.7,60.31
1239,110.55,32.89
1240,2725.46,614.7
1241,1182.22,542.03
1242,116.14,71.38
1243,197.21,90.52
1244,324.54,150.66
1245,1155.51,474.05
1246,2583.19,1142.96
1247,297.59,147.76
1248,901.36,339.88
1249,290.31,128.04
1250,568.87,251.87
1251,207.15,86.42
1252,2075.6,892.15
1253,1401.34,646.75
1254,251.86,156.06
1255,486.26,254.02
1256,382.86,170.72
1257,1750.16,735.23
1258,764.52,293.62
1259,2167.1,405.72
1260,1142.11,476.18
1261,1144.74,565.56
1262,341.76,195.35
1263,729.75,410.36
1264,1589.73,702.87
1265,214.01,98.0
1266,662.1,333.53
1267,3691.15,887.35
1268,318.48,137.6
1269,2096.3,897.66
1270,462.96,279.83
1271,293.85,175.46
1272,537.61,283.91
1273,1079.92,526.38
1274,2583.11,1048.81
1275,475.78,304.38
1276,1370.48,191.61
1277,892.6,301.94
1278,158.42,44.46
1279,100.01,10.9
1280,1360.61,672.67
1281,104.06,47.33
1282,128.27,53.28
1283,1437.13,205.68
1284,125.43,44.26
1285,146.28,82.63
1286,716.7,201.97
1287,1837.55,883.88
1288,400.05,182.7
1289,117.46,48.83
1290,481.7,266.26
1291,1466.74,559.1
1292,679.66,292.06
1293,1241.05,558.94
1294,150.73,84.18
1295,724.2,290.59
1296,2675.2,1154.84
1297,971.43,396.7
1298,414.94,174.7
1299,632.49,213.84
1300,1044.63,412.3
1301,958.59,526.84
1302,945.74,493.09
1303,721.76,274.43
1304,281.9,145.72
1305,933.49,523.87
1306,1049.19,577.54
1307,1060.07,406.35
1308,250.69,121.83
1309,1344.89,708.78
1310,3573.18,913.11
1311,182.49,91.46
1312,293.22,129.34
1313,1794.58,300.67
1314,626.04,309.2
1315,1104.32,537.17
1316,877.62,368.22
1317,1681.27,713.3
1318,348.93,203.26
1319,2112.51,914.52
1320,187.73,49.36
1321,1910.43,336.63
1322,314.61,101.7
1323,112.16,34.43
1324,338.58,130.96
1325,1409.22,633.17
1326,300.83,151.9
1327,616.01,283.77
1328,1006.4,438.9
1329,164.4,78.92
1330,1894.1,839.68
1331,100.01,16.05
1332,725.73,315.07
1333,3915.51,925.63
1334,327.37,191.03
1335,807.86,297.74
1336,2932.95,638.88
1337,3029.18,1299.04
1338,759.03,335.78
1339,249.42,106.03
1340,944.88,519.74
1341,2825.25,610.73
1342,1376.28,690.47
1343,120.77,59.32
1344,118.41,40.29
1345,412.84,162.87
1346,1958.37,961.05
1347,308.32,161.94
1348,1946.45,351.53
1349,246.34,131.81
1350,191.68,90.03
1351,283.34,122.27
1352,1198.43,148.51
1353,652.48,254.8
1354,110.88,40.08
1355,103.04,11.69
1356,119.61,62.29
1357,182.45,92.81
1358,827.86,484.8
1359,267.76,132.46
1360,864.69,95.3
1361,162.73,39.38
1362,100.95,26.01
1363,620.8,246.87
1364,116.5,53.66
1365,231.37,101.64
1366,276.05,132.26
1367,1364.38,696.41
1368,3492.75,865.0
1369,111.31,44.04
1370,1241.56,642.11
1371,234.03,141.88
1372,590.11,167.34
1373,688.66,373.36
1374,834.0,303.44
1375,145.98,54.84
1376,104.63,34.88
1377,573.35,302.6
1378,106.95,29.35
1379,870.03,413.72
1380,135.12,50.42
1381,605.19,264.63
1382,1263.24,554.29
1383,2004.18,909.03
1384,100.2,32.75
1385,340.41,146.39
1386,465.54,234.64
1387,592.06,296.74
1388,288.84,195.16
1389,246.75,70.64
1390,212.57,125.41
1391,357.62,152.76
1392,231.49,99.88
1393,389.13,158.94
1394,625.01,231.53
1395,553.05,148.6
1396,207.2,105.08
1397,387.4,184.86
1398,105.21,37.23
1399,498.71,228.6
1400,441.72,241.09
1401,1007.08,396.36
1402,591.9,243.32
1403,2811.03,619.17
1404,1039.49,398.91
1405,180.55,90.09
1406,424.98,199.01
1407,1118.06,138.45
1408,207.42,88.67
1409,422.5,236.68
1410,1004.0,130.28
1411,720.82,370.63
1412,112.29,21.77
1413,148.38,79.05
1414,107.14,34.35
1415,100.04,31.29
1416,704.06,267.22
1417,361.49,155.08
1418,770.02,383.26
1419,715.76,267.77
1420,126.87,62.74
1421,1100.29,482.23
1422,130.34,49.5
1423,486.22,223.12
1424,2895.66,615.41
1425,676.65,321.73
1426,739.86,402.31
1427,1372.82,659.97
1428,1079.17,496.18
1429,449.3,200.6
1430,164.64,105.52
1431,1155.16,520.86
1432,883.98,426.17
1433,655.44,327.36
1434,1268.64,539.42
1435,207.12,105.48
1436,1044.96,479.59
1437,1158.32,534.62
1438,3962.47,943.43
1439,306.1,116.05
1440,552.53,169.95
1441,130.94,83.42
1442,123.94,87.43
1443,149.57,101.55
1444,1425.14,543.74
1445,874.03,470.28
1446,444.32,198.08
1447,794.44,395.09
1448,575.11,268.36
1449,139.26,48.65
1450,128.75,74.59
1451,483.03,237.99
1452,838.89,498.05
1453,813.79,413.45
1454,404.4,224.96
1455,555.21,196.63
1456,688.53,270.33
1457,145.15,70.48
1458,384.09,203.01
1459,2537.47,1061.12
1460,962.64,383.06
1461,172.49,64.49
1462,152.43,81.94
1463,1595.47,714.16
1464,747.19,361.31
1465,733.44,271.74
1466,101.12,14.13
1467,145.72,65.19
1468,739.2,400.41
1469,1664.41,673.87
1470,677.69,338.79
1471,395.04,240.63
1472,255.41,169.16
1473,931.11,437.4
1474,1915.53,346.24
1475,204.97,87.08
1476,456.68,227.76
1477,181.28,91.97
1478,107.4,45.11
1479,2270.99,408.84
1480,2252.08,973.84
1481,1199.08,470.37
1482,245.01,117.23
1483,529.95,238.92
1484,337.39,156.83
1485,650.98,280.53
1486,1193.07,523.95
1487,1180.17,460.83
1488,520.82,246.63
1489,105.78,22.71
1490,616.11,216.05
1491,219.38,119.5
1492,1759.41,793.03
1493,1140.11,452.79
1494,1075.98,471.1
1495,146.66,78.14
1496,317.73,197.65
1497,453.83,262.1
1498,113.56,70.46
1499,132.31,55.89
1500,810.55,319.09
1501,1145.79,517.84
1502,138.64,58.83
1503,851.05,363.66
1504,1716.88,733.51
1505,585.52,279.86
1506,268.62,120.76
1507,373.23,208.49
1508,1020.02,446.56
1509,244.43,109.68
1510,1436.99,204.63
1511,380.34,224.42
1512,618.94,242.6
1513,177.92,97.57
1514,1860.3,849.8
1515,601.81,280.22
1516,152.26,47.07
1517,2036.44,398.0
1518,3149.82,756.26
1519,595.95,208.98
1520,2131.47,1010.53
1521,444.24,236.25
1522,410.9,180.82
1523,787.82,485.21
1524,280.19,93.23
1525,780.15,332.78
1526,462.18,266.08
1527,497.16,252.89
1528,238.25,125.86
1529,346.31,171.62
1530,136.8,55.32
1531,301.97,148.17
1532,354.68,170.24
1533,693.58,317.72
1534,494.92,220.55
1535,248.2,117.98
1536,636.25,203.14
1537,420.76,171.92
1538,625.18,246.45
1539,291.77,142.56
1540,2091.21,882.39
1541,110.65,22.08
1542,248.58,127.37
1543,124.43,48.02
1544,306.35,133.24
1545,612.34,216.54
1546,441.93,252.07
1547,2180.02,394.5
1548,168.19,69.26
1549,2000.46,378.97
1550,102.71,16.81
1551,280.14,129.4
1552,826.85,333.36
1553,106.6,27.5
1554,4110.68,1046.57
1555,481.89,233.34
1556,160.55,75.89
1557,473.39,252.18
1558,469.27,152.9
1559,101.01,53.93
1560,649.02,209.06
1561,1389.43,199.48
1562,172.11,91.91
1563,1977.21,931.47
1564,100.35,13.88
1565,401.47,198.85
1566,648.61,344.9
1567,1086.31,559.73
1568,1169.27,140.83
1569,1043.13,122.75
1570,1068.14,492.53
1571,120.04,76.13
1572,999.41,127.0
1573,876.03,372.53
1574,186.64,68.13
1575,709.45,335.5
1576,118.65,92.57
1577,806.22,418.96
1578,129.87,55.97
1579,112.76,47.48
1580,133.67,43.76
1581,3714.61,914.08
1582,140.22,73.01
1583,3422.15,882.62
1584,464.03,219.2
1585,942.26,333.05
1586,520.09,128.5
1587,957.27,288.39
1588,106.13,25.96
1589,2766.07,609.24
1590,347.46,230.68
1591,568.83,222.25
1592,3262.03,816.36
1593,539.1,297.38
1594,424.14,193.22
1595,3202.53,777.61
1596,218.11,113.19
1597,107.54,21.12
1598,141.07,66.21
1599,763.63,375.18
1600,2057.22,394.81
1601,1379.12,202.99
1602,113.85,30.7
1603,144.19,68.97
1604,1399.35,584.87
1605,294.18,123.7
1606,405.12,197.88
1607,584.04,291.84
1608,576.92,220.56
1609,809.35,86.86
1610,4353.23,1042.41
1611,102.59,53.66
1612,678.23,196.1
1613,119.47,55.29
1614,322.96,203.97
1615,455.25,261.49
1616,328.87,196.58
1617,1262.19,584.65
1618,2218.06,995.96
1619,826.73,374.92
1620,636.56,231.4
1621,930.23,396.78
1622,998.86,372.31
1623,392.24,147.57
1624,3127.95,763.56
1625,448.35,250.56
1626,318.29,129.01
1627,268.47,149.91
1628,256.34,151.97
1629,124.44,49.98
1630,1131.94,448.59
1631,1875.94,315.24
1632,470.56,263.15
1633,1582.15,734.76
1634,282.22,111.26
1635,105.29,41.3
1636,300.85,133.26
1637,111.33,51.16
1638,392.55,227.0
1639,493.46,242.01
1640,593.09,197.41
1641,1208.71,545.24
1642,481.54,230.55
1643,114.36,40.24
1644,735.68,307.42
1645,774.38,389.74
1646,715.01,306.6
1647,980.25,454.45
1648,821.34,544.43
1649,113.56,67.92
1650,1662.99,255.29
1651,531.38,249.14
1652,972.52,424.36
1653,1120.58,389.75
1654,385.8,161.1
1655,225.56,133.83
1656,1343.79,632.2
1657,289.49,143.56
1658,205.12,100.92
1659,519.76,251.94
1660,1133.41,423.21
1661,103.88,53.47
1662,134.91,37.07
1663,4133.63,1017.84
1664,1260.95,558.13
1665,486.73,189.15
1666,343.27,201.67
1667,248.06,131.02
1668,139.18,70.99
1669,281.02,144.38
1670,1935.86,842.24
1671,937.4,511.14
1672,386.74,123.86
1673,2367.97,451.63
1674,100.94,44.91
1675,4304.69,1025.84
1676,820.44,316.52
1677,240.0,111.36
1678,3845.52,1405.04
1679,643.27,285.54
1680,482.87,138.69
1681,651.99,354.31
1682,357.95,180.86
1683,102.16,16.75
1684,598.43,263.02
1685,341.17,238.63
1686,227.6,100.72
1687,950.34,373.25
1688,972.7,393.54
1689,169.98,134.4
1690,425.65,219.11
1691,169.65,69.41
1692,161.89,88.69
1693,684.13,335.01
1694,681.48,316.39
1695,182.49,94.17
1696,223.58,122.57
1697,2483.67,1031.05
1698,440.77,246.7
1699,909.37,449.78
1700,1077.82,470.88
1701,258.55,119.3
1702,227.94,84.14
1703,881.81,436.98
1704,687.55,382.58
1705,203.88,143.22
1706,100.08,23.86
1707,1266.72,577.1
1708,1991.98,388.42
1709,1046.13,489.28
1710,502.69,254.99
1711,2219.79,408.32
1712,1770.14,794.82
1713,104.79,22.24
1714,217.39,94.28
1715,4223.9,1036.33
1716,157.84,87.63
1717,2268.44,421.96
1718,116.14,34.8
1719,971.14,497.1
1720,1553.12,646.22
1721,2063.42,883.45
1722,649.89,379.07
1723,790.71,381.82
1724,302.15,138.98
1725,188.11,70.32
1726,687.52,365.42
1727,356.63,226.5
1728,186.12,101.55
1729,1460.83,692.08
1730,2008.78,852.65
1731,294.83,161.37
1732,795.06,361.04
1733,615.32,262.56
1734,1256.47,525.93
1735,429.04,247.66
1736,102.97,20.41
1737,101.99,39.06
1738,357.01,127.64
1739,1667.81,752.31
1740,1663.21,246.66
1741,2208.49,1025.62
1742,1563.82,685.28
1743,335.06,173.54
1744,301.63,160.8
1745,1498.93,612.31
1746,895.22,367.84
1747,1224.01,147.79
1748,1484.48,628.94
1749,685.72,343.53
1750,988.01,508.54
1751,499.53,141.48
1752,960.89,409.07
1753,1490.68,741.39
1754,867.46,401.2
1755,843.16,387.51
1756,114.67,46.69
1757,963.54,118.2
1758,101.46,24.32
1759,111.91,68.32
1760,1701.68,298.01
1761,917.03,327.29
1762,154.54,63.63
1763,1222.85,154.83
1764,158.09,92.1
1765,395.72,242.67
1766,144.92,59.47
1767,164.12,88.75
1768,236.03,86.42
1769,277.67,137.72
1770,221.42,103.86
1771,129.29,32.57
1772,346.39,147.1
1773,122.3,68.44
1774,394.44,199.37
1775,103.41,17.9
1776,100.19,33.51
1777,140.24,88.4
1778,3094.64,776.17
1779,274.27,122.14
1780,685.13,251.5
1781,407.91,201.42
1782,257.36,146.47
1783,188.73,90.85
1784,491.69,221.89
1785,105.67,56.22
1786,608.31,278.13
1787,1329.31,709.6
1788,176.27,91.65
1789,831.74,392.8
1790,104.33,38.65
1791,100.07,13.91
1792,438.58,246.86
1793,451.47,226.83
1794,608.43,193.51
1795,779.53,262.89
1796,1314.61,201.06
1797,1363.53,195.69
1798,1359.57,629.7
1799,292.74,212.1
1800,3274.84,799.06
1801,689.05,244.44
1802,597.0,164.83
1803,465.39,211.26
1804,660.39,376.29
1805,399.78,161.77
1806,2299.95,1033.98
1807,433.3,224.75
1808,784.33,492.7
1809,1129.58,477.76
1810,602.32,248.58
1811,839.55,426.99
1812,1201.98,446.36
1813,100.64,33.06
1814,154.15,85.7
1815,1051.61,455.06
1816,510.0,271.15
1817,121.01,56.96
1818,323.61,151.79
1819,2361.2,984.62
1820,154.71,81.3
1821,534.02,191.55
1822,251.09,80.97
1823,103.31,23.82
1824,104.5,45.91
1825,158.67,76.91
1826,1394.37,609.37
1827,786.03,323.9
1828,642.59,243.72
1829,107.82,40.94
1830,372.4,169.89
1831,1025.48,457.42
1832,227.99,117.73
1833,521.49,377.4
1834,1492.57,229.8
1835,2004.73,387.96
1836,2048.67,947.03
1837,132.84,50.37
1838,454.55,130.26
1839,359.98,185.95
1840,381.91,158.44
1841,4786.81,1052.08
1842,421.9,240.3
1843,132.98,50.92
1844,3377.59,785.83
1845,100.28,8.12
1846,321.26,145.58
1847,1896.1,309.35
1848,281.93,93.96
1849,326.15,163.41
1850,149.93,68.84
1851,1163.07,464.75
1852,223.49,90.26
1853,1074.1,433.04
1854,548.57,318.63
1855,936.74,342.17
1856,1153.12,589.14
1857,181.37,78.99
1858,631.29,206.85
1859,234.04,130.31
1860,133.72,48.11
1861,334.29,107.47
1862,2125.04,831.52
1863,523.99,223.85
1864,204.15,117.6
1865,2604.26,1037.82
1866,117.49,73.15
1867,1113.37,130.88
1868,1187.25,483.68
1869,1070.41,613.76
1870,1544.47,257.41
1871,387.61,184.43
1872,797.11,393.15
1873,116.63,43.34
1874,1189.21,591.16
1875,788.48,380.28
1876,232.36,106.84
1877,689.82,216.32
1878,1913.47,347.67
1879,253.84,106.06
1880,545.31,247.55
1881,1237.31,596.37
1882,336.85,149.32
1883,474.42,234.09
1884,241.81,116.59
1885,1496.58,649.51
1886,288.44,125.55
1887,631.89,296.65
1888,1128.77,439.5
1889,428.85,141.36
1890,269.64,132.48
1891,131.24,94.48
1892,705.08,263.32
1893,1156.33,582.88
1894,857.23,320.69
1895,146.94,57.48
1896,817.25,382.37
1897,106.05,42.5
1898,3196.4,766.16
1899,595.31,356.25
1900,328.87,204.42
1901,161.54,104.84
1902,942.35,542.15
1903,798.29,362.87
1904,155.22,68.09
1905,486.28,243.55
1906,259.12,172.02
1907,100.06,9.31
1908,115.65,42.48
1909,1251.96,614.7
1910,825.25,442.25
1911,105.06,24.99
1912,341.56,167.65
1913,141.01,71.0
1914,187.16,110.35
1915,686.4,313.47
1916,100.51,14.44
1917,2759.44,1202.44
1918,703.33,231.69
1919,1242.58,605.91
1920,1112.61,575.12
1921,783.94,86.83
1922,584.15,267.15
1923,1304.23,601.09
1924,397.11,177.68
1925,306.22,131.03
1926,102.46,13.93
1927,142.07,70.84
1928,960.88,419.49
1929,301.6,136.41
1930,456.52,225.83
1931,140.17,89.22
1932,472.4,175.64
1933,223.04,131.4
1934,1068.49,448.27
1935,814.67,286.13
1936,104.95,31.84
1937,2128.79,897.08
1938,251.71,145.13
1939,725.11,281.41
1940,1084.1,504.77
1941,380.34,162.59
1942,128.01,60.89
1943,1196.3,448.27
1944,737.64,377.37
1945,562.9,255.76
1946,100.03,44.76
1947,709.91,252.32
1948,275.74,153.02
1949,1608.15,666.89
1950,256.2,144.47
1951,520.25,356.71
1952,3029.93,697.38
1953,159.02,77.98
1954,1631.94,670.03
1955,759.92,322.34
1956,515.62,310.52
1957,557.88,263.52
1958,4435.31,1055.4
1959,104.56,41.45
1960,967.22,421.91
1961,706.47,308.64
1962,300.24,118.52
1963,111.27,55.03
1964,176.84,48.26
1965,188.12,107.19
1966,169.14,91.79
1967,301.84,173.64
1968,2295.98,443.88
1969,1020.28,498.05
1970,1003.9,420.08
1971,102.86,42.28
1972,930.07,536.02
1973,383.27,144.36
1974,317.39,199.54
1975,728.35,312.32
1976,534.61,215.24
1977,217.77,119.55
1978,415.04,253.93
1979,342.94,201.64
1980,1652.31,681.91
1981,176.86,96.56
1982,1007.45,368.63
1983,126.39,75.12
1984,126.83,51.48
1985,968.25,386.12
1986,941.69,476.96
1987,353.51,258.19
1988,1181.8,591.14
1989,927.06,449.93
1990,802.05,94.28
1991,338.1,143.84
1992,1696.32,278.21
1993,725.43,333.94
1994,419.94,157.05
1995,935.56,444.32
1996,1349.41,608.91
1997,150.42,71.67
1998,1793.62,825.12
1999,137.77,45.33
2000,350.21,159.29
2001,244.56,159.97
2002,321.91,97.01
2003,191.56,77.13
2004,451.84,262.71
2005,100.3,39.93
2006,553.83,226.57
2007,192.56,73.79
2008,156.88,95.69
2009,2338.98,994.61
2010,698.57,270.51
2011,173.23,76.01
2012,110.01,26.83
2013,1029.87,127.17
2014,521.62,214.21
2015,208.67,61.34
2016,758.76,379.95
2017,1376.62,588.83
2018,1032.69,455.75
2019,204.68,128.95
2020,266.24,107.91
2021,341.76,173.49
2022,772.39,347.89
2023,5286.14,1049.68
2024,880.45,468.4
2025,556.87,196.78
2026,214.45,86.25
2027,277.22,129.45
2028,1131.38,588.67
2029,964.85,440.66
2030,121.29,43.89
2031,3526.43,872.34
2032,461.69,201.9
2033,101.1,17.67
2034,1538.92,728.26
2035,388.72,188.42
2036,779.94,332.66
2037,878.42,93.76
2038,219.78,128.62
2039,102.06,58.34
2040,129.47,61.53
2041,403.36,156.26
2042,669.92,301.78
2043,119.45,35.5
2044,162.38,118.09
2045,701.68,368.47
2046,106.32,32.25
2047,559.62,231.36
2048,490.82,242.26
2049,116.38,46.86
2050,255.13,92.25
2051,137.99,54.34
2052,743.45,254.97
2053,101.0,14.27
2054,1135.65,450.85
2055,2460.36,488.29
2056,324.55,142.89
2057,1499.42,579.23
2058,2533.88,1071.75
2059,510.07,212.97
2060,1097.55,555.32
2061,102.83,24.14
2062,102.26,55.78
2063,531.04,328.57
2064,823.92,416.38
2065,562.16,204.48
2066,445.16,229.49
2067,444.08,202.46
2068,604.94,293.84
2069,227.99,146.84
2070,131.94,69.0
2071,1635.51,802.9
2072,623.32,236.76
2073,1688.41,829.48
2074,1291.33,627.74
2075,543.66,176.78
2076,409.32,177.62
2077,1580.97,262.58
2078,370.23,160.46
2079,626.18,210.76
2080,187.62,111.6
2081,1675.47,747.05
2082,307.88,148.61
2083,211.15,102.11
2084,614.64,174.38
2085,216.23,114.13
2086,134.1,62.63
2087,886.79,397.76
2088,252.89,128.35
2089,277.94,126.26
2090,385.6,165.54
2091,353.18,134.81
2092,1188.49,479.9
2093,580.12,274.14
2094,1542.7,716.23
2095,1213.0,540.2
2096,450.84,267.34
2097,1729.71,293.98
2098,1950.38,896.0
2099,1530.87,259.63
2100,1349.75,593.9
2101,216.76,115.62
2102,812.76,329.1
2103,1071.7,558.01
2104,100.99,42.8
2105,897.65,314.53
2106,578.3,256.06
2107,103.09,27.47
2108,430.53,289.35
2109,2900.47,1218.07
2110,718.05,236.27
2111,493.28,185.42
2112,2625.63,559.08
2113,3068.98,1451.84
2114,1592.76,249.78
2115,596.69,289.3
2116,859.96,217.86
2117,393.11,160.46
2118,645.3,319.25
2119,101.93,41.47
2120,598.68,228.1
2121,2614.62,542.76
2122,952.66,393.73
2123,314.22,136.23
2124,1871.99,821.74
2125,327.14,177.11
2126,888.83,450.12
2127,112.53,39.37
2128,774.92,364.93
2129,257.34,131.3
2130,324.75,194.77
2131,179.6,83.42
2132,474.32,223.69
2133,183.11,112.37
2134,533.59,333.5
2135,474.2,257.63
2136,107.96,26.9
2137,499.99,195.04
2138,1519.84,654.13
2139,821.95,435.32
2140,378.66,161.23
2141,1015.63,500.79
2142,484.37,249.8
2143,530.72,152.4
2144,1920.15,340.56
2145,1182.56,505.69
2146,536.05,176.63
2147,1288.52,632.97
2148,961.57,107.44
2149,844.05,438.7
2150,1055.94,433.91
2151,929.5,489.72
2152,986.83,552.07
2153,665.75,287.38
2154,514.67,176.15
2155,2072.77,887.6
2156,279.72,167.07
2157,274.4,167.86
2158,588.51,260.21
2159,322.99,180.64
2160,159.31,57.59
2161,788.45,255.94
2162,102.1,15.72
2163,365.06,182.41
2164,387.04,251.56
2165,514.17,318.99
2166,178.06,93.87
2167,791.04,424.4
2168,1466.03,714.64
2169,543.15,290.75
2170,630.67,262.09
2171,103.53,35.25
2172,1165.44,456.57
2173,927.74,429.26
2174,986.54,118.32
2175,406.99,186.42
2176,168.81,60.1
2177,622.16,262.85
2178,2269.15,430.01
2179,708.91,335.19
2180,597.97,252.68
2181,1828.36,932.29
2182,1901.76,853.02
2183,892.97,389.43
2184,689.7,392.06
2185,448.53,132.04
2186,634.17,259.3
2187,3337.98,1380.16
2188,205.15,85.57
2189,102.34,34.3
2190,665.61,308.51
2191,2506.76,1046.62
2192,732.8,330.14
2193,1340.79,190.85
2194,1358.16,634.59
2195,1502.81,582.74
2196,130.59,88.71
2197,204.38,73.91
2198,828.66,346.87
2199,117.43,44.47
2200,150.51,50.85
2201,615.1,310.75
2202,507.83,184.94
2203,270.15,122.46
2204,150.31,88.07
2205,1016.5,461.48
2206,215.45,86.68
2207,106.47,50.82
2208,520.17,204.14
2209,182.8,90.01
2210,1219.49,437.86
2211,262.65,110.25
2212,473.66,228.27
2213,1370.71,673.09
2214,524.99,317.62
2215,1024.36,342.33
2216,1631.85,259.96
2217,369.98,155.86
2218,1315.43,194.1
2219,3768.33,997.02
2220,1096.41,547.53
2221,835.41,279.49
2222,619.67,346.2
2223,1187.52,457.02
2224,247.16,118.54
2225,1296.53,647.99
2226,131.23,65.96
2227,913.39,422.99
2228,108.54,29.84
2229,2793.55,615.03
2230,2429.91,490.07
2231,1212.46,529.45
2232,607.14,336.28
2233,141.16,37.6
2234,969.54,117.42
2235,576.97,277.73
2236,880.97,492.61
2237,452.91,269.05
2238,1017.36,154.7
2239,448.89,189.13
2240,828.12,87.3
2241,936.05,109.37
2242,1140.04,554.5
2243,1604.44,810.61
2244,969.74,438.87
2245,450.48,188.06
2246,110.52,26.31
2247,702.68,239.95
2248,169.02,98.12
2249,580.09,242.3
2250,741.93,395.9
2251,353.54,184.5
2252,153.55,69.01
2253,132.11,41.43
2254,801.86,99.77
2255,4019.47,925.78
2256,1843.16,781.1
2257,2909.5,613.96
2258,132.34,39.91
2259,266.69,68.02
2260,205.23,96.9
2261,472.19,229.94
2262,980.44,510.06
2263,646.9,364.23
2264,104.61,50.54
2265,2626.68,1178.29
2266,163.32,77.54
2267,141.92,54.7
2268,1170.17,547.37
2269,878.31,488.15
2270,523.46,216.24
2271,839.81,415.09
2272,268.91,116.4
2273,372.94,186.03
2274,1058.38,514.88
2275,116.61,48.36
2276,107.24,70.05
2277,100.02,14.71
2278,262.11,125.65
2279,532.5,265.69
2280,847.47,280.36
2281,165.09,85.88
2282,144.45,65.42
2283,2086.35,830.35
2284,126.35,53.98
2285,432.71,219.88
2286,606.72,316.45
2287,360.57,124.64
2288,229.61,91.37
2289,1412.81,624.27
2290,692.86,307.56
2291,787.54,461.69
2292,450.79,160.96
2293,136.68,39.11
2294,328.24,140.98
2295,1205.64,558.4
2296,100.84,36.22
2297,733.94,253.76
2298,199.65,96.27
2299,625.46,184.76
2300,261.3,129.66
2301,143.14,52.69
2302,336.43,215.84
2303,1653.65,728.35
2304,133.34,54.25
2305,1485.56,208.52
2306,130.58,44.1
2307,515.87,310.19
2308,1224.98,611.14
2309,1036.82,408.4
2310,295.45,141.22
2311,406.69,253.65
2312,1058.49,406.95
2313,620.34,249.92
2314,302.35,172.71
2315,2260.25,1038.5
2316,964.87,122.43
2317,1006.99,427.46
2318,132.9,78.18
2319,415.97,128.85
2320,669.99,353.81
2321,434.89,275.24
2322,102.43,28.7
2323,2279.77,404.68
2324,784.43,85.48
2325,814.12,369.43
2326,1829.74,826.09
2327,583.99,228.15
2328,1114.03,515.95
2329,102.47,36.42
2330,1126.32,442.12
2331,196.74,86.33
2332,234.29,115.36
2333,187.88,100.26
2334,301.03,161.46
2335,189.03,72.65
2336,105.53,34.63
2337,799.75,304.83
2338,2777.52,613.35
2339,106.01,67.11
2340,387.22,187.53
2341,554.85,222.22
2342,1137.45,541.35
2343,244.53,130.96
2344,3711.57,902.3
2345,641.23,280.06
2346,813.84,94.27
2347,1122.25,501.64
2348,155.54,70.69
2349,195.17,93.29
2350,1630.07,436.61
2351,369.21,135.49
2352,2015.79,864.06
2353,101.59,15.16
2354,888.06,463.28
2355,1816.59,832.37
2356,173.48,81.86
2357,100.13,38.39
2358,103.1,19.16
2359,763.98,316.48
2360,105.65,48.25
2361,1177.37,463.81
2362,107.19,25.38
2363,493.83,167.22
2364,432.6,217.65
2365,788.93,356.86
2366,278.54,126.0
2367,292.35,146.55
2368,118.68,78.35
2369,132.18,72.85
2370,3785.65,918.96
2371,142.93,72.31
2372,1472.82,720.54
2373,1748.62,816.91
2374,938.78,108.18
2375,361.3,164.72
2376,220.8,104.33
2377,133.17,52.7
2378,360.78,165.66
2379,1086.83,472.63
2380,108.83,32.13
2381,308.07,130.91
2382,494.78,187.4
2383,342.14,169.47
2384,1190.21,595.86
2385,1174.74,425.85
2386,173.41,66.91
2387,136.4,52.37
2388,284.23,153.57
2389,124.86,53.11
2390,445.75,163.6
2391,683.66,311.78
2392,181.51,65.09
2393,852.02,429.7
2394,105.36,28.66
2395,1184.36,562.69
2396,1071.83,590.06
2397,173.16,63.26
2398,964.72,511.31
2399,124.52,62.3
2400,399.59,207.48
2401,618.44,290.04
2402,434.81,270.87
2403,1109.96,507.73
2404,576.23,310.27
2405,161.64,68.36
2406,129.66,64.02
2407,337.95,206.45
2408,1450.87,678.5
2409,980.24,469.2
2410,1773.11,809.92
2411,301.79,197.02
2412,113.51,26.25
2413,676.58,140.74
2414,2037.29,905.43
2415,324.24,133.4
2416,294.25,120.12
2417,732.72,333.0
2418,1105.84,453.54
2419,1394.26,624.03
2420,100.85,14.22
2421,268.54,139.12
2422,131.1,43.95
2423,857.89,337.36
2424,107.31,76.44
2425,409.88,207.38
2426,101.48,26.98
2427,1369.44,598.48
2428,2223.83,946.3
2429,1094.86,133.17
2430,387.02,233.72
2431,2368.76,993.02
2432,988.08,125.49
2433,126.77,35.01
2434,118.34,55.38
2435,150.18,71.86
2436,540.51,290.22
2437,175.16,87.58
2438,100.0,27.39
2439,278.35,94.15
2440,120.43,48.45
2441,104.28,40.44
2442,1834.01,820.22
2443,226.44,121.52
2444,1765.05,812.01
2445,225.26,113.94
2446,292.86,149.45
2447,764.12,456.77
2448,249.02,116.08
2449,108.21,32.4
2450,812.01,436.32
2451,549.96,255.81
2452,573.87,215.56
2453,1460.29,670.01
2454,358.66,176.12
2455,612.38,170.23
2456,1674.86,263.14
2457,380.05,161.19
2458,361.78,120.52
2459,386.88,218.92
2460,1215.34,496.59
2461,559.61,181.71
2462,1101.5,441.09
2463,842.35,444.83
2464,1885.11,310.07
2465,647.45,244.18
2466,110.92,41.32
2467,728.76,351.51
2468,159.08,48.66
2469,520.85,274.96
2470,256.99,119.55
2471,255.4,80.26
2472,1397.19,690.28
2473,286.1,119.11
2474,2144.58,710.62
2475,566.79,162.68
2476,825.67,361.29
2477,202.58,100.9
2478,140.88,82.42
2479,1428.3,634.87
2480,657.22,256.76
2481,984.36,508.08
2482,135.39,33.81
2483,106.75,38.9
2484,890.78,347.34
2485,127.32,57.09
2486,164.04,121.06
2487,175.56,70.12
2488,1205.5,547.53
2489,174.68,74.12
2490,236.59,104.32
2491,107.43,25.03
2492,548.44,214.44
2493,730.11,321.63
2494,130.32,64.85
2495,1006.19,123.99
2496,190.69,104.05
2497,1279.23,703.42
2498,1612.17,702.95
2499,800.93,480.41
2500,249.26,99.68
2501,147.36,56.55
2502,884.52,418.92
2503,737.93,335.52
2504,327.28,161.98
2505,282.65,177.0
2506,1292.59,192.41
2507,330.63,105.55
2508,580.38,337.54
2509,985.85,372.34
2510,1323.1,189.59
2511,316.1,136.72
2512,721.71,257.82
2513,270.76,116.95
2514,1259.53,655.99
2515,938.63,556.8
2516,387.19,176.38
2517,101.57,27.95
2518,101.34,28.08
2519,1506.25,663.67
2520,237.13,134.3
2521,178.72,95.1
2522,539.51,206.61
2523,772.01,311.83
2524,461.61,206.76
2525,560.05,249.56
2526,4740.18,1041.67
2527,971.14,117.12
2528,1140.71,143.68
2529,223.74,93.68
2530,366.5,213.97
2531,948.59,375.85
2532,1533.04,254.76
2533,485.44,199.14
2534,2160.83,972.6
2535,1783.44,316.42
2536,1906.6,341.92
2537,100.1,19.21
2538,3586.89,906.88
2539,191.74,121.76
2540,110.58,37.53
2541,744.68,323.85
2542,846.62,400.86
2543,100.04,23.5
2544,2835.98,598.85
2545,452.57,246.3
2546,540.64,176.17
2547,1141.16,523.37
2548,184.33,97.76
2549,706.35,328.73
2550,128.46,33.83
2551,1495.97,212.93
2552,166.19,43.73
2553,2412.3,1034.18
2554,1373.66,635.32
2555,101.71,16.71
2556,2085.68,855.71
2557,1616.53,284.66
2558,1034.11,154.08
2559,179.92,89.74
2560,395.16,247.08
2561,1081.67,455.51
2562,108.55,40.67
2563,152.61,85.11
2564,2616.82,523.44
2565,1621.1,694.34
2566,303.36,228.98
2567,273.56,135.29
2568,831.58,285.7
2569,398.39,205.31
2570,579.29,214.98
2571,524.96,194.7
2572,554.44,230.25
2573,1032.56,457.84
2574,100.29,42.01
2575,100.8,18.21
2576,1061.52,568.68
2577,583.42,264.86
2578,379.56,119.07
2579,186.88,76.65
2580,677.93,371.04
2581,1348.06,570.55
2582,594.07,237.15
2583,330.65,186.68
2584,152.86,39.24
2585,102.82,38.99
2586,217.62,108.63
2587,231.36,91.92
2588,120.5,48.93
2589,135.09,43.45
2590,852.82,369.11
2591,974.09,436.37
2592,283.74,184.85
2593,492.59,164.29
2594,233.54,97.97
2595,1574.28,680.98
2596,2948.15,1321.39
2597,290.61,160.26
2598,314.41,146.15
2599,147.16,54.76
2600,1722.85,761.11
2601,100.9,36.21
2602,288.74,149.76
2603,609.47,336.87
2604,1473.74,633.49
2605,1332.68,184.6
2606,691.45,352.21
2607,538.32,269.85
2608,138.21,78.72
2609,109.1,45.89
2610,996.09,597.48
2611,1480.89,646.08
2612,524.33,287.19
2613,406.62,176.72
2614,200.65,110.08
2615,1055.69,511.63
2616,577.44,202.02
2617,104.42,29.91
2618,330.85,216.93
2619,213.92,85.26
2620,142.41,43.86
2621,3201.21,757.84
2622,2349.56,476.6
2623,1895.01,792.7
2624,100.12,11.41
2625,263.7,130.32
2626,192.52,108.52
2627,122.2,60.36
2628,1291.55,575.37
2629,201.87,111.79
2630,991.17,467.23
2631,2629.15,531.46
2632,555.97,221.16
2633,222.42,99.94
2634,1079.21,472.17
2635,123.01,69.95
2636,459.7,216.63
2637,375.16,176.15
2638,832.22,418.74
2639,114.95,48.56
2640,418.24,276.75
2641,658.33,319.09
2642,1317.9,735.23
2643,232.75,118.74
2644,692.2,351.2
2645,610.25,323.69
2646,2471.56,520.5
2647,143.53,52.9
2648,790.46,310.52
2649,1349.78,187.5
2650,1647.14,250.02
2651,769.2,300.52
2652,554.8,335.72
2653,2754.28,1180.91
2654,361.82,165.23
2655,272.91,163.92
2656,378.23,143.58
2657,1133.45,146.72
2658,2105.42,400.86
2659,127.1,31.51
2660,1303.19,597.96
2661,1069.71,492.09
2662,375.33,153.19
2663,159.49,54.49
2664,281.47,128.46
2665,1148.25,143.63
2666,144.49,72.77
2667,1028.02,577.76
2668,292.72,131.16
2669,582.43,258.44
2670,1013.52,134.81
2671,1018.05,119.21
2672,502.36,220.96
2673,120.87,66.84
2674,1397.4,583.42
2675,242.08,115.76
2676,1859.92,311.8
2677,161.08,69.47
2678,694.53,228.27
2679,354.9,144.6
2680,4552.62,1014.06
2681,103.95,49.03
2682,251.02,90.63
2683,664.75,230.57
2684,582.73,145.42
2685,827.72,428.72
2686,2146.41,883.98
2687,162.84,125.21
2688,2778.5,1188.2
2689,741.68,390.74
2690,314.94,175.32
2691,1367.23,415.75
2692,1083.84,460.26
2693,1117.45,644.19
2694,116.2,43.66
2695,477.7,182.48
2696,341.91,155.98
2697,680.9,241.51
2698,1766.5,699.99
2699,697.74,312.65
2700,268.93,158.28
2701,352.72,89.39
2702,270.81,119.03
2703,631.64,170.18
2704,869.69,417.3
2705,1532.74,814.25
2706,518.1,129.73
2707,1096.19,466.56
2708,215.24,97.78
2709,476.05,232.06
2710,449.26,179.56
2711,1597.91,737.72
2712,175.27,85.85
2713,579.52,170.6
2714,124.51,47.39
2715,185.42,89.4
2716,576.05,286.8
2717,141.01,52.03
2718,838.04,433.1
2719,229.27,135.24
2720,3706.48,892.85
2721,267.73,150.54
2722,602.63,207.01
2723,127.36,53.91
2724,817.77,341.99
2725,120.4,61.68
2726,667.39,334.19
2727,405.69,191.55
2728,646.84,379.64
2729,3140.65,773.95
2730,953.38,535.92
2731,1520.28,243.1
2732,723.08,390.23
2733,419.17,183.13
2734,1031.52,496.59
2735,2036.66,375.26
2736,340.99,128.72
2737,936.18,392.39
2738,105.57,25.59
2739,130.39,71.31
2740,1440.53,582.53
2741,447.09,220.89
2742,543.58,269.48
2743,375.33,190.27
2744,147.89,79.6
2745,541.01,252.09
2746,1707.3,737.82
2747,171.9,102.37
2748,186.78,101.71
2749,335.19,179.06
2750,212.76,142.68
2751,1116.73,499.91
2752,515.81,230.25
2753,696.35,277.75
2754,661.17,265.47
2755,1768.1,797.86
2756,2178.83,1005.72
2757,575.19,225.57
2758,251.84,118.84
2759,865.1,353.59
2760,437.26,257.51
2761,102.88,13.04
2762,155.27,68.24
2763,181.58,109.75
2764,264.72,92.39
2765,122.31,76.68
2766,207.77,127.12
2767,538.7,263.84
2768,1335.62,663.68
2769,3807.45,936.81
2770,384.72,231.58
2771,136.77,53.38
2772,415.29,193.77
2773,2209.79,989.43
2774,1206.17,545.37
2775,720.91,313.41
2776,751.87,291.94
2777,715.73,319.57
2778,162.16,84.77
2779,427.23,278.08
2780,165.32,60.89
2781,126.63,33.14
2782,450.12,244.56
2783,1589.24,673.61
2784,2871.49,628.0
2785,2316.97,1115.35
2786,910.7,306.09
2787,953.53,424.5
2788,984.99,435.91
2789,1027.54,601.54
2790,339.8,126.25
2791,775.0,254.39
2792,196.61,88.76
