运单号,风险标注
1,合理诉求
2,合理诉求
3,合理诉求
4,合理诉求
5,合理诉求
6,合理诉求
7,合理诉求
8,合理诉求
9,合理诉求
10,合理诉求
11,合理诉求
12,合理诉求
13,合理诉求
14,合理诉求
15,合理诉求
16,合理诉求
17,合理诉求
18,诉求偏高
19,合理诉求
20,合理诉求
21,合理诉求
22,合理诉求
23,合理诉求
24,合理诉求
25,合理诉求
26,合理诉求
27,合理诉求
28,合理诉求
29,合理诉求
30,合理诉求
31,合理诉求
32,合理诉求
33,合理诉求
34,合理诉求
35,合理诉求
36,合理诉求
37,合理诉求
38,合理诉求
39,诉求偏高
40,合理诉求
41,合理诉求
42,合理诉求
43,合理诉求
44,合理诉求
45,合理诉求
46,诉求偏高
47,合理诉求
48,诉求偏高
49,合理诉求
50,合理诉求
51,合理诉求
52,合理诉求
53,合理诉求
54,诉求偏高
55,合理诉求
56,合理诉求
57,诉求偏高
58,合理诉求
59,合理诉求
60,合理诉求
61,合理诉求
62,合理诉求
63,合理诉求
64,合理诉求
65,合理诉求
66,合理诉求
67,合理诉求
68,诉求偏高
69,合理诉求
70,合理诉求
71,合理诉求
72,诉求偏高
73,合理诉求
74,诉求偏高
75,诉求偏高
76,合理诉求
77,合理诉求
78,合理诉求
79,合理诉求
80,合理诉求
81,合理诉求
82,合理诉求
83,合理诉求
84,合理诉求
85,合理诉求
86,合理诉求
87,合理诉求
88,诉求偏高
89,合理诉求
90,合理诉求
91,合理诉求
92,合理诉求
93,合理诉求
94,合理诉求
95,合理诉求
96,合理诉求
97,合理诉求
98,诉求偏高
99,合理诉求
100,合理诉求
101,合理诉求
102,合理诉求
103,合理诉求
104,合理诉求
105,合理诉求
106,合理诉求
107,诉求偏高
108,合理诉求
109,合理诉求
110,合理诉求
111,合理诉求
112,合理诉求
113,合理诉求
114,合理诉求
115,诉求偏高
116,合理诉求
117,合理诉求
118,严重超额
119,合理诉求
120,诉求偏高
121,合理诉求
122,合理诉求
123,合理诉求
124,合理诉求
125,合理诉求
126,合理诉求
127,合理诉求
128,合理诉求
129,合理诉求
130,合理诉求
131,合理诉求
132,合理诉求
133,合理诉求
134,合理诉求
135,合理诉求
136,合理诉求
137,合理诉求
138,合理诉求
139,合理诉求
140,合理诉求
141,合理诉求
142,合理诉求
143,合理诉求
144,合理诉求
145,合理诉求
146,诉求偏高
147,合理诉求
148,合理诉求
149,合理诉求
150,合理诉求
151,合理诉求
152,合理诉求
153,合理诉求
154,合理诉求
155,合理诉求
156,诉求偏高
157,合理诉求
158,合理诉求
159,合理诉求
160,合理诉求
161,合理诉求
162,诉求偏高
163,合理诉求
164,合理诉求
165,合理诉求
166,合理诉求
167,合理诉求
168,合理诉求
169,合理诉求
170,合理诉求
171,合理诉求
172,合理诉求
173,合理诉求
174,合理诉求
175,合理诉求
176,合理诉求
177,诉求偏高
178,合理诉求
179,合理诉求
180,诉求偏高
181,合理诉求
182,合理诉求
183,合理诉求
184,诉求偏高
185,合理诉求
186,合理诉求
187,合理诉求
188,合理诉求
189,合理诉求
190,合理诉求
191,合理诉求
192,合理诉求
193,合理诉求
194,合理诉求
195,合理诉求
196,合理诉求
197,合理诉求
198,合理诉求
199,合理诉求
200,合理诉求
201,合理诉求
202,合理诉求
203,诉求偏高
204,合理诉求
205,合理诉求
206,合理诉求
207,合理诉求
208,合理诉求
209,合理诉求
210,合理诉求
211,合理诉求
212,合理诉求
213,合理诉求
214,合理诉求
215,合理诉求
216,合理诉求
217,合理诉求
218,合理诉求
219,合理诉求
220,合理诉求
221,合理诉求
222,诉求偏高
223,合理诉求
224,合理诉求
225,诉求偏高
226,诉求偏高
227,合理诉求
228,合理诉求
229,合理诉求
230,合理诉求
231,合理诉求
232,合理诉求
233,合理诉求
234,诉求偏高
235,诉求偏高
236,合理诉求
237,合理诉求
238,合理诉求
239,诉求偏高
240,合理诉求
241,合理诉求
242,合理诉求
243,合理诉求
244,合理诉求
245,合理诉求
246,合理诉求
247,合理诉求
248,合理诉求
249,合理诉求
250,合理诉求
251,合理诉求
252,合理诉求
253,合理诉求
254,合理诉求
255,合理诉求
256,合理诉求
257,合理诉求
258,合理诉求
259,合理诉求
260,合理诉求
261,合理诉求
262,合理诉求
263,合理诉求
264,合理诉求
265,合理诉求
266,合理诉求
267,合理诉求
268,合理诉求
269,诉求偏高
270,合理诉求
271,合理诉求
272,合理诉求
273,合理诉求
274,合理诉求
275,合理诉求
276,诉求偏高
277,合理诉求
278,合理诉求
279,合理诉求
280,合理诉求
281,合理诉求
282,诉求偏高
283,合理诉求
284,合理诉求
285,合理诉求
286,合理诉求
287,合理诉求
288,合理诉求
289,合理诉求
290,合理诉求
291,合理诉求
292,合理诉求
293,合理诉求
294,合理诉求
295,合理诉求
296,合理诉求
297,合理诉求
298,合理诉求
299,合理诉求
300,严重超额
301,合理诉求
302,合理诉求
303,合理诉求
304,合理诉求
305,合理诉求
306,合理诉求
307,合理诉求
308,合理诉求
309,合理诉求
310,合理诉求
311,合理诉求
312,合理诉求
313,合理诉求
314,合理诉求
315,合理诉求
316,合理诉求
317,合理诉求
318,合理诉求
319,合理诉求
320,合理诉求
321,合理诉求
322,合理诉求
323,合理诉求
324,合理诉求
325,合理诉求
326,合理诉求
327,诉求偏高
328,合理诉求
329,合理诉求
330,合理诉求
331,合理诉求
332,合理诉求
333,合理诉求
334,合理诉求
335,合理诉求
336,合理诉求
337,合理诉求
338,合理诉求
339,合理诉求
340,合理诉求
341,合理诉求
342,合理诉求
343,合理诉求
344,合理诉求
345,合理诉求
346,合理诉求
347,合理诉求
348,合理诉求
349,合理诉求
350,合理诉求
351,合理诉求
352,合理诉求
353,合理诉求
354,合理诉求
355,合理诉求
356,诉求偏高
357,合理诉求
358,合理诉求
359,合理诉求
360,合理诉求
361,合理诉求
362,合理诉求
363,诉求偏高
364,合理诉求
365,合理诉求
366,合理诉求
367,合理诉求
368,合理诉求
369,合理诉求
370,合理诉求
371,合理诉求
372,合理诉求
373,合理诉求
374,合理诉求
375,合理诉求
376,诉求偏高
377,合理诉求
378,合理诉求
379,合理诉求
380,合理诉求
381,合理诉求
382,合理诉求
383,合理诉求
384,诉求偏高
385,合理诉求
386,合理诉求
387,合理诉求
388,合理诉求
389,合理诉求
390,合理诉求
391,合理诉求
392,合理诉求
393,合理诉求
394,合理诉求
395,合理诉求
396,诉求偏高
397,合理诉求
398,诉求偏高
399,合理诉求
400,合理诉求
401,合理诉求
402,合理诉求
403,诉求偏高
404,合理诉求
405,合理诉求
406,诉求偏高
407,合理诉求
408,合理诉求
409,合理诉求
410,诉求偏高
411,合理诉求
412,合理诉求
413,合理诉求
414,合理诉求
415,合理诉求
416,合理诉求
417,合理诉求
418,诉求偏高
419,合理诉求
420,合理诉求
421,合理诉求
422,合理诉求
423,合理诉求
424,合理诉求
425,合理诉求
426,合理诉求
427,合理诉求
428,合理诉求
429,合理诉求
430,合理诉求
431,合理诉求
432,合理诉求
433,合理诉求
434,诉求偏高
435,合理诉求
436,合理诉求
437,合理诉求
438,合理诉求
439,合理诉求
440,合理诉求
441,合理诉求
442,诉求偏高
443,合理诉求
444,合理诉求
445,合理诉求
446,合理诉求
447,合理诉求
448,合理诉求
449,合理诉求
450,合理诉求
451,诉求偏高
452,合理诉求
453,合理诉求
454,诉求偏高
455,合理诉求
456,合理诉求
457,合理诉求
458,合理诉求
459,合理诉求
460,合理诉求
461,合理诉求
462,合理诉求
463,合理诉求
464,合理诉求
465,合理诉求
466,合理诉求
467,诉求偏高
468,合理诉求
469,合理诉求
470,合理诉求
471,合理诉求
472,合理诉求
473,合理诉求
474,合理诉求
475,诉求偏高
476,合理诉求
477,合理诉求
478,诉求偏高
479,合理诉求
480,诉求偏高
481,合理诉求
482,合理诉求
483,合理诉求
484,合理诉求
485,合理诉求
486,合理诉求
487,合理诉求
488,合理诉求
489,合理诉求
490,合理诉求
491,合理诉求
492,合理诉求
493,合理诉求
494,合理诉求
495,合理诉求
496,合理诉求
497,合理诉求
498,合理诉求
499,合理诉求
500,合理诉求
501,诉求偏高
502,合理诉求
503,合理诉求
504,合理诉求
505,合理诉求
506,合理诉求
507,合理诉求
508,合理诉求
509,合理诉求
510,合理诉求
511,合理诉求
512,合理诉求
513,合理诉求
514,合理诉求
515,合理诉求
516,诉求偏高
517,合理诉求
518,合理诉求
519,合理诉求
520,合理诉求
521,合理诉求
522,诉求偏高
523,合理诉求
524,合理诉求
525,合理诉求
526,合理诉求
527,合理诉求
528,合理诉求
529,合理诉求
530,合理诉求
531,合理诉求
532,合理诉求
533,合理诉求
534,合理诉求
535,合理诉求
536,诉求偏高
537,合理诉求
538,诉求偏高
539,合理诉求
540,合理诉求
541,合理诉求
542,合理诉求
543,诉求偏高
544,合理诉求
545,合理诉求
546,合理诉求
547,合理诉求
548,合理诉求
549,合理诉求
550,合理诉求
551,合理诉求
552,合理诉求
553,合理诉求
554,合理诉求
555,合理诉求
556,合理诉求
557,合理诉求
558,合理诉求
559,合理诉求
560,合理诉求
561,合理诉求
562,合理诉求
563,合理诉求
564,合理诉求
565,诉求偏高
566,合理诉求
567,合理诉求
568,合理诉求
569,合理诉求
570,合理诉求
571,合理诉求
572,合理诉求
573,合理诉求
574,诉求偏高
575,合理诉求
576,合理诉求
577,合理诉求
578,诉求偏高
579,合理诉求
580,合理诉求
581,合理诉求
582,诉求偏高
583,合理诉求
584,严重超额
585,合理诉求
586,合理诉求
587,诉求偏高
588,诉求偏高
589,合理诉求
590,合理诉求
591,合理诉求
592,合理诉求
593,合理诉求
594,合理诉求
595,合理诉求
596,诉求偏高
597,合理诉求
598,合理诉求
599,合理诉求
600,合理诉求
601,合理诉求
602,合理诉求
603,合理诉求
604,合理诉求
605,合理诉求
606,合理诉求
607,诉求偏高
608,合理诉求
609,合理诉求
610,合理诉求
611,合理诉求
612,合理诉求
613,合理诉求
614,合理诉求
615,合理诉求
616,合理诉求
617,合理诉求
618,合理诉求
619,合理诉求
620,合理诉求
621,合理诉求
622,合理诉求
623,合理诉求
624,合理诉求
625,合理诉求
626,合理诉求
627,合理诉求
628,合理诉求
629,合理诉求
630,合理诉求
631,合理诉求
632,合理诉求
633,诉求偏高
634,合理诉求
635,诉求偏高
636,合理诉求
637,合理诉求
638,合理诉求
639,合理诉求
640,合理诉求
641,合理诉求
642,合理诉求
643,合理诉求
644,合理诉求
645,合理诉求
646,诉求偏高
647,合理诉求
648,合理诉求
649,合理诉求
650,合理诉求
651,合理诉求
652,合理诉求
653,合理诉求
654,合理诉求
655,合理诉求
656,合理诉求
657,合理诉求
658,合理诉求
659,合理诉求
660,合理诉求
661,合理诉求
662,合理诉求
663,合理诉求
664,合理诉求
665,合理诉求
666,合理诉求
667,合理诉求
668,合理诉求
669,合理诉求
670,合理诉求
671,合理诉求
672,合理诉求
673,合理诉求
674,合理诉求
675,合理诉求
676,合理诉求
677,合理诉求
678,合理诉求
679,合理诉求
680,合理诉求
681,合理诉求
682,合理诉求
683,合理诉求
684,合理诉求
685,合理诉求
686,合理诉求
687,合理诉求
688,合理诉求
689,合理诉求
690,合理诉求
691,合理诉求
692,合理诉求
693,诉求偏高
694,合理诉求
695,合理诉求
696,合理诉求
697,合理诉求
698,合理诉求
699,合理诉求
700,合理诉求
701,合理诉求
702,合理诉求
703,合理诉求
704,合理诉求
705,合理诉求
706,合理诉求
707,合理诉求
708,合理诉求
709,合理诉求
710,合理诉求
711,合理诉求
712,合理诉求
713,合理诉求
714,合理诉求
715,合理诉求
716,合理诉求
717,合理诉求
718,合理诉求
719,合理诉求
720,合理诉求
721,合理诉求
722,合理诉求
723,合理诉求
724,合理诉求
725,合理诉求
726,合理诉求
727,合理诉求
728,合理诉求
729,合理诉求
730,合理诉求
731,合理诉求
732,合理诉求
733,合理诉求
734,合理诉求
735,合理诉求
736,合理诉求
737,合理诉求
738,合理诉求
739,合理诉求
740,合理诉求
741,合理诉求
742,合理诉求
743,合理诉求
744,合理诉求
745,合理诉求
746,诉求偏高
747,合理诉求
748,合理诉求
749,合理诉求
750,合理诉求
751,合理诉求
752,合理诉求
753,合理诉求
754,合理诉求
755,合理诉求
756,合理诉求
757,合理诉求
758,合理诉求
759,合理诉求
760,合理诉求
761,合理诉求
762,合理诉求
763,合理诉求
764,合理诉求
765,合理诉求
766,合理诉求
767,合理诉求
768,诉求偏高
769,合理诉求
770,合理诉求
771,合理诉求
772,合理诉求
773,合理诉求
774,合理诉求
775,合理诉求
776,合理诉求
777,合理诉求
778,合理诉求
779,合理诉求
780,合理诉求
781,合理诉求
782,合理诉求
783,合理诉求
784,合理诉求
785,合理诉求
786,合理诉求
787,合理诉求
788,合理诉求
789,合理诉求
790,合理诉求
791,合理诉求
792,诉求偏高
793,合理诉求
794,合理诉求
795,合理诉求
796,合理诉求
797,合理诉求
798,合理诉求
799,诉求偏高
800,合理诉求
801,合理诉求
802,合理诉求
803,合理诉求
804,合理诉求
805,合理诉求
806,合理诉求
807,合理诉求
808,合理诉求
809,合理诉求
810,合理诉求
811,合理诉求
812,诉求偏高
813,合理诉求
814,合理诉求
815,合理诉求
816,合理诉求
817,合理诉求
818,合理诉求
819,合理诉求
820,合理诉求
821,合理诉求
822,合理诉求
823,合理诉求
824,合理诉求
825,合理诉求
826,合理诉求
827,合理诉求
828,合理诉求
829,合理诉求
830,合理诉求
831,合理诉求
832,合理诉求
833,合理诉求
834,合理诉求
835,合理诉求
836,合理诉求
837,合理诉求
838,合理诉求
839,合理诉求
840,合理诉求
841,合理诉求
842,合理诉求
843,合理诉求
844,合理诉求
845,合理诉求
846,合理诉求
847,合理诉求
848,合理诉求
849,合理诉求
850,合理诉求
851,合理诉求
852,合理诉求
853,合理诉求
854,合理诉求
855,诉求偏高
856,合理诉求
857,合理诉求
858,合理诉求
859,合理诉求
860,合理诉求
861,合理诉求
862,合理诉求
863,合理诉求
864,合理诉求
865,合理诉求
866,合理诉求
867,合理诉求
868,合理诉求
869,合理诉求
870,合理诉求
871,合理诉求
872,诉求偏高
873,合理诉求
874,合理诉求
875,合理诉求
876,合理诉求
877,合理诉求
878,合理诉求
879,合理诉求
880,合理诉求
881,合理诉求
882,诉求偏高
883,合理诉求
884,合理诉求
885,合理诉求
886,合理诉求
887,合理诉求
888,合理诉求
889,合理诉求
890,合理诉求
891,合理诉求
892,合理诉求
893,合理诉求
894,合理诉求
895,合理诉求
896,合理诉求
897,合理诉求
898,合理诉求
899,合理诉求
900,诉求偏高
901,合理诉求
902,合理诉求
903,合理诉求
904,合理诉求
905,诉求偏高
906,合理诉求
907,合理诉求
908,合理诉求
909,合理诉求
910,诉求偏高
911,合理诉求
912,合理诉求
913,合理诉求
914,合理诉求
915,合理诉求
916,合理诉求
917,合理诉求
918,合理诉求
919,合理诉求
920,合理诉求
921,合理诉求
922,诉求偏高
923,合理诉求
924,合理诉求
925,诉求偏高
926,合理诉求
927,合理诉求
928,合理诉求
929,合理诉求
930,合理诉求
931,合理诉求
932,合理诉求
933,合理诉求
934,合理诉求
935,合理诉求
936,诉求偏高
937,合理诉求
938,合理诉求
939,合理诉求
940,合理诉求
941,合理诉求
942,合理诉求
943,合理诉求
944,合理诉求
945,合理诉求
946,合理诉求
947,合理诉求
948,合理诉求
949,合理诉求
950,诉求偏高
951,合理诉求
952,合理诉求
953,合理诉求
954,合理诉求
955,合理诉求
956,合理诉求
957,合理诉求
958,合理诉求
959,合理诉求
960,诉求偏高
961,合理诉求
962,诉求偏高
963,合理诉求
964,合理诉求
965,合理诉求
966,合理诉求
967,合理诉求
968,合理诉求
969,合理诉求
970,合理诉求
971,合理诉求
972,合理诉求
973,诉求偏高
974,合理诉求
975,合理诉求
976,合理诉求
977,合理诉求
978,合理诉求
979,合理诉求
980,合理诉求
981,合理诉求
982,合理诉求
983,合理诉求
984,合理诉求
985,合理诉求
986,合理诉求
987,合理诉求
988,合理诉求
989,合理诉求
990,合理诉求
991,合理诉求
992,合理诉求
993,合理诉求
994,诉求偏高
995,合理诉求
996,严重超额
997,合理诉求
998,合理诉求
999,合理诉求
1000,合理诉求
1001,诉求偏高
1002,合理诉求
1003,合理诉求
1004,合理诉求
1005,合理诉求
1006,合理诉求
1007,合理诉求
1008,合理诉求
1009,合理诉求
1010,诉求偏高
1011,诉求偏高
1012,合理诉求
1013,合理诉求
1014,合理诉求
1015,合理诉求
1016,合理诉求
1017,合理诉求
1018,诉求偏高
1019,合理诉求
1020,合理诉求
1021,合理诉求
1022,合理诉求
1023,合理诉求
1024,诉求偏高
1025,合理诉求
1026,合理诉求
1027,合理诉求
1028,合理诉求
1029,合理诉求
1030,合理诉求
1031,合理诉求
1032,合理诉求
1033,合理诉求
1034,合理诉求
1035,合理诉求
1036,合理诉求
1037,严重超额
1038,合理诉求
1039,诉求偏高
1040,合理诉求
1041,合理诉求
1042,合理诉求
1043,合理诉求
1044,合理诉求
1045,合理诉求
1046,诉求偏高
1047,合理诉求
1048,诉求偏高
1049,合理诉求
1050,合理诉求
1051,合理诉求
1052,合理诉求
1053,合理诉求
1054,合理诉求
1055,合理诉求
1056,合理诉求
1057,合理诉求
1058,合理诉求
1059,合理诉求
1060,合理诉求
1061,合理诉求
1062,合理诉求
1063,合理诉求
1064,合理诉求
1065,合理诉求
1066,合理诉求
1067,合理诉求
1068,合理诉求
1069,合理诉求
1070,合理诉求
1071,合理诉求
1072,诉求偏高
1073,合理诉求
1074,合理诉求
1075,合理诉求
1076,合理诉求
1077,合理诉求
1078,合理诉求
1079,合理诉求
1080,合理诉求
1081,合理诉求
1082,合理诉求
1083,合理诉求
1084,合理诉求
1085,合理诉求
1086,合理诉求
1087,合理诉求
1088,合理诉求
1089,合理诉求
1090,合理诉求
1091,合理诉求
1092,合理诉求
1093,合理诉求
1094,合理诉求
1095,合理诉求
1096,合理诉求
1097,合理诉求
1098,合理诉求
1099,合理诉求
1100,合理诉求
1101,合理诉求
1102,合理诉求
1103,合理诉求
1104,合理诉求
1105,合理诉求
1106,合理诉求
1107,合理诉求
1108,合理诉求
1109,合理诉求
1110,合理诉求
1111,合理诉求
1112,合理诉求
1113,合理诉求
1114,合理诉求
1115,合理诉求
1116,诉求偏高
1117,合理诉求
1118,诉求偏高
1119,合理诉求
1120,诉求偏高
1121,合理诉求
1122,合理诉求
1123,诉求偏高
1124,合理诉求
1125,合理诉求
1126,合理诉求
1127,合理诉求
1128,合理诉求
1129,合理诉求
1130,合理诉求
1131,合理诉求
1132,合理诉求
1133,合理诉求
1134,合理诉求
1135,合理诉求
1136,合理诉求
1137,合理诉求
1138,诉求偏高
1139,诉求偏高
1140,合理诉求
1141,诉求偏高
1142,合理诉求
1143,诉求偏高
1144,合理诉求
1145,合理诉求
1146,合理诉求
1147,合理诉求
1148,合理诉求
1149,合理诉求
1150,合理诉求
1151,合理诉求
1152,合理诉求
1153,合理诉求
1154,合理诉求
1155,合理诉求
1156,合理诉求
1157,合理诉求
1158,合理诉求
1159,诉求偏高
1160,合理诉求
1161,合理诉求
1162,合理诉求
1163,合理诉求
1164,合理诉求
1165,合理诉求
1166,合理诉求
1167,合理诉求
1168,诉求偏高
1169,合理诉求
1170,合理诉求
1171,合理诉求
1172,合理诉求
1173,合理诉求
1174,合理诉求
1175,诉求偏高
1176,合理诉求
1177,合理诉求
1178,合理诉求
1179,合理诉求
1180,合理诉求
1181,合理诉求
1182,合理诉求
1183,合理诉求
1184,合理诉求
1185,合理诉求
1186,合理诉求
1187,合理诉求
1188,合理诉求
1189,合理诉求
1190,诉求偏高
1191,合理诉求
1192,合理诉求
1193,诉求偏高
1194,合理诉求
1195,合理诉求
1196,合理诉求
1197,合理诉求
1198,合理诉求
1199,合理诉求
1200,诉求偏高
1201,合理诉求
1202,合理诉求
1203,合理诉求
1204,合理诉求
1205,诉求偏高
1206,合理诉求
1207,合理诉求
1208,合理诉求
1209,合理诉求
1210,合理诉求
1211,合理诉求
1212,合理诉求
1213,合理诉求
1214,合理诉求
1215,合理诉求
1216,合理诉求
1217,合理诉求
1218,合理诉求
1219,合理诉求
1220,合理诉求
1221,诉求偏高
1222,合理诉求
1223,合理诉求
1224,合理诉求
1225,合理诉求
1226,合理诉求
1227,合理诉求
1228,合理诉求
1229,合理诉求
1230,合理诉求
1231,合理诉求
1232,合理诉求
1233,合理诉求
1234,合理诉求
1235,合理诉求
1236,合理诉求
1237,合理诉求
1238,合理诉求
1239,合理诉求
1240,严重超额
1241,合理诉求
1242,合理诉求
1243,合理诉求
1244,合理诉求
1245,合理诉求
1246,合理诉求
1247,合理诉求
1248,合理诉求
1249,合理诉求
1250,合理诉求
1251,合理诉求
1252,合理诉求
1253,合理诉求
1254,合理诉求
1255,合理诉求
1256,合理诉求
1257,合理诉求
1258,合理诉求
1259,严重超额
1260,合理诉求
1261,合理诉求
1262,合理诉求
1263,合理诉求
1264,合理诉求
1265,合理诉求
1266,合理诉求
1267,诉求偏高
1268,合理诉求
1269,合理诉求
1270,合理诉求
1271,合理诉求
1272,合理诉求
1273,合理诉求
1274,合理诉求
1275,合理诉求
1276,严重超额
1277,合理诉求
1278,合理诉求
1279,合理诉求
1280,合理诉求
1281,合理诉求
1282,合理诉求
1283,诉求偏高
1284,合理诉求
1285,合理诉求
1286,合理诉求
1287,合理诉求
1288,合理诉求
1289,合理诉求
1290,合理诉求
1291,合理诉求
1292,合理诉求
1293,合理诉求
1294,合理诉求
1295,合理诉求
1296,合理诉求
1297,合理诉求
1298,合理诉求
1299,合理诉求
1300,合理诉求
1301,合理诉求
1302,合理诉求
1303,合理诉求
1304,合理诉求
1305,合理诉求
1306,合理诉求
1307,合理诉求
1308,合理诉求
1309,合理诉求
1310,诉求偏高
1311,合理诉求
1312,合理诉求
1313,诉求偏高
1314,合理诉求
1315,合理诉求
1316,合理诉求
1317,合理诉求
1318,合理诉求
1319,合理诉求
1320,合理诉求
1321,诉求偏高
1322,合理诉求
1323,合理诉求
1324,合理诉求
1325,合理诉求
1326,合理诉求
1327,合理诉求
1328,合理诉求
1329,合理诉求
1330,合理诉求
1331,合理诉求
1332,合理诉求
1333,诉求偏高
1334,合理诉求
1335,合理诉求
1336,诉求偏高
1337,合理诉求
1338,合理诉求
1339,合理诉求
1340,合理诉求
1341,诉求偏高
1342,合理诉求
1343,合理诉求
1344,合理诉求
1345,合理诉求
1346,合理诉求
1347,合理诉求
1348,诉求偏高
1349,合理诉求
1350,合理诉求
1351,合理诉求
1352,诉求偏高
1353,合理诉求
1354,合理诉求
1355,合理诉求
1356,合理诉求
1357,合理诉求
1358,合理诉求
1359,合理诉求
1360,严重超额
1361,合理诉求
1362,合理诉求
1363,合理诉求
1364,合理诉求
1365,合理诉求
1366,合理诉求
1367,合理诉求
1368,诉求偏高
1369,合理诉求
1370,合理诉求
1371,合理诉求
1372,诉求偏高
1373,合理诉求
1374,合理诉求
1375,合理诉求
1376,合理诉求
1377,合理诉求
1378,合理诉求
1379,合理诉求
1380,合理诉求
1381,合理诉求
1382,合理诉求
1383,合理诉求
1384,合理诉求
1385,合理诉求
1386,合理诉求
1387,合理诉求
1388,合理诉求
1389,合理诉求
1390,合理诉求
1391,合理诉求
1392,合理诉求
1393,合理诉求
1394,合理诉求
1395,合理诉求
1396,合理诉求
1397,合理诉求
1398,合理诉求
1399,合理诉求
1400,合理诉求
1401,合理诉求
1402,合理诉求
1403,诉求偏高
1404,合理诉求
1405,合理诉求
1406,合理诉求
1407,诉求偏高
1408,合理诉求
1409,合理诉求
1410,诉求偏高
1411,合理诉求
1412,合理诉求
1413,合理诉求
1414,合理诉求
1415,合理诉求
1416,合理诉求
1417,合理诉求
1418,合理诉求
1419,合理诉求
1420,合理诉求
1421,合理诉求
1422,合理诉求
1423,合理诉求
1424,严重超额
1425,合理诉求
1426,合理诉求
1427,合理诉求
1428,合理诉求
1429,合理诉求
1430,合理诉求
1431,合理诉求
1432,合理诉求
1433,合理诉求
1434,合理诉求
1435,合理诉求
1436,合理诉求
1437,合理诉求
1438,诉求偏高
1439,合理诉求
1440,合理诉求
1441,合理诉求
1442,合理诉求
1443,合理诉求
1444,合理诉求
1445,合理诉求
1446,合理诉求
1447,合理诉求
1448,合理诉求
1449,合理诉求
1450,合理诉求
1451,合理诉求
1452,合理诉求
1453,合理诉求
1454,合理诉求
1455,合理诉求
1456,合理诉求
1457,合理诉求
1458,合理诉求
1459,合理诉求
1460,合理诉求
1461,合理诉求
1462,合理诉求
1463,合理诉求
1464,合理诉求
1465,合理诉求
1466,合理诉求
1467,合理诉求
1468,合理诉求
1469,合理诉求
1470,合理诉求
1471,合理诉求
1472,合理诉求
1473,合理诉求
1474,诉求偏高
1475,合理诉求
1476,合理诉求
1477,合理诉求
1478,合理诉求
1479,诉求偏高
1480,合理诉求
1481,合理诉求
1482,合理诉求
1483,合理诉求
1484,合理诉求
1485,合理诉求
1486,合理诉求
1487,合理诉求
1488,合理诉求
1489,合理诉求
1490,合理诉求
1491,合理诉求
1492,合理诉求
1493,合理诉求
1494,合理诉求
1495,合理诉求
1496,合理诉求
1497,合理诉求
1498,合理诉求
1499,合理诉求
1500,合理诉求
1501,合理诉求
1502,合理诉求
1503,合理诉求
1504,合理诉求
1505,合理诉求
1506,合理诉求
1507,合理诉求
1508,合理诉求
1509,合理诉求
1510,诉求偏高
1511,合理诉求
1512,合理诉求
1513,合理诉求
1514,合理诉求
1515,合理诉求
1516,合理诉求
1517,诉求偏高
1518,诉求偏高
1519,合理诉求
1520,合理诉求
1521,合理诉求
1522,合理诉求
1523,合理诉求
1524,合理诉求
1525,合理诉求
1526,合理诉求
1527,合理诉求
1528,合理诉求
1529,合理诉求
1530,合理诉求
1531,合理诉求
1532,合理诉求
1533,合理诉求
1534,合理诉求
1535,合理诉求
1536,合理诉求
1537,合理诉求
1538,合理诉求
1539,合理诉求
1540,合理诉求
1541,合理诉求
1542,合理诉求
1543,合理诉求
1544,合理诉求
1545,合理诉求
1546,合理诉求
1547,诉求偏高
1548,合理诉求
1549,诉求偏高
1550,合理诉求
1551,合理诉求
1552,合理诉求
1553,合理诉求
1554,诉求偏高
1555,合理诉求
1556,合理诉求
1557,合理诉求
1558,合理诉求
1559,合理诉求
1560,合理诉求
1561,诉求偏高
1562,合理诉求
1563,合理诉求
1564,合理诉求
1565,合理诉求
1566,合理诉求
1567,合理诉求
1568,诉求偏高
1569,诉求偏高
1570,合理诉求
1571,合理诉求
1572,诉求偏高
1573,合理诉求
1574,合理诉求
1575,合理诉求
1576,合理诉求
1577,合理诉求
1578,合理诉求
1579,合理诉求
1580,合理诉求
1581,诉求偏高
1582,合理诉求
1583,诉求偏高
1584,合理诉求
1585,合理诉求
1586,合理诉求
1587,合理诉求
1588,合理诉求
1589,合理诉求
1590,合理诉求
1591,合理诉求
1592,诉求偏高
1593,合理诉求
1594,合理诉求
1595,诉求偏高
1596,合理诉求
1597,合理诉求
1598,合理诉求
1599,合理诉求
1600,诉求偏高
1601,诉求偏高
1602,合理诉求
1603,合理诉求
1604,合理诉求
1605,合理诉求
1606,合理诉求
1607,合理诉求
1608,合理诉求
1609,诉求偏高
1610,诉求偏高
1611,合理诉求
1612,合理诉求
1613,合理诉求
1614,合理诉求
1615,合理诉求
1616,合理诉求
1617,合理诉求
1618,合理诉求
1619,合理诉求
1620,合理诉求
1621,合理诉求
1622,合理诉求
1623,合理诉求
1624,诉求偏高
1625,合理诉求
1626,合理诉求
1627,合理诉求
1628,合理诉求
1629,合理诉求
1630,合理诉求
1631,诉求偏高
1632,合理诉求
1633,合理诉求
1634,合理诉求
1635,合理诉求
1636,合理诉求
1637,合理诉求
1638,合理诉求
1639,合理诉求
1640,合理诉求
1641,合理诉求
1642,合理诉求
1643,合理诉求
1644,合理诉求
1645,合理诉求
1646,合理诉求
1647,合理诉求
1648,合理诉求
1649,合理诉求
1650,诉求偏高
1651,合理诉求
1652,合理诉求
1653,合理诉求
1654,合理诉求
1655,合理诉求
1656,合理诉求
1657,合理诉求
1658,合理诉求
1659,合理诉求
1660,合理诉求
1661,合理诉求
1662,合理诉求
1663,诉求偏高
1664,合理诉求
1665,合理诉求
1666,合理诉求
1667,合理诉求
1668,合理诉求
1669,合理诉求
1670,合理诉求
1671,合理诉求
1672,合理诉求
1673,诉求偏高
1674,合理诉求
1675,诉求偏高
1676,合理诉求
1677,合理诉求
1678,诉求偏高
1679,合理诉求
1680,合理诉求
1681,合理诉求
1682,合理诉求
1683,合理诉求
1684,合理诉求
1685,合理诉求
1686,合理诉求
1687,合理诉求
1688,合理诉求
1689,合理诉求
1690,合理诉求
1691,合理诉求
1692,合理诉求
1693,合理诉求
1694,合理诉求
1695,合理诉求
1696,合理诉求
1697,合理诉求
1698,合理诉求
1699,合理诉求
1700,合理诉求
1701,合理诉求
1702,合理诉求
1703,合理诉求
1704,合理诉求
1705,合理诉求
1706,合理诉求
1707,合理诉求
1708,诉求偏高
1709,合理诉求
1710,合理诉求
1711,诉求偏高
1712,合理诉求
1713,合理诉求
1714,合理诉求
1715,诉求偏高
1716,合理诉求
1717,诉求偏高
1718,合理诉求
1719,合理诉求
1720,合理诉求
1721,合理诉求
1722,合理诉求
1723,合理诉求
1724,合理诉求
1725,合理诉求
1726,合理诉求
1727,合理诉求
1728,合理诉求
1729,合理诉求
1730,合理诉求
1731,合理诉求
1732,合理诉求
1733,合理诉求
1734,合理诉求
1735,合理诉求
1736,合理诉求
1737,合理诉求
1738,合理诉求
1739,合理诉求
1740,诉求偏高
1741,合理诉求
1742,合理诉求
1743,合理诉求
1744,合理诉求
1745,合理诉求
1746,合理诉求
1747,诉求偏高
1748,合理诉求
1749,合理诉求
1750,合理诉求
1751,合理诉求
1752,合理诉求
1753,合理诉求
1754,合理诉求
1755,合理诉求
1756,合理诉求
1757,诉求偏高
1758,合理诉求
1759,合理诉求
1760,诉求偏高
1761,合理诉求
1762,合理诉求
1763,诉求偏高
1764,合理诉求
1765,合理诉求
1766,合理诉求
1767,合理诉求
1768,合理诉求
1769,合理诉求
1770,合理诉求
1771,合理诉求
1772,合理诉求
1773,合理诉求
1774,合理诉求
1775,合理诉求
1776,合理诉求
1777,合理诉求
1778,诉求偏高
1779,合理诉求
1780,合理诉求
1781,合理诉求
1782,合理诉求
1783,合理诉求
1784,合理诉求
1785,合理诉求
1786,合理诉求
1787,合理诉求
1788,合理诉求
1789,合理诉求
1790,合理诉求
1791,合理诉求
1792,合理诉求
1793,合理诉求
1794,合理诉求
1795,合理诉求
1796,诉求偏高
1797,诉求偏高
1798,合理诉求
1799,合理诉求
1800,诉求偏高
1801,合理诉求
1802,合理诉求
1803,合理诉求
1804,合理诉求
1805,合理诉求
1806,合理诉求
1807,合理诉求
1808,合理诉求
1809,合理诉求
1810,合理诉求
1811,合理诉求
1812,合理诉求
1813,合理诉求
1814,合理诉求
1815,合理诉求
1816,合理诉求
1817,合理诉求
1818,合理诉求
1819,合理诉求
1820,合理诉求
1821,合理诉求
1822,合理诉求
1823,合理诉求
1824,合理诉求
1825,合理诉求
1826,合理诉求
1827,合理诉求
1828,合理诉求
1829,合理诉求
1830,合理诉求
1831,合理诉求
1832,合理诉求
1833,合理诉求
1834,诉求偏高
1835,诉求偏高
1836,合理诉求
1837,合理诉求
1838,合理诉求
1839,合理诉求
1840,合理诉求
1841,严重超额
1842,合理诉求
1843,合理诉求
1844,诉求偏高
1845,合理诉求
1846,合理诉求
1847,诉求偏高
1848,合理诉求
1849,合理诉求
1850,合理诉求
1851,合理诉求
1852,合理诉求
1853,合理诉求
1854,合理诉求
1855,合理诉求
1856,合理诉求
1857,合理诉求
1858,合理诉求
1859,合理诉求
1860,合理诉求
1861,合理诉求
1862,合理诉求
1863,合理诉求
1864,合理诉求
1865,合理诉求
1866,合理诉求
1867,诉求偏高
1868,合理诉求
1869,合理诉求
1870,诉求偏高
1871,合理诉求
1872,合理诉求
1873,合理诉求
1874,合理诉求
1875,合理诉求
1876,合理诉求
1877,合理诉求
1878,诉求偏高
1879,合理诉求
1880,合理诉求
1881,合理诉求
1882,合理诉求
1883,合理诉求
1884,合理诉求
1885,合理诉求
1886,合理诉求
1887,合理诉求
1888,合理诉求
1889,合理诉求
1890,合理诉求
1891,合理诉求
1892,合理诉求
1893,合理诉求
1894,合理诉求
1895,合理诉求
1896,合理诉求
1897,合理诉求
1898,诉求偏高
1899,合理诉求
1900,合理诉求
1901,合理诉求
1902,合理诉求
1903,合理诉求
1904,合理诉求
1905,合理诉求
1906,合理诉求
1907,合理诉求
1908,合理诉求
1909,合理诉求
1910,合理诉求
1911,合理诉求
1912,合理诉求
1913,合理诉求
1914,合理诉求
1915,合理诉求
1916,合理诉求
1917,合理诉求
1918,合理诉求
1919,合理诉求
1920,合理诉求
1921,诉求偏高
1922,合理诉求
1923,合理诉求
1924,合理诉求
1925,合理诉求
1926,合理诉求
1927,合理诉求
1928,合理诉求
1929,合理诉求
1930,合理诉求
1931,合理诉求
1932,合理诉求
1933,合理诉求
1934,合理诉求
1935,合理诉求
1936,合理诉求
1937,合理诉求
1938,合理诉求
1939,合理诉求
1940,合理诉求
1941,合理诉求
1942,合理诉求
1943,合理诉求
1944,合理诉求
1945,合理诉求
1946,合理诉求
1947,诉求偏高
1948,合理诉求
1949,合理诉求
1950,合理诉求
1951,合理诉求
1952,诉求偏高
1953,合理诉求
1954,合理诉求
1955,合理诉求
1956,合理诉求
1957,合理诉求
1958,诉求偏高
1959,合理诉求
1960,合理诉求
1961,合理诉求
1962,合理诉求
1963,合理诉求
1964,合理诉求
1965,合理诉求
1966,合理诉求
1967,合理诉求
1968,诉求偏高
1969,合理诉求
1970,合理诉求
1971,合理诉求
1972,合理诉求
1973,合理诉求
1974,合理诉求
1975,合理诉求
1976,合理诉求
1977,合理诉求
1978,合理诉求
1979,合理诉求
1980,合理诉求
1981,合理诉求
1982,合理诉求
1983,合理诉求
1984,合理诉求
1985,合理诉求
1986,合理诉求
1987,合理诉求
1988,合理诉求
1989,合理诉求
1990,诉求偏高
1991,合理诉求
1992,诉求偏高
1993,合理诉求
1994,合理诉求
1995,合理诉求
1996,合理诉求
1997,合理诉求
1998,合理诉求
1999,合理诉求
2000,合理诉求
2001,合理诉求
2002,合理诉求
2003,合理诉求
2004,合理诉求
2005,合理诉求
2006,合理诉求
2007,合理诉求
2008,合理诉求
2009,合理诉求
2010,合理诉求
2011,合理诉求
2012,合理诉求
2013,诉求偏高
2014,合理诉求
2015,合理诉求
2016,合理诉求
2017,合理诉求
2018,合理诉求
2019,合理诉求
2020,合理诉求
2021,合理诉求
2022,合理诉求
2023,严重超额
2024,合理诉求
2025,合理诉求
2026,合理诉求
2027,合理诉求
2028,合理诉求
2029,合理诉求
2030,合理诉求
2031,诉求偏高
2032,合理诉求
2033,合理诉求
2034,合理诉求
2035,合理诉求
2036,合理诉求
2037,诉求偏高
2038,合理诉求
2039,合理诉求
2040,合理诉求
2041,合理诉求
2042,合理诉求
2043,合理诉求
2044,合理诉求
2045,合理诉求
2046,合理诉求
2047,合理诉求
2048,合理诉求
2049,合理诉求
2050,合理诉求
2051,合理诉求
2052,合理诉求
2053,合理诉求
2054,合理诉求
2055,合理诉求
2056,合理诉求
2057,合理诉求
2058,合理诉求
2059,合理诉求
2060,合理诉求
2061,合理诉求
2062,合理诉求
2063,合理诉求
2064,合理诉求
2065,合理诉求
2066,合理诉求
2067,合理诉求
2068,合理诉求
2069,合理诉求
2070,合理诉求
2071,合理诉求
2072,合理诉求
2073,合理诉求
2074,合理诉求
2075,合理诉求
2076,合理诉求
2077,诉求偏高
2078,合理诉求
2079,合理诉求
2080,合理诉求
2081,合理诉求
2082,合理诉求
2083,合理诉求
2084,合理诉求
2085,合理诉求
2086,合理诉求
2087,合理诉求
2088,合理诉求
2089,合理诉求
2090,合理诉求
2091,合理诉求
2092,合理诉求
2093,合理诉求
2094,合理诉求
2095,合理诉求
2096,合理诉求
2097,诉求偏高
2098,合理诉求
2099,诉求偏高
2100,合理诉求
2101,合理诉求
2102,合理诉求
2103,合理诉求
2104,合理诉求
2105,合理诉求
2106,合理诉求
2107,合理诉求
2108,合理诉求
2109,合理诉求
2110,合理诉求
2111,合理诉求
2112,诉求偏高
2113,合理诉求
2114,严重超额
2115,合理诉求
2116,诉求偏高
2117,合理诉求
2118,合理诉求
2119,合理诉求
2120,合理诉求
2121,严重超额
2122,合理诉求
2123,合理诉求
2124,合理诉求
2125,合理诉求
2126,合理诉求
2127,合理诉求
2128,合理诉求
2129,合理诉求
2130,合理诉求
2131,合理诉求
2132,合理诉求
2133,合理诉求
2134,合理诉求
2135,合理诉求
2136,合理诉求
2137,合理诉求
2138,合理诉求
2139,合理诉求
2140,合理诉求
2141,合理诉求
2142,合理诉求
2143,合理诉求
2144,诉求偏高
2145,合理诉求
2146,合理诉求
2147,合理诉求
2148,诉求偏高
2149,合理诉求
2150,合理诉求
2151,合理诉求
2152,合理诉求
2153,合理诉求
2154,合理诉求
2155,合理诉求
2156,合理诉求
2157,合理诉求
2158,合理诉求
2159,合理诉求
2160,合理诉求
2161,合理诉求
2162,合理诉求
2163,合理诉求
2164,合理诉求
2165,合理诉求
2166,合理诉求
2167,合理诉求
2168,合理诉求
2169,合理诉求
2170,合理诉求
2171,合理诉求
2172,合理诉求
2173,合理诉求
2174,诉求偏高
2175,合理诉求
2176,合理诉求
2177,合理诉求
2178,合理诉求
2179,合理诉求
2180,合理诉求
2181,合理诉求
2182,合理诉求
2183,合理诉求
2184,合理诉求
2185,合理诉求
2186,合理诉求
2187,合理诉求
2188,合理诉求
2189,合理诉求
2190,合理诉求
2191,合理诉求
2192,合理诉求
2193,诉求偏高
2194,合理诉求
2195,合理诉求
2196,合理诉求
2197,合理诉求
2198,合理诉求
2199,合理诉求
2200,合理诉求
2201,合理诉求
2202,合理诉求
2203,合理诉求
2204,合理诉求
2205,合理诉求
2206,合理诉求
2207,合理诉求
2208,合理诉求
2209,合理诉求
2210,合理诉求
2211,合理诉求
2212,合理诉求
2213,合理诉求
2214,合理诉求
2215,合理诉求
2216,诉求偏高
2217,合理诉求
2218,诉求偏高
2219,诉求偏高
2220,合理诉求
2221,合理诉求
2222,合理诉求
2223,合理诉求
2224,合理诉求
2225,合理诉求
2226,合理诉求
2227,合理诉求
2228,合理诉求
2229,严重超额
2230,诉求偏高
2231,合理诉求
2232,合理诉求
2233,合理诉求
2234,诉求偏高
2235,合理诉求
2236,合理诉求
2237,合理诉求
2238,诉求偏高
2239,合理诉求
2240,诉求偏高
2241,诉求偏高
2242,合理诉求
2243,合理诉求
2244,合理诉求
2245,合理诉求
2246,合理诉求
2247,合理诉求
2248,合理诉求
2249,合理诉求
2250,合理诉求
2251,合理诉求
2252,合理诉求
2253,合理诉求
2254,诉求偏高
2255,诉求偏高
2256,合理诉求
2257,诉求偏高
2258,合理诉求
2259,合理诉求
2260,合理诉求
2261,合理诉求
2262,合理诉求
2263,合理诉求
2264,合理诉求
2265,合理诉求
2266,合理诉求
2267,合理诉求
2268,合理诉求
2269,合理诉求
2270,合理诉求
2271,合理诉求
2272,合理诉求
2273,合理诉求
2274,合理诉求
2275,合理诉求
2276,合理诉求
2277,合理诉求
2278,合理诉求
2279,合理诉求
2280,合理诉求
2281,合理诉求
2282,合理诉求
2283,合理诉求
2284,合理诉求
2285,合理诉求
2286,合理诉求
2287,合理诉求
2288,合理诉求
2289,合理诉求
2290,合理诉求
2291,合理诉求
2292,合理诉求
2293,合理诉求
2294,合理诉求
2295,合理诉求
2296,合理诉求
2297,合理诉求
2298,合理诉求
2299,诉求偏高
2300,合理诉求
2301,合理诉求
2302,合理诉求
2303,合理诉求
2304,合理诉求
2305,诉求偏高
2306,合理诉求
2307,合理诉求
2308,合理诉求
2309,合理诉求
2310,合理诉求
2311,合理诉求
2312,合理诉求
2313,合理诉求
2314,合理诉求
2315,合理诉求
2316,诉求偏高
2317,合理诉求
2318,合理诉求
2319,合理诉求
2320,合理诉求
2321,合理诉求
2322,合理诉求
2323,诉求偏高
2324,诉求偏高
2325,合理诉求
2326,合理诉求
2327,合理诉求
2328,合理诉求
2329,合理诉求
2330,合理诉求
2331,合理诉求
2332,合理诉求
2333,合理诉求
2334,合理诉求
2335,合理诉求
2336,合理诉求
2337,合理诉求
2338,诉求偏高
2339,合理诉求
2340,合理诉求
2341,合理诉求
2342,合理诉求
2343,合理诉求
2344,诉求偏高
2345,合理诉求
2346,诉求偏高
2347,合理诉求
2348,合理诉求
2349,合理诉求
2350,诉求偏高
2351,合理诉求
2352,合理诉求
2353,合理诉求
2354,合理诉求
2355,合理诉求
2356,合理诉求
2357,合理诉求
2358,合理诉求
2359,合理诉求
2360,合理诉求
2361,合理诉求
2362,合理诉求
2363,合理诉求
2364,合理诉求
2365,合理诉求
2366,合理诉求
2367,合理诉求
2368,合理诉求
2369,合理诉求
2370,诉求偏高
2371,合理诉求
2372,合理诉求
2373,合理诉求
2374,诉求偏高
2375,合理诉求
2376,合理诉求
2377,合理诉求
2378,合理诉求
2379,合理诉求
2380,合理诉求
2381,合理诉求
2382,合理诉求
2383,合理诉求
2384,合理诉求
2385,合理诉求
2386,合理诉求
2387,合理诉求
2388,合理诉求
2389,合理诉求
2390,合理诉求
2391,合理诉求
2392,合理诉求
2393,合理诉求
2394,合理诉求
2395,合理诉求
2396,合理诉求
2397,合理诉求
2398,合理诉求
2399,合理诉求
2400,合理诉求
2401,合理诉求
2402,合理诉求
2403,合理诉求
2404,合理诉求
2405,合理诉求
2406,合理诉求
2407,合理诉求
2408,合理诉求
2409,合理诉求
2410,合理诉求
2411,合理诉求
2412,合理诉求
2413,诉求偏高
2414,合理诉求
2415,合理诉求
2416,合理诉求
2417,合理诉求
2418,合理诉求
2419,合理诉求
2420,合理诉求
2421,合理诉求
2422,合理诉求
2423,合理诉求
2424,合理诉求
2425,合理诉求
2426,合理诉求
2427,合理诉求
2428,合理诉求
2429,诉求偏高
2430,合理诉求
2431,合理诉求
2432,诉求偏高
2433,合理诉求
2434,合理诉求
2435,合理诉求
2436,合理诉求
2437,合理诉求
2438,合理诉求
2439,合理诉求
2440,合理诉求
2441,合理诉求
2442,合理诉求
2443,合理诉求
2444,合理诉求
2445,合理诉求
2446,合理诉求
2447,合理诉求
2448,合理诉求
2449,合理诉求
2450,合理诉求
2451,合理诉求
2452,合理诉求
2453,合理诉求
2454,合理诉求
2455,合理诉求
2456,诉求偏高
2457,合理诉求
2458,合理诉求
2459,合理诉求
2460,合理诉求
2461,合理诉求
2462,合理诉求
2463,合理诉求
2464,诉求偏高
2465,合理诉求
2466,合理诉求
2467,合理诉求
2468,合理诉求
2469,合理诉求
2470,合理诉求
2471,合理诉求
2472,合理诉求
2473,合理诉求
2474,合理诉求
2475,合理诉求
2476,合理诉求
2477,合理诉求
2478,合理诉求
2479,合理诉求
2480,合理诉求
2481,合理诉求
2482,合理诉求
2483,合理诉求
2484,合理诉求
2485,合理诉求
2486,合理诉求
2487,合理诉求
2488,合理诉求
2489,合理诉求
2490,合理诉求
2491,合理诉求
2492,合理诉求
2493,合理诉求
2494,合理诉求
2495,诉求偏高
2496,合理诉求
2497,合理诉求
2498,合理诉求
2499,合理诉求
2500,合理诉求
2501,合理诉求
2502,合理诉求
2503,合理诉求
2504,合理诉求
2505,合理诉求
2506,诉求偏高
2507,合理诉求
2508,合理诉求
2509,合理诉求
2510,诉求偏高
2511,合理诉求
2512,合理诉求
2513,合理诉求
2514,合理诉求
2515,合理诉求
2516,合理诉求
2517,合理诉求
2518,合理诉求
2519,合理诉求
2520,合理诉求
2521,合理诉求
2522,合理诉求
2523,合理诉求
2524,合理诉求
2525,合理诉求
2526,严重超额
2527,诉求偏高
2528,诉求偏高
2529,合理诉求
2530,合理诉求
2531,合理诉求
2532,诉求偏高
2533,合理诉求
2534,合理诉求
2535,诉求偏高
2536,诉求偏高
2537,合理诉求
2538,诉求偏高
2539,合理诉求
2540,合理诉求
2541,合理诉求
2542,合理诉求
2543,合理诉求
2544,诉求偏高
2545,合理诉求
2546,合理诉求
2547,合理诉求
2548,合理诉求
2549,合理诉求
2550,合理诉求
2551,诉求偏高
2552,合理诉求
2553,合理诉求
2554,合理诉求
2555,合理诉求
2556,合理诉求
2557,诉求偏高
2558,诉求偏高
2559,合理诉求
2560,合理诉求
2561,合理诉求
2562,合理诉求
2563,合理诉求
2564,严重超额
2565,合理诉求
2566,合理诉求
2567,合理诉求
2568,合理诉求
2569,合理诉求
2570,合理诉求
2571,合理诉求
2572,合理诉求
2573,合理诉求
2574,合理诉求
2575,合理诉求
2576,合理诉求
2577,合理诉求
2578,合理诉求
2579,合理诉求
2580,合理诉求
2581,合理诉求
2582,诉求偏高
2583,合理诉求
2584,合理诉求
2585,合理诉求
2586,合理诉求
2587,合理诉求
2588,合理诉求
2589,合理诉求
2590,合理诉求
2591,合理诉求
2592,合理诉求
2593,合理诉求
2594,合理诉求
2595,合理诉求
2596,合理诉求
2597,合理诉求
2598,合理诉求
2599,合理诉求
2600,合理诉求
2601,合理诉求
2602,合理诉求
2603,合理诉求
2604,合理诉求
2605,诉求偏高
2606,合理诉求
2607,合理诉求
2608,合理诉求
2609,合理诉求
2610,合理诉求
2611,合理诉求
2612,合理诉求
2613,合理诉求
2614,合理诉求
2615,合理诉求
2616,合理诉求
2617,合理诉求
2618,合理诉求
2619,合理诉求
2620,合理诉求
2621,诉求偏高
2622,合理诉求
2623,合理诉求
2624,合理诉求
2625,合理诉求
2626,合理诉求
2627,合理诉求
2628,合理诉求
2629,合理诉求
2630,合理诉求
2631,合理诉求
2632,合理诉求
2633,合理诉求
2634,合理诉求
2635,合理诉求
2636,合理诉求
2637,合理诉求
2638,合理诉求
2639,合理诉求
2640,合理诉求
2641,合理诉求
2642,合理诉求
2643,合理诉求
2644,合理诉求
2645,合理诉求
2646,严重超额
2647,合理诉求
2648,合理诉求
2649,诉求偏高
2650,诉求偏高
2651,合理诉求
2652,合理诉求
2653,合理诉求
2654,合理诉求
2655,合理诉求
2656,合理诉求
2657,诉求偏高
2658,诉求偏高
2659,合理诉求
2660,合理诉求
2661,合理诉求
2662,合理诉求
2663,合理诉求
2664,合理诉求
2665,诉求偏高
2666,合理诉求
2667,合理诉求
2668,合理诉求
2669,合理诉求
2670,诉求偏高
2671,诉求偏高
2672,合理诉求
2673,合理诉求
2674,合理诉求
2675,合理诉求
2676,诉求偏高
2677,合理诉求
2678,合理诉求
2679,合理诉求
2680,严重超额
2681,合理诉求
2682,合理诉求
2683,诉求偏高
2684,诉求偏高
2685,合理诉求
2686,合理诉求
2687,合理诉求
2688,合理诉求
2689,合理诉求
2690,合理诉求
2691,合理诉求
2692,合理诉求
2693,合理诉求
2694,合理诉求
2695,合理诉求
2696,合理诉求
2697,合理诉求
2698,合理诉求
2699,合理诉求
2700,合理诉求
2701,合理诉求
2702,合理诉求
2703,合理诉求
2704,合理诉求
2705,合理诉求
2706,合理诉求
2707,合理诉求
2708,合理诉求
2709,合理诉求
2710,合理诉求
2711,合理诉求
2712,合理诉求
2713,合理诉求
2714,合理诉求
2715,合理诉求
2716,合理诉求
2717,合理诉求
2718,合理诉求
2719,合理诉求
2720,诉求偏高
2721,合理诉求
2722,诉求偏高
2723,合理诉求
2724,合理诉求
2725,合理诉求
2726,合理诉求
2727,合理诉求
2728,合理诉求
2729,诉求偏高
2730,合理诉求
2731,诉求偏高
2732,合理诉求
2733,合理诉求
2734,合理诉求
2735,诉求偏高
2736,合理诉求
2737,合理诉求
2738,合理诉求
2739,合理诉求
2740,合理诉求
2741,合理诉求
2742,合理诉求
2743,合理诉求
2744,合理诉求
2745,合理诉求
2746,合理诉求
2747,合理诉求
2748,合理诉求
2749,合理诉求
2750,合理诉求
2751,合理诉求
2752,合理诉求
2753,合理诉求
2754,合理诉求
2755,合理诉求
2756,合理诉求
2757,合理诉求
2758,合理诉求
2759,合理诉求
2760,合理诉求
2761,合理诉求
2762,合理诉求
2763,合理诉求
2764,合理诉求
2765,合理诉求
2766,合理诉求
2767,合理诉求
2768,合理诉求
2769,诉求偏高
2770,合理诉求
2771,合理诉求
2772,合理诉求
2773,合理诉求
2774,合理诉求
2775,合理诉求
2776,合理诉求
2777,合理诉求
2778,合理诉求
2779,合理诉求
2780,合理诉求
2781,合理诉求
2782,合理诉求
2783,合理诉求
2784,严重超额
2785,合理诉求
2786,合理诉求
2787,合理诉求
2788,合理诉求
2789,合理诉求
2790,合理诉求
2791,合理诉求
2792,合理诉求
